Folder1,Folder2,AST Edit Distance,DFG Edit Distance,PDG Edit Distance,Passed Or Failed,BLEU score
f113351e-c11e-434f-8ef0-dbe86be4abf8,8d58e499-c827-4f5c-aaab-0ca95e181e98,13.0,0.0,0.0,Passed,0.6264212925726487
f113351e-c11e-434f-8ef0-dbe86be4abf8,cb1061c0-8d8d-49be-bbdb-8a8b079b6fa3,10.0,0.0,0.0,Passed,0.5815923577585229
f113351e-c11e-434f-8ef0-dbe86be4abf8,ddcb9c67-0e45-45db-a124-fb95212bde26,27.0,0.0,0.0,Failed,0.5815923577585229
