Folder1,Folder2,AST Edit Distance,DFG Edit Distance,PDG Edit Distance,Passed Or Failed,ROUGE-2
050927c8-ed55-43dc-a43c-cbe23bf0ea64,a51d8cfd-4a06-4133-b4b8-671e2662b86a,File Not Found,File Not Found,File Not Found,Passed,0.7368421052631577
050927c8-ed55-43dc-a43c-cbe23bf0ea64,7851f4d3-046f-4d0c-a39b-e9d0b5a40d50,66.0,0.0,0.0,Passed,0.7222222222222223
050927c8-ed55-43dc-a43c-cbe23bf0ea64,cb093a18-909f-4472-a80d-2a6425db16f8,63.0,0.0,0.0,Passed,0.7222222222222223
050927c8-ed55-43dc-a43c-cbe23bf0ea64,bb454072-17cf-4a8a-a70d-a39f5db1b96a,81.0,0.0,0.0,Passed,0.6857142857142857
050927c8-ed55-43dc-a43c-cbe23bf0ea64,c5ec0931-3aa3-4f12-b463-dda50ca58bb2,84.0,0.0,0.0,Failed,0.6857142857142857
