Folder1,Folder2,AST Edit Distance,DFG Edit Distance,PDG Edit Distance,Passed Or Failed,ROUGE-2
021a0f6f-1763-4cc4-8d0a-06efa6ae4b48,071b4e43-4f31-47f3-9892-be11a752c052,0.0,0.0,0.0,Passed,0.8732394366197184
021a0f6f-1763-4cc4-8d0a-06efa6ae4b48,4a6ea92f-6411-422a-ba38-069c847e559d,0.0,0.0,0.0,Passed,0.8285714285714285
021a0f6f-1763-4cc4-8d0a-06efa6ae4b48,84d91299-c042-4ac5-81ae-915f9f0e3e79,0.0,0.0,0.0,Passed,0.8285714285714285
021a0f6f-1763-4cc4-8d0a-06efa6ae4b48,aa0f3258-3ded-4a86-80c9-fad9f4a632cc,0.0,0.0,0.0,Passed,0.8285714285714285
021a0f6f-1763-4cc4-8d0a-06efa6ae4b48,eb0113a7-d51a-4002-afe4-0e172dd97fc9,0.0,0.0,0.0,Failed,0.8169014084507041
