Folder1,Folder2,AST Edit Distance,DFG Edit Distance,PDG Edit Distance,Passed Or Failed,ROUGE-L
4d8601f4-8783-4630-a21c-dfd2e96d4eab,001997c3-a12c-4e11-aee4-7602df4443ff,9.0,0.0,0.0,Passed,0.7826086956521738
4d8601f4-8783-4630-a21c-dfd2e96d4eab,d2059471-2dbd-4a7f-aaaf-d3a2b11a6aae,9.0,0.0,0.0,Passed,0.7826086956521738
4d8601f4-8783-4630-a21c-dfd2e96d4eab,104af837-b4a1-45cd-9373-6a317d4b5a3b,6.0,0.0,0.0,Passed,0.7272727272727274
4d8601f4-8783-4630-a21c-dfd2e96d4eab,8cf7a937-b2d0-415a-975c-4254d6f1fb8a,15.0,0.0,0.0,Passed,0.7272727272727274
4d8601f4-8783-4630-a21c-dfd2e96d4eab,0733efd1-4444-471e-bf05-8fd3c2d781ba,6.0,57.0,65.0,Passed,0.6956521739130435
4d8601f4-8783-4630-a21c-dfd2e96d4eab,07403362-0b67-412d-bce0-e58334bc97c1,37.0,67.0,99.0,Passed,0.6956521739130435
4d8601f4-8783-4630-a21c-dfd2e96d4eab,2115cc15-875f-4b6a-ad0f-d255f3f7b3e2,8.0,0.0,0.0,Passed,0.6956521739130435
4d8601f4-8783-4630-a21c-dfd2e96d4eab,22efa003-84b9-4a07-92fb-bd59020f8d8c,74.0,80.0,92.0,Failed,0.6956521739130435
