Folder1,Folder2,AST Edit Distance,DFG Edit Distance,PDG Edit Distance,Passed Or Failed,Similarity Score during Execution
8204dad1-5719-4f07-9466-d050807b4b64,db9b4aa6-598b-4f82-a870-8b0bc640bc04,6.0,0.0,0.0,Passed,1.33124840259552
8204dad1-5719-4f07-9466-d050807b4b64,d9dac6aa-6081-46dd-9256-ab684953467c,1.0,0.0,0.0,Passed,1.312039852142334
8204dad1-5719-4f07-9466-d050807b4b64,da89d03b-ead6-4c4e-85c5-0a0c6c37787d,0.0,0.0,0.0,Passed,1.3062856197357178
8204dad1-5719-4f07-9466-d050807b4b64,1884f8a7-113c-4ba5-8b52-b71ee8210a82,1.0,0.0,0.0,Passed,1.2988555431365967
8204dad1-5719-4f07-9466-d050807b4b64,1f0e5b80-70a0-464b-919e-172cadd57607,0.0,0.0,0.0,Passed,1.2928024530410767
8204dad1-5719-4f07-9466-d050807b4b64,d60865f1-11ec-4f11-8287-4a0b8d75283d,1.0,0.0,0.0,Passed,1.2861939668655396
8204dad1-5719-4f07-9466-d050807b4b64,7c294a6c-cb6a-408c-b080-1dd96266491a,1.0,0.0,0.0,Passed,1.2835304737091064
8204dad1-5719-4f07-9466-d050807b4b64,e6a63a2b-6bad-4faf-b99a-406fd81b699c,3.0,0.0,0.0,Passed,1.268775224685669
8204dad1-5719-4f07-9466-d050807b4b64,cebf437d-804e-4f5f-b701-962fcc9a5109,6.0,0.0,0.0,Failed,1.2676175832748413
