Folder1,Folder2,AST Edit Distance,DFG Edit Distance,PDG Edit Distance,Passed Or Failed,BLEU score
9a9feb07-1978-45c2-846f-1fcfb1272582,a1499e4a-f3b5-48d0-b710-b999a7c0a985,5.0,0.0,0.0,Passed,0.6302027018418502
9a9feb07-1978-45c2-846f-1fcfb1272582,8b47ad1b-ca44-4724-9f5b-07933b1871cf,5.0,59.0,82.0,Failed,0.5498600114274946
