Folder1,Folder2,AST Edit Distance,DFG Edit Distance,PDG Edit Distance,Passed Or Failed,Similarity Score during Execution
c4c783cc-2ed4-481c-bdc1-658029b59568,1345f9f3-523e-4fc0-91cc-f4a5de1f730f,0.0,0.0,0.0,Passed,1.1629307270050049
c4c783cc-2ed4-481c-bdc1-658029b59568,9fbe6a41-587b-4832-bb48-42d15b185500,1.0,0.0,0.0,Passed,1.0620183944702148
c4c783cc-2ed4-481c-bdc1-658029b59568,bb6d731e-0427-4101-a8b8-a1c3aabad46e,0.0,0.0,0.0,Passed,1.0381510257720947
c4c783cc-2ed4-481c-bdc1-658029b59568,68c72078-c03e-4276-9cc1-d54f68c1c279,0.0,0.0,0.0,Passed,0.9967794418334961
c4c783cc-2ed4-481c-bdc1-658029b59568,ec04d5c3-3223-4e9f-a070-f970eae238da,0.0,0.0,0.0,Passed,0.9804578423500061
c4c783cc-2ed4-481c-bdc1-658029b59568,92f9bc50-0ecb-4d68-97ec-cea54386d71b,0.0,0.0,0.0,Passed,0.9726647138595581
c4c783cc-2ed4-481c-bdc1-658029b59568,885503bb-2d27-43aa-b4c9-3bddc1ca4650,0.0,0.0,0.0,Passed,0.9096659421920776
c4c783cc-2ed4-481c-bdc1-658029b59568,332bd8ef-0e3b-45db-b071-af047c20bf11,15.0,91.0,130.0,Failed,0.8992435336112976
