Folder1,Folder2,AST Edit Distance,DFG Edit Distance,PDG Edit Distance,Passed Or Failed,ChrF Score
c01dee8c-e574-49f9-93aa-177850a3f6d8,0a88e0a5-7dde-49cf-a483-94a33da4faba,40.0,0.0,0.0,Passed,19.01671582194517
c01dee8c-e574-49f9-93aa-177850a3f6d8,5779d1de-35cc-492c-9ed6-7a59ab5c90a0,22.0,27.0,36.0,Passed,17.597652493082595
c01dee8c-e574-49f9-93aa-177850a3f6d8,69da90f8-46a8-4a5b-98ed-4e4135db514d,40.0,23.0,39.0,Passed,17.453143951996598
c01dee8c-e574-49f9-93aa-177850a3f6d8,34b6452c-75e3-44b8-a0e7-f9683a0f4e4c,22.0,15.0,22.0,Passed,17.292344431960075
c01dee8c-e574-49f9-93aa-177850a3f6d8,3904a995-dd3f-4797-9006-c3f6eb07255e,22.0,110.0,170.0,Failed,17.120176709397832
