Folder1,Folder2,AST Edit Distance,DFG Edit Distance,PDG Edit Distance,Passed Or Failed,BLEU score
e5627bb5-4db6-4121-970f-42d4e8c88c36,72fb2ba5-da56-43f1-8912-bdbb1749442f,1.0,0.0,0.0,Passed,0.6517100417814794
e5627bb5-4db6-4121-970f-42d4e8c88c36,8f9d158f-61bd-43e3-b212-9bac0a0d02d3,0.0,0.0,0.0,Passed,0.6517100417814794
e5627bb5-4db6-4121-970f-42d4e8c88c36,a2b29b29-8411-4093-ac05-33cb3a8f60fe,1.0,0.0,0.0,Passed,0.6226716620273212
e5627bb5-4db6-4121-970f-42d4e8c88c36,0546f75f-5972-4535-9c94-a242e851e665,26.0,0.0,0.0,Failed,0.5763636231424318
