Folder1,Folder2,AST Edit Distance,DFG Edit Distance,PDG Edit Distance,Passed Or Failed,ChrF Score
0af6c287-adb9-4832-a740-97998cce1197,4a96a08f-05dd-4187-9a14-05011557cebd,4.0,8.0,14.0,Passed,82.94632356796923
0af6c287-adb9-4832-a740-97998cce1197,b2033aec-ffe5-469c-aa83-40bdf276d55d,34.0,22.0,41.0,Passed,82.94632356796923
0af6c287-adb9-4832-a740-97998cce1197,faeb3d3f-e905-48d1-bfdc-27b9d009295f,56.0,70.0,115.0,Failed,82.71612044786743
