Folder1,Folder2,AST Edit Distance,DFG Edit Distance,PDG Edit Distance,Passed Or Failed,ChrF Score
b1226e88-8cff-46e2-ae3b-728f8445b0a7,3d247eb9-cc72-42a2-a81f-64564c5e5ff2,29.0,69.0,89.0,Passed,86.44782802782179
b1226e88-8cff-46e2-ae3b-728f8445b0a7,59e33ed9-b049-4bac-87b3-fb64b85bd4ff,4.0,50.0,70.0,Passed,82.62864262176649
b1226e88-8cff-46e2-ae3b-728f8445b0a7,89b4a3e9-cf70-49e5-93ae-217c6bd5d123,29.0,0.0,0.0,Passed,82.62864262176649
b1226e88-8cff-46e2-ae3b-728f8445b0a7,4dc0cc2b-6c68-41a9-a94c-10d976474e6a,32.0,69.0,89.0,Passed,82.45741042673039
b1226e88-8cff-46e2-ae3b-728f8445b0a7,928dc5c1-9f35-44fb-a47e-4dac6d61334d,4.0,129.0,194.0,Failed,82.2730444615678
