Folder1,Folder2,AST Edit Distance,DFG Edit Distance,PDG Edit Distance,Passed Or Failed,BLEU score
ca94a6e3-b5ad-4799-8d7a-2c22b34c35c3,31722db6-8ecf-485b-8850-e132645ae07f,23.0,37.0,55.0,Passed,0.4150435842556835
ca94a6e3-b5ad-4799-8d7a-2c22b34c35c3,66e0a2af-c479-4feb-b9c6-045916c27eb9,28.0,38.0,49.0,Passed,0.4150435842556835
ca94a6e3-b5ad-4799-8d7a-2c22b34c35c3,726ed66b-a5fc-4eeb-9a7c-a092b14c0331,29.0,27.0,30.0,Passed,0.4150435842556835
ca94a6e3-b5ad-4799-8d7a-2c22b34c35c3,96b15eec-266d-4148-a049-5fcda9cd5559,27.0,38.0,58.0,Passed,0.4150435842556835
ca94a6e3-b5ad-4799-8d7a-2c22b34c35c3,b7223a64-4aa3-4e0b-86b1-b28fc04fdb20,48.0,41.0,49.0,Failed,0.4150435842556835
