Folder1,Folder2,AST Edit Distance,DFG Edit Distance,PDG Edit Distance,Passed Or Failed,ROUGE-L
c94f0aa0-a279-49e6-9021-b1750d9140f1,c0a6c1a0-7b16-4874-b593-cf6ba2724c9b,0.0,0.0,0.0,Passed,0.8333333333333333
c94f0aa0-a279-49e6-9021-b1750d9140f1,f0777b50-a0a5-4b6a-98e4-569d5dbfdbc3,0.0,0.0,0.0,Failed,0.8333333333333333
