Folder1,Folder2,AST Edit Distance,DFG Edit Distance,PDG Edit Distance,Passed Or Failed,Cosine Similarity
3b061828-95c9-4ac0-a670-003c9557156c,750ee945-d4e4-4c65-91b2-f615c78f3b10,0.0,0.0,0.0,Passed,0.9981396198272705
3b061828-95c9-4ac0-a670-003c9557156c,d1a8c934-cd60-4756-a7e4-fb5e2af085ce,0.0,0.0,0.0,Passed,0.9981396198272705
3b061828-95c9-4ac0-a670-003c9557156c,421a71fa-3103-4ea7-bb57-75022aac37d3,1.0,0.0,0.0,Passed,0.9979814887046814
3b061828-95c9-4ac0-a670-003c9557156c,982a9c1a-4807-4064-aaeb-50a29bda1ae2,0.0,0.0,0.0,Passed,0.9979814887046814
3b061828-95c9-4ac0-a670-003c9557156c,113ca541-ef44-4cad-a0e2-533a06ce27f3,1.0,0.0,0.0,Passed,0.9979807138442993
3b061828-95c9-4ac0-a670-003c9557156c,42af741c-bfca-4055-9a75-4c69a4a9dbc4,1.0,0.0,0.0,Passed,0.9979807138442993
3b061828-95c9-4ac0-a670-003c9557156c,4528a79a-ec84-404d-b015-32afa4ded79a,3.0,41.0,61.0,Failed,0.9979807138442993
