Folder1,Folder2,AST Edit Distance,DFG Edit Distance,PDG Edit Distance,Passed Or Failed,Cosine Similarity
f668ecaa-8c2c-477e-851f-ebd971657cdc,439c37a8-f90b-41af-8c72-6dd3e90c106c,33.0,68.0,102.0,Passed,0.9971239566802979
f668ecaa-8c2c-477e-851f-ebd971657cdc,62c087da-41dc-49b9-8870-bb39a552ee9b,33.0,37.0,52.0,Passed,0.9971239566802979
f668ecaa-8c2c-477e-851f-ebd971657cdc,7604e1ad-41fc-48a5-8547-737950373983,33.0,47.0,69.0,Passed,0.9969632625579834
f668ecaa-8c2c-477e-851f-ebd971657cdc,a562fccb-6836-48c4-b65c-89a7e147bc11,94.0,98.0,145.0,Failed,0.9969632625579834
