Folder1,Folder2,AST Edit Distance,DFG Edit Distance,PDG Edit Distance,Passed Or Failed,Meteor Score
920ea559-0a16-4b06-8628-dd618e56b5dc,0a515de0-635e-4732-91d0-1484a7aec029,45.0,0.0,0.0,Passed,0.9565161246855911
920ea559-0a16-4b06-8628-dd618e56b5dc,04536cc2-9fbb-48b7-a3d7-3d4299362352,49.0,0.0,0.0,Passed,0.9347355797493359
920ea559-0a16-4b06-8628-dd618e56b5dc,0fe581d1-004f-43e8-af55-ac1b0240d661,49.0,0.0,0.0,Passed,0.9347355797493359
920ea559-0a16-4b06-8628-dd618e56b5dc,10f2b3ad-c812-46a1-bdc4-aadbb188735e,16.0,66.0,0.0,Failed,0.9347355797493359
