Folder1,Folder2,AST Edit Distance,DFG Edit Distance,PDG Edit Distance,Passed Or Failed,ROUGE-L
9d30bd14-6f72-4910-ab46-fd88d3863209,0ef9fd74-454f-4595-af88-6384685a585b,0.0,0.0,0.0,Passed,0.7878787878787878
9d30bd14-6f72-4910-ab46-fd88d3863209,8feb96bb-03ac-4b87-9a0c-0b17ff6723e1,9.0,0.0,0.0,Failed,0.7878787878787878
