Folder1,Folder2,AST Edit Distance,DFG Edit Distance,PDG Edit Distance,Passed Or Failed,BLEU score
c49760f5-fb14-4fbf-aad5-22be4eccf131,e6dd1230-eb4c-4158-a9c2-41d3c2e8f229,40.0,0.0,0.0,Passed,0.27010074174938287
c49760f5-fb14-4fbf-aad5-22be4eccf131,96586104-723c-40a5-acc9-fba23f66acbf,38.0,0.0,0.0,Passed,0.2373488414075553
c49760f5-fb14-4fbf-aad5-22be4eccf131,bcf54080-f1a5-4f14-9108-52e232582491,37.0,0.0,0.0,Passed,0.2373488414075553
c49760f5-fb14-4fbf-aad5-22be4eccf131,cbd0c136-7edf-434a-adcf-5eb5f2358e0a,41.0,0.0,0.0,Failed,0.2373488414075553
