Folder1,Folder2,AST Edit Distance,DFG Edit Distance,PDG Edit Distance,Passed Or Failed,Cosine Similarity
7c9b2d04-7581-4732-89c4-f266fa72096f,0af5eceb-98d8-4ee6-aa58-11b70da9e726,1.0,0.0,0.0,Passed,0.9982598423957825
7c9b2d04-7581-4732-89c4-f266fa72096f,bab7df83-aff0-46c4-baeb-a93ce8d04ae3,1.0,0.0,0.0,Passed,0.9982598423957825
7c9b2d04-7581-4732-89c4-f266fa72096f,0c1c5962-1b03-48c8-b77c-abc668551c4e,27.0,37.0,0.0,Failed,0.9982219934463501
