Folder1,Folder2,AST Edit Distance,DFG Edit Distance,PDG Edit Distance,Passed Or Failed,ROUGE-L
e6a03e70-6220-4999-91f6-c575af1ad0fd,aba67970-c286-4b31-97d4-10eea844bc9e,12.0,16.0,24.0,Passed,0.9473684210526315
e6a03e70-6220-4999-91f6-c575af1ad0fd,e02d8ff1-99b0-4969-ab61-534f6b95a669,18.0,28.0,51.0,Failed,0.9473684210526315
