Folder1,Folder2,AST Edit Distance,DFG Edit Distance,PDG Edit Distance,Passed Or Failed,Similarity Score during Execution
00f1c84f-5a56-40f7-8e6c-96745f951a64,ae220c86-d388-4b0a-8ed2-1daa40d9dd50,0.0,0.0,0.0,Passed,1.2933040857315063
00f1c84f-5a56-40f7-8e6c-96745f951a64,d5fbd6a9-b229-4a5a-88aa-15210a82040a,10.0,0.0,0.0,Passed,1.2802447080612183
00f1c84f-5a56-40f7-8e6c-96745f951a64,1b784e28-a9b1-41cb-959b-f37f2f82c61d,10.0,0.0,0.0,Passed,1.2430588006973267
00f1c84f-5a56-40f7-8e6c-96745f951a64,051fb457-4361-443e-97ec-d18f43a86c0d,19.0,9.0,18.0,Passed,1.2227296829223633
00f1c84f-5a56-40f7-8e6c-96745f951a64,ff985d02-afef-4818-bbdf-04ea3f686cb9,12.0,96.0,141.0,Failed,1.2198848724365234
