Folder1,Folder2,AST Edit Distance,DFG Edit Distance,PDG Edit Distance,Passed Or Failed,Cosine Similarity
5d3321d9-8781-46ce-bc76-ce667ba46a05,aafd5234-7340-454d-8863-5f401cbc87e0,262.0,0.0,0.0,Passed,0.9973790049552917
5d3321d9-8781-46ce-bc76-ce667ba46a05,fbe68e11-9120-42b6-bf1a-2407a84cf0bc,255.0,0.0,0.0,Passed,0.9973790049552917
5d3321d9-8781-46ce-bc76-ce667ba46a05,3ca32d62-5aee-49eb-9247-4aa87e622d91,298.0,0.0,0.0,Failed,0.9968637824058533
