Folder1,Folder2,AST Edit Distance,DFG Edit Distance,PDG Edit Distance,Passed Or Failed,BLEU score
b3a3c0e6-2f42-4081-a219-f8c124309724,76e88ccd-586b-4165-813d-0fa30af139b4,0.0,0.0,0.0,Passed,0.4875889771998778
b3a3c0e6-2f42-4081-a219-f8c124309724,84d3b4e9-1d95-485d-b9d5-8c84d8575b87,2.0,0.0,0.0,Failed,0.4875889771998778
