Folder1,Folder2,AST Edit Distance,DFG Edit Distance,PDG Edit Distance,Passed Or Failed,ChrF Score
3cb49788-3b20-45b4-a570-83490e8eac28,fe20fa9e-4a5f-4488-a8d8-9d481d7f9637,15.0,40.0,62.0,Passed,87.90197502349382
3cb49788-3b20-45b4-a570-83490e8eac28,4f64ca6b-0787-450c-909a-53de51e4a2f5,34.0,50.0,90.0,Failed,87.2605932795812
