Folder1,Folder2,AST Edit Distance,DFG Edit Distance,PDG Edit Distance,Passed Or Failed,Cosine Similarity
ed0cd161-f31f-48a8-8813-65fcd56dae11,57fcf8ef-123d-4e67-b8a2-bdd19f3834b0,0.0,0.0,0.0,Passed,0.9957429766654968
ed0cd161-f31f-48a8-8813-65fcd56dae11,d4e58244-7219-4782-af47-2dd99ba72513,1.0,0.0,0.0,Passed,0.9957429766654968
ed0cd161-f31f-48a8-8813-65fcd56dae11,5c1550e6-dd6c-4e55-8802-1547b97bf71c,1.0,32.0,41.0,Passed,0.9955742359161377
ed0cd161-f31f-48a8-8813-65fcd56dae11,63bd3160-5695-4b88-8df8-7ab8b866bbd6,7.0,32.0,41.0,Passed,0.9955742359161377
ed0cd161-f31f-48a8-8813-65fcd56dae11,0c40be89-0a07-49f3-b498-736d59179c67,0.0,0.0,0.0,Passed,0.9950125217437744
ed0cd161-f31f-48a8-8813-65fcd56dae11,a549dbe2-7d26-4ff8-a000-702f5e3ccd64,0.0,0.0,0.0,Passed,0.9950125217437744
ed0cd161-f31f-48a8-8813-65fcd56dae11,515fa02b-a732-493a-a461-5e988706706f,0.0,0.0,0.0,Passed,0.9949161410331726
ed0cd161-f31f-48a8-8813-65fcd56dae11,d011190b-24e9-47b2-b44e-2b4e4ab19e83,1.0,45.0,64.0,Failed,0.9949161410331726
