Folder1,Folder2,AST Edit Distance,DFG Edit Distance,PDG Edit Distance,Passed Or Failed,ROUGE-L
c49760f5-fb14-4fbf-aad5-22be4eccf131,b591a505-251c-4414-9c97-48239aba3029,37.0,0.0,0.0,Passed,0.5128205128205128
c49760f5-fb14-4fbf-aad5-22be4eccf131,e89f2fca-c89b-4fd5-b5f3-0f21fa55f339,38.0,0.0,0.0,Passed,0.4935064935064935
c49760f5-fb14-4fbf-aad5-22be4eccf131,bd1f4e53-aff1-42c4-a04e-71dea1fd3821,38.0,0.0,0.0,Failed,0.4871794871794871
