Folder1,Folder2,AST Edit Distance,DFG Edit Distance,PDG Edit Distance,Passed Or Failed,Meteor Score
b22af883-07e4-4b9d-badd-43e789bab95a,99c41935-a688-4923-9e39-645c66be6098,44.0,0.0,0.0,Passed,0.8220833333333335
b22af883-07e4-4b9d-badd-43e789bab95a,2af2d713-7925-4308-a7f4-d9cee9282916,41.0,0.0,0.0,Passed,0.7812500000000001
b22af883-07e4-4b9d-badd-43e789bab95a,97456028-dba1-4348-af98-009895254b24,36.0,0.0,0.0,Passed,0.7170781893004116
b22af883-07e4-4b9d-badd-43e789bab95a,e9f4bbab-9b3a-4894-b744-67d12197aaac,24.0,0.0,0.0,Passed,0.7170781893004116
b22af883-07e4-4b9d-badd-43e789bab95a,0f1f9dd3-cced-4e38-8a25-ec795eda9423,1.0,0.0,0.0,Passed,0.6856995884773662
b22af883-07e4-4b9d-badd-43e789bab95a,7b9416e3-ad87-443d-93ca-d6c9b73c5274,48.0,0.0,0.0,Failed,0.5260416666666666
