Folder1,Folder2,AST Edit Distance,DFG Edit Distance,PDG Edit Distance,Passed Or Failed,ROUGE-L
061687ae-3360-4206-b5e2-5cd419880cff,6121cf03-0cba-4c42-a411-9be404d0c6d5,14.0,28.0,50.0,Passed,0.9333333333333333
061687ae-3360-4206-b5e2-5cd419880cff,e93e8786-0bde-4751-852a-90fe4da84174,18.0,33.0,49.0,Passed,0.9333333333333333
061687ae-3360-4206-b5e2-5cd419880cff,087b117e-063b-4a18-bf16-3a7016142cce,18.0,55.0,86.0,Failed,0.8000000000000002
