Folder1,Folder2,AST Edit Distance,DFG Edit Distance,PDG Edit Distance,Passed Or Failed,ChrF Score
c49760f5-fb14-4fbf-aad5-22be4eccf131,51d353e0-bc00-4531-ab9b-a3a15deb5b33,40.0,0.0,0.0,Passed,48.92397204530581
c49760f5-fb14-4fbf-aad5-22be4eccf131,c582b2a2-2e3c-49a9-820a-240bb9341aba,40.0,0.0,0.0,Passed,48.92397204530581
c49760f5-fb14-4fbf-aad5-22be4eccf131,c7434a03-d7f3-4115-ac60-2c4baf05f797,40.0,0.0,0.0,Passed,48.65713482953778
c49760f5-fb14-4fbf-aad5-22be4eccf131,90621371-5aa5-485e-9437-75b76d8f5b89,39.0,0.0,0.0,Passed,47.674367389330605
c49760f5-fb14-4fbf-aad5-22be4eccf131,a66226c4-b763-4917-815f-02df0bd61435,41.0,0.0,0.0,Passed,47.12180405021712
c49760f5-fb14-4fbf-aad5-22be4eccf131,5ab0ec64-84e0-4fc7-8ccc-85736d3f2f64,40.0,0.0,0.0,Passed,46.81537224327849
c49760f5-fb14-4fbf-aad5-22be4eccf131,8680410a-a377-40df-9e7a-c3fe28544c79,40.0,0.0,0.0,Passed,46.75354375444287
c49760f5-fb14-4fbf-aad5-22be4eccf131,af298f7e-285d-48a8-a828-f7d1f32c1d3a,43.0,0.0,0.0,Failed,46.75354375444287
