Folder1,Folder2,AST Edit Distance,DFG Edit Distance,PDG Edit Distance,Passed Or Failed,ROUGE-2
261772ec-d399-4d12-9972-7773fcd0643a,11a3a61a-95d5-4b12-97b2-d12f92af6649,14.0,26.0,59.0,Passed,0.7111111111111111
261772ec-d399-4d12-9972-7773fcd0643a,56488486-298a-489d-bdbd-9a350da50204,40.0,45.0,71.0,Passed,0.7111111111111111
261772ec-d399-4d12-9972-7773fcd0643a,c8dc3fd0-c301-45ea-9922-63b4762408ad,10.0,62.0,109.0,Failed,0.6956521739130435
