Folder1,Folder2,AST Edit Distance,DFG Edit Distance,PDG Edit Distance,Passed Or Failed,BLEU score
fef3a434-7b64-40df-9126-417bd16d4998,604b3a66-dae8-4246-9192-301a08ed9169,6.0,0.0,0.0,Passed,0.5330640187089943
fef3a434-7b64-40df-9126-417bd16d4998,96fc6ce9-b882-4324-acb4-5c53192c767a,13.0,0.0,0.0,Passed,0.5330640187089943
fef3a434-7b64-40df-9126-417bd16d4998,39d8c0af-eea9-4d6a-b4fa-608ecefa431c,0.0,0.0,0.0,Passed,0.48624389134644175
fef3a434-7b64-40df-9126-417bd16d4998,8cd7c9d6-39f6-4478-80ba-080d0ca3b5bc,11.0,0.0,0.0,Passed,0.48624389134644175
fef3a434-7b64-40df-9126-417bd16d4998,7deb64c0-cde8-4e8b-b71c-678dee1490ab,37.0,43.0,64.0,Failed,0.44903323241491244
