Folder1,Folder2,AST Edit Distance,DFG Edit Distance,PDG Edit Distance,Passed Or Failed,ChrF Score
c49760f5-fb14-4fbf-aad5-22be4eccf131,292a8347-ecce-49e9-9d17-80d8c9fc6847,0.0,0.0,0.0,Passed,47.674367389330605
c49760f5-fb14-4fbf-aad5-22be4eccf131,3e7423cd-2f47-4277-a2fc-b553232f1b5a,12.0,0.0,0.0,Passed,46.75354375444287
c49760f5-fb14-4fbf-aad5-22be4eccf131,60d83f44-b401-4ec9-87a4-db61dce883c7,0.0,0.0,0.0,Passed,46.44479324311352
c49760f5-fb14-4fbf-aad5-22be4eccf131,45c2655d-0777-4b7e-b5dd-c241e4b6f095,12.0,0.0,0.0,Passed,46.257291746800085
c49760f5-fb14-4fbf-aad5-22be4eccf131,0ae74132-aa9d-4de0-94f9-acea18083e84,17.0,0.0,0.0,Failed,45.87666933190228
