Folder1,Folder2,AST Edit Distance,DFG Edit Distance,PDG Edit Distance,Passed Or Failed,ROUGE-L
a06a5d50-a583-447a-8fdd-110a1ac538af,24e41bab-24d0-40a3-902c-6ca9dcf1e1c7,0.0,0.0,0.0,Passed,0.9113924050632912
a06a5d50-a583-447a-8fdd-110a1ac538af,a7793a88-c877-45a8-8a94-a2322a7fb2cd,0.0,0.0,0.0,Passed,0.9113924050632912
a06a5d50-a583-447a-8fdd-110a1ac538af,27d9285d-c90d-4dcb-9ede-568f5b93e7e7,0.0,0.0,0.0,Passed,0.9
a06a5d50-a583-447a-8fdd-110a1ac538af,573cd09b-18bd-40d2-9fb6-5557ce4763e0,0.0,0.0,0.0,Passed,0.9
a06a5d50-a583-447a-8fdd-110a1ac538af,8dafad8b-816f-4ef9-8f8b-326e73c7c038,58.0,0.0,0.0,Failed,0.9
