Folder1,Folder2,AST Edit Distance,DFG Edit Distance,PDG Edit Distance,Passed Or Failed,Cosine Similarity
c01dee8c-e574-49f9-93aa-177850a3f6d8,0a88e0a5-7dde-49cf-a483-94a33da4faba,40.0,0.0,0.0,Passed,0.9619770050048828
c01dee8c-e574-49f9-93aa-177850a3f6d8,5779d1de-35cc-492c-9ed6-7a59ab5c90a0,22.0,27.0,36.0,Passed,0.9167580008506775
c01dee8c-e574-49f9-93aa-177850a3f6d8,3904a995-dd3f-4797-9006-c3f6eb07255e,22.0,110.0,170.0,Failed,0.9155598878860474
