Folder1,Folder2,AST Edit Distance,DFG Edit Distance,PDG Edit Distance,Passed Or Failed,Similarity Score during Execution
15636699-3fd1-4765-8b57-a5966cd03c35,002bd78a-7da1-4ef3-bd24-5d4a600835a2,5.0,0.0,0.0,Passed,1.2960718870162964
15636699-3fd1-4765-8b57-a5966cd03c35,3bea7bcc-102f-490e-adb8-7bf0e299a694,28.0,0.0,0.0,Failed,1.255838394165039
