Folder1,Folder2,AST Edit Distance,DFG Edit Distance,PDG Edit Distance,Passed Or Failed,BLEU score
93b970da-e289-440b-ab2e-c092ffddefd7,3040ac24-91b5-4173-a638-fa923fd6e19a,3.0,22.0,25.0,Passed,0.510032342952127
93b970da-e289-440b-ab2e-c092ffddefd7,ffdb6399-b56c-4960-92c0-d1457e575e20,1.0,40.0,54.0,Passed,0.46086624699736534
93b970da-e289-440b-ab2e-c092ffddefd7,15d7a64b-34d6-4904-9e43-d6ff0215137c,3.0,37.0,47.0,Passed,0.42155030936737264
93b970da-e289-440b-ab2e-c092ffddefd7,47e7307e-7cbf-4401-ba56-b64836ba00c9,1.0,71.0,100.0,Failed,0.39229676625327037
