Folder1,Folder2,AST Edit Distance,DFG Edit Distance,PDG Edit Distance,Passed Or Failed,Meteor Score
fef3a434-7b64-40df-9126-417bd16d4998,604b3a66-dae8-4246-9192-301a08ed9169,6.0,0.0,0.0,Passed,0.8458359821996186
fef3a434-7b64-40df-9126-417bd16d4998,7deb64c0-cde8-4e8b-b71c-678dee1490ab,37.0,43.0,64.0,Failed,0.8458359821996186
