Folder1,Folder2,AST Edit Distance,DFG Edit Distance,PDG Edit Distance,Passed Or Failed,ChrF Score
c49760f5-fb14-4fbf-aad5-22be4eccf131,4dd8e7ad-d7e1-43a8-8af7-b4b90b410ce6,13.0,0.0,0.0,Passed,48.92397204530581
c49760f5-fb14-4fbf-aad5-22be4eccf131,541f11f0-f5fe-4e72-ada3-925991ee15c6,1.0,0.0,0.0,Passed,48.92397204530581
c49760f5-fb14-4fbf-aad5-22be4eccf131,3c41e940-24a0-486f-bd09-6e8e4ffac390,12.0,0.0,0.0,Passed,48.65713482953778
c49760f5-fb14-4fbf-aad5-22be4eccf131,19557fdc-82fd-43b8-b04c-2b1930e43e83,0.0,0.0,0.0,Passed,47.674367389330605
c49760f5-fb14-4fbf-aad5-22be4eccf131,d8db9014-375c-49a5-be86-6815fd7dd39d,7.0,0.0,0.0,Passed,47.12180405021712
c49760f5-fb14-4fbf-aad5-22be4eccf131,fe596d99-15b5-4fa1-b034-2a99440590b8,12.0,0.0,0.0,Passed,46.81537224327849
c49760f5-fb14-4fbf-aad5-22be4eccf131,42f326d5-08b1-4598-aa18-df1b170308c6,7.0,0.0,0.0,Passed,46.75354375444287
c49760f5-fb14-4fbf-aad5-22be4eccf131,f60da82b-d575-41c3-bedb-dcaa5196b8a4,20.0,0.0,0.0,Failed,46.75354375444287
