Folder1,Folder2,AST Edit Distance,DFG Edit Distance,PDG Edit Distance,Passed Or Failed,Similarity Score during Execution
7b649acd-6c30-41f9-84e0-8bb3d0320c28,26a68394-b7cd-4007-bcb7-7e0708594806,16.0,0.0,0.0,Passed,1.3004355430603027
7b649acd-6c30-41f9-84e0-8bb3d0320c28,ddacf5cf-62ef-4544-9a88-3f776d8ce5d8,1.0,0.0,0.0,Passed,1.2914780378341675
7b649acd-6c30-41f9-84e0-8bb3d0320c28,b130b966-5754-4efd-b72c-5ab4e15e3460,12.0,30.0,0.0,Failed,1.2837755680084229
