Folder1,Folder2,AST Edit Distance,DFG Edit Distance,PDG Edit Distance,Passed Or Failed,ChrF Score
7e61db62-a835-410f-9692-fe4a5556b3f3,6f609030-7362-424d-9d49-f70fff1b3243,13.0,0.0,0.0,Passed,81.72167076452588
7e61db62-a835-410f-9692-fe4a5556b3f3,43daee34-7315-4beb-a406-e9f0aad71e88,1.0,0.0,0.0,Passed,80.73583584210513
7e61db62-a835-410f-9692-fe4a5556b3f3,f1e37921-9f66-4466-8f22-ef2f6d1bdcff,65.0,0.0,0.0,Failed,80.73583584210513
