Folder1,Folder2,AST Edit Distance,DFG Edit Distance,PDG Edit Distance,Passed Or Failed,Meteor Score
93b970da-e289-440b-ab2e-c092ffddefd7,15d7a64b-34d6-4904-9e43-d6ff0215137c,3.0,37.0,47.0,Passed,0.8329166666666669
93b970da-e289-440b-ab2e-c092ffddefd7,3040ac24-91b5-4173-a638-fa923fd6e19a,3.0,22.0,25.0,Passed,0.8329166666666669
93b970da-e289-440b-ab2e-c092ffddefd7,60226508-28cd-463e-be8c-812274488cde,0.0,22.0,25.0,Passed,0.7494855967078189
93b970da-e289-440b-ab2e-c092ffddefd7,ffdb6399-b56c-4960-92c0-d1457e575e20,1.0,71.0,100.0,Failed,0.7494855967078189
