Folder1,Folder2,AST Edit Distance,DFG Edit Distance,PDG Edit Distance,Passed Or Failed,Similarity Score during Execution
6de1a2a0-df7c-4d43-91f7-17f59e47ccdf,6ad9a304-cd91-4b98-87e7-fc0b76024fb6,1.0,0.0,0.0,Passed,1.4121946096420288
6de1a2a0-df7c-4d43-91f7-17f59e47ccdf,ebd4e443-1592-478c-bf0f-33964c9e9fc2,9.0,62.0,99.0,Passed,1.381191372871399
6de1a2a0-df7c-4d43-91f7-17f59e47ccdf,b2ec8d5b-abe5-49c6-bc9a-b11edb2d7caa,33.0,83.0,132.0,Failed,1.3347572088241577
