Folder1,Folder2,AST Edit Distance,DFG Edit Distance,PDG Edit Distance,Semantic Similarity Using Roberta,Passed Or Failed,Similarity Score during Execution,Serial Execution,Cosine Similarity,Euclidean Distance,BLEU score,Maximal Safe Radius
2bfe82f1-f120-42ee-94a8-e3d93ac7a389,ee8614a5-4790-41b1-a897-caeb1279d1ba,42,0,0,0,Passed,1.280366421,0,0.992506981,0.443484038,0.143779191,2.100044952
2bfe82f1-f120-42ee-94a8-e3d93ac7a389,9941e3d4-ddc2-4637-9c70-e3953d5740c0,34,40,59,0,Passed,1.235996604,5,0.992338419,0.448040485,0.183733445,2.131451633
2bfe82f1-f120-42ee-94a8-e3d93ac7a389,8e557b85-e5ff-43d3-8c42-3ce6262d8a08,39,40,59,0,Passed,1.191524982,4,0.990385115,0.502410412,0.183733445,2.118614634
2bfe82f1-f120-42ee-94a8-e3d93ac7a389,1894192d-a6d0-4189-9c28-897c86047282,28,13,20,0,Passed,1.102973819,3,0.993328214,0.419576436,0.203334482,2.067987747
2bfe82f1-f120-42ee-94a8-e3d93ac7a389,615f086d-e100-4353-ac76-c5b0cf5edd49,34,31,46,0,Failed,0.926010668,0,0.990595818,0.49756375,0.111025542,2.036099683
