Folder1,Folder2,AST Edit Distance,DFG Edit Distance,PDG Edit Distance,Passed Or Failed,ROUGE-2
e4f8449b-4e59-46af-acaa-26ca55d80f7b,3e5123d9-ee3c-405c-ba4e-58ae38830c2c,5.0,0.0,0.0,Passed,0.7857142857142857
e4f8449b-4e59-46af-acaa-26ca55d80f7b,baa03380-ea43-447f-a5e7-5856dde383c6,11.0,0.0,0.0,Passed,0.7857142857142857
e4f8449b-4e59-46af-acaa-26ca55d80f7b,6b46a85f-d8fc-41dd-b5bb-bb45caa343e2,23.0,0.0,0.0,Failed,0.7142857142857143
