Folder1,Folder2,AST Edit Distance,DFG Edit Distance,PDG Edit Distance,Passed Or Failed,ROUGE-L
d1a450d5-29d8-498d-a805-d545eea0a137,08750f1a-86de-4e46-bbbb-589c18db261e,8.0,0.0,0.0,Passed,0.911764705882353
d1a450d5-29d8-498d-a805-d545eea0a137,3ab6f7e3-ac5e-416d-b5a2-e251163d3df6,7.0,0.0,0.0,Passed,0.911764705882353
d1a450d5-29d8-498d-a805-d545eea0a137,1a5d1f27-4180-44b0-8e7b-871aa7784c2f,21.0,36.0,0.0,Failed,0.8985507246376813
