Folder1,Folder2,AST Edit Distance,DFG Edit Distance,PDG Edit Distance,Passed Or Failed,ROUGE-2
e93d0eea-7918-4560-9b8c-fa3b34363776,eb7cbb73-b0b7-4f63-828e-f5a7f48cd205,35.0,0.0,0.0,Passed,0.7857142857142857
e93d0eea-7918-4560-9b8c-fa3b34363776,101e1b36-b1e3-412e-94d1-b26c2f6d81d1,35.0,17.0,28.0,Passed,0.7142857142857143
e93d0eea-7918-4560-9b8c-fa3b34363776,d42637a9-6819-4498-8183-061c4e31f700,27.0,48.0,75.0,Failed,0.7142857142857143
