Folder1,Folder2,AST Edit Distance,DFG Edit Distance,PDG Edit Distance,Passed Or Failed,Meteor Score
1025ab01-8a45-489d-8023-07b243a48ce1,af617312-a578-4a32-bb01-bf77f147d1b9,12.0,0.0,0.0,Passed,0.9835163977746918
1025ab01-8a45-489d-8023-07b243a48ce1,b147e4ca-0707-42bb-916c-5348d803b504,14.0,89.0,0.0,Failed,0.9835109960418159
