Folder1,Folder2,AST Edit Distance,DFG Edit Distance,PDG Edit Distance,Passed Or Failed,Meteor Score
f1b8673d-d047-4aa0-9019-58b53f0d1cd3,58fce922-acbb-48e2-8302-fb145bbebf5f,4.0,0.0,0.0,Passed,0.9616565196335234
f1b8673d-d047-4aa0-9019-58b53f0d1cd3,35d39c43-b088-4f4e-a592-cd8a5e25c7b3,4.0,0.0,0.0,Failed,0.9538134783897743
