Folder1,Folder2,AST Edit Distance,DFG Edit Distance,PDG Edit Distance,Passed Or Failed,Meteor Score
8913c244-aefa-4221-bdaa-00ce9ac4f958,e34f00d2-3803-42c0-849a-e3ac8245d02a,0.0,0.0,0.0,Passed,0.8265560165975103
8913c244-aefa-4221-bdaa-00ce9ac4f958,581aad3c-9f62-495c-881a-7bcd24418e16,10.0,12.0,18.0,Failed,0.8233921161825726
