Folder1,Folder2,AST Edit Distance,DFG Edit Distance,PDG Edit Distance,Passed Or Failed,ROUGE-2
312880ff-45c5-49d7-b909-01564f580dca,2fdeaf9e-1303-4f29-ae04-b9aeed0981cf,0.0,0.0,0.0,Passed,0.6666666666666666
312880ff-45c5-49d7-b909-01564f580dca,599eca21-ce05-47f0-835c-cbf4c375b618,0.0,0.0,0.0,Passed,0.6666666666666666
312880ff-45c5-49d7-b909-01564f580dca,21bb98db-1d90-4533-bc49-afeee56a526d,0.0,0.0,0.0,Passed,0.6086956521739131
312880ff-45c5-49d7-b909-01564f580dca,cc8f6a58-fa43-45db-a8e4-032e22a860fd,0.0,0.0,0.0,Passed,0.6086956521739131
312880ff-45c5-49d7-b909-01564f580dca,1ce53d89-b56d-43e2-8338-80033431ae57,45.0,92.0,246.0,Failed,0.5833333333333334
