Folder1,Folder2,AST Edit Distance,DFG Edit Distance,PDG Edit Distance,Passed Or Failed,Meteor Score
2bfe82f1-f120-42ee-94a8-e3d93ac7a389,ee8614a5-4790-41b1-a897-caeb1279d1ba,42.0,0.0,0.0,Passed,0.4716981132075472
2bfe82f1-f120-42ee-94a8-e3d93ac7a389,1894192d-a6d0-4189-9c28-897c86047282,28.0,13.0,20.0,Passed,0.4417256289308176
2bfe82f1-f120-42ee-94a8-e3d93ac7a389,9941e3d4-ddc2-4637-9c70-e3953d5740c0,34.0,40.0,59.0,Passed,0.43287522323161726
2bfe82f1-f120-42ee-94a8-e3d93ac7a389,8e557b85-e5ff-43d3-8c42-3ce6262d8a08,39.0,40.0,59.0,Failed,0.36726453917229596
