Folder1,Folder2,AST Edit Distance,DFG Edit Distance,PDG Edit Distance,Passed Or Failed,ROUGE-L
100861d4-8497-4db4-ac50-aba985ab4ad8,8b2ff86d-2da3-478f-b5c8-3ea72771235a,1.0,0.0,0.0,Passed,0.7142857142857143
100861d4-8497-4db4-ac50-aba985ab4ad8,e4c325e0-78d7-4170-bf7e-e56c44723f6f,2.0,0.0,0.0,Failed,0.7142857142857143
