Folder1,Folder2,AST Edit Distance,DFG Edit Distance,PDG Edit Distance,Passed Or Failed,Euclidean Distance
7ce47b00-bef3-45e2-b167-ef2098527f5b,4f7b8de7-0346-4999-8274-af4b73e66ff0,0.0,0.0,0.0,Passed,0.34440162777900696
7ce47b00-bef3-45e2-b167-ef2098527f5b,471383b3-33a2-4946-96d2-fe62443b9c2e,3.0,0.0,0.0,Failed,0.3730837404727936
