Folder1,Folder2,AST Edit Distance,DFG Edit Distance,PDG Edit Distance,Passed Or Failed,ChrF Score
1facb8e7-30fa-4411-8fd7-ead79deddc1f,0fdd16d3-0ec5-4118-b04a-2688c85043f8,5.0,0.0,0.0,Passed,82.54129409604562
1facb8e7-30fa-4411-8fd7-ead79deddc1f,b209e6a5-9ca7-4a4a-a588-7a5a429e2451,9.0,0.0,0.0,Passed,82.54129409604562
1facb8e7-30fa-4411-8fd7-ead79deddc1f,42b2671c-4ae4-4fb2-b629-2489b19a67c6,8.0,0.0,0.0,Passed,82.03741571755538
1facb8e7-30fa-4411-8fd7-ead79deddc1f,836281c7-960e-435b-9613-578333d07037,4.0,0.0,0.0,Passed,82.03741571755538
1facb8e7-30fa-4411-8fd7-ead79deddc1f,d95c1734-155b-432f-ad1c-7014e49d31fd,7.0,0.0,0.0,Passed,79.35116846304643
1facb8e7-30fa-4411-8fd7-ead79deddc1f,30ac081e-d116-4416-bdda-6b7ef26381d9,9.0,76.0,127.0,Failed,77.60463484081856
