Folder1,Folder2,AST Edit Distance,DFG Edit Distance,PDG Edit Distance,Passed Or Failed,Similarity Score during Execution
e6a892ea-7ff2-4dd0-aa20-2f2b53066597,2475f18b-4263-4361-9650-7d5d86e59010,5.0,0.0,0.0,Passed,1.4025568962097168
e6a892ea-7ff2-4dd0-aa20-2f2b53066597,e79dd2fb-a575-4ffd-837a-ec5a737517e7,5.0,0.0,0.0,Failed,1.337466835975647
