Folder1,Folder2,AST Edit Distance,DFG Edit Distance,PDG Edit Distance,Passed Or Failed,Meteor Score
daac3eff-42c5-4050-88e5-1ef987ac35c2,0daee780-6684-4d5e-8801-a1f0f068835f,2.0,0.0,0.0,Passed,0.7494855967078189
daac3eff-42c5-4050-88e5-1ef987ac35c2,3b6e70c4-b6fc-4cca-8559-bf2beed5c77a,0.0,0.0,0.0,Passed,0.7494855967078189
daac3eff-42c5-4050-88e5-1ef987ac35c2,426f9c17-7f21-4374-9c1a-db5de28779ec,2.0,0.0,0.0,Passed,0.7494855967078189
daac3eff-42c5-4050-88e5-1ef987ac35c2,062150b1-3867-45f4-910d-f363033ea866,8.0,0.0,0.0,Passed,0.666015625
daac3eff-42c5-4050-88e5-1ef987ac35c2,9f84de02-2173-4068-b452-1462a310d6c2,2.0,0.0,0.0,Passed,0.666015625
daac3eff-42c5-4050-88e5-1ef987ac35c2,358613ce-6c3e-4175-b4e2-508ca92224f7,0.0,0.0,0.0,Passed,0.6614583333333333
daac3eff-42c5-4050-88e5-1ef987ac35c2,89b8b2bb-228a-4f0e-94b7-060bb273d44a,6.0,43.0,56.0,Failed,0.6614583333333333
