Folder1,Folder2,AST Edit Distance,DFG Edit Distance,PDG Edit Distance,Passed Or Failed,ChrF Score
26148308-9b0d-4d6f-bc91-c33279c47085,c509a32b-d84b-4327-ad4e-ebd241d9cc33,0.0,13.0,13.0,Passed,76.68157647067201
26148308-9b0d-4d6f-bc91-c33279c47085,ea76c46e-c936-49c7-b2a9-770cd5a707bb,0.0,20.0,24.0,Failed,76.68157647067201
