Folder1,Folder2,AST Edit Distance,DFG Edit Distance,PDG Edit Distance,Passed Or Failed,ROUGE-L
c49760f5-fb14-4fbf-aad5-22be4eccf131,b14f51b2-51af-4e65-8181-01cedf53194e,13.0,0.0,0.0,Passed,0.4935064935064935
c49760f5-fb14-4fbf-aad5-22be4eccf131,ff4d8b7a-d654-4da0-a5b6-89fd283ffa1e,1.0,0.0,0.0,Passed,0.4935064935064935
c49760f5-fb14-4fbf-aad5-22be4eccf131,603394d5-c1dc-4d85-b017-8c937b1d1d5d,19.0,0.0,0.0,Failed,0.4871794871794871
