Folder1,Folder2,AST Edit Distance,DFG Edit Distance,PDG Edit Distance,Passed Or Failed,Cosine Similarity
efe80049-c7ac-4c27-930e-bdd5332545a0,293a9c72-668c-4621-b2a4-3babd5baea0b,10.0,0.0,0.0,Passed,0.9971172213554382
efe80049-c7ac-4c27-930e-bdd5332545a0,41a80d0c-5ec1-4a46-81bb-80e3512f96e1,0.0,0.0,0.0,Passed,0.9971172213554382
efe80049-c7ac-4c27-930e-bdd5332545a0,6776d21f-7f2c-40c8-bfb2-f353c593639b,2.0,0.0,0.0,Passed,0.9971172213554382
efe80049-c7ac-4c27-930e-bdd5332545a0,9eb29710-f29b-4113-9282-96675132f1af,9.0,0.0,0.0,Passed,0.9971172213554382
efe80049-c7ac-4c27-930e-bdd5332545a0,c1d31d82-49ad-4fd1-a21d-894bef60c59a,8.0,55.0,84.0,Failed,0.9963470697402954
