Folder1,Folder2,AST Edit Distance,DFG Edit Distance,PDG Edit Distance,Passed Or Failed,BLEU score
ea64bed6-a9d1-4011-b497-5bda00427d07,d24de050-aa81-4a6d-ac73-dc7d39973cbf,30.0,0.0,0.0,Passed,0.7910350788562233
ea64bed6-a9d1-4011-b497-5bda00427d07,fccd24d1-ad84-42fd-9ac3-d94424fc4bc4,21.0,0.0,0.0,Passed,0.7838756540325348
ea64bed6-a9d1-4011-b497-5bda00427d07,506cffdb-0b4b-4ced-ad8e-ebc02e8117d9,42.0,0.0,0.0,Passed,0.7568440125092785
ea64bed6-a9d1-4011-b497-5bda00427d07,93cdefa7-017f-4747-97da-df78fd24156f,46.0,0.0,0.0,Passed,0.7568440125092785
ea64bed6-a9d1-4011-b497-5bda00427d07,db37fcd0-f850-4cae-bd9c-98f1f619654c,21.0,0.0,0.0,Passed,0.7294784925745127
ea64bed6-a9d1-4011-b497-5bda00427d07,0eeb7261-868d-4a62-a46f-c2634a2f88b5,79.0,0.0,0.0,Passed,0.7099659123095732
ea64bed6-a9d1-4011-b497-5bda00427d07,90544cc5-8d06-4845-8640-2ac020050d14,90.0,95.0,158.0,Failed,0.7099659123095732
