Folder1,Folder2,AST Edit Distance,DFG Edit Distance,PDG Edit Distance,Passed Or Failed,Similarity Score during Execution
0f3fe6a6-f15f-43d1-b7fb-5e144bf63ce9,440284d2-f086-43ef-80a1-554ef820c6ab,7.0,36.0,50.0,Passed,1.3782641887664795
0f3fe6a6-f15f-43d1-b7fb-5e144bf63ce9,db3789e7-ae1d-456e-9744-ee8db2c373ae,84.0,51.0,70.0,Passed,1.3398624658584595
0f3fe6a6-f15f-43d1-b7fb-5e144bf63ce9,c1d6a8f2-e90f-4c69-8e0d-7d4c94c8aa70,65.0,148.0,209.0,Failed,1.3054072856903076
