Folder1,Folder2,AST Edit Distance,DFG Edit Distance,PDG Edit Distance,Passed Or Failed,BLEU score
f101f247-eba5-492e-8ce9-2a4bdf6b5d1c,169f59cc-c815-4d13-b964-e0221c144d72,0.0,35.0,37.0,Passed,0.691861447351108
f101f247-eba5-492e-8ce9-2a4bdf6b5d1c,38293a10-508a-416a-bdc0-15c192c8008e,0.0,0.0,0.0,Passed,0.691861447351108
f101f247-eba5-492e-8ce9-2a4bdf6b5d1c,4a9e738b-4fba-44f0-a9da-8b1cdcebac61,0.0,0.0,0.0,Passed,0.691861447351108
f101f247-eba5-492e-8ce9-2a4bdf6b5d1c,752caa4e-4264-4025-bce2-a0638fd2a49d,0.0,0.0,0.0,Passed,0.691861447351108
f101f247-eba5-492e-8ce9-2a4bdf6b5d1c,c71eb628-2d9a-49ad-8cd8-1f194c7c9b68,0.0,0.0,0.0,Passed,0.691861447351108
f101f247-eba5-492e-8ce9-2a4bdf6b5d1c,dc9c2797-7d95-42a3-831f-77cb7d3ce1e0,0.0,0.0,0.0,Passed,0.691861447351108
f101f247-eba5-492e-8ce9-2a4bdf6b5d1c,62cc98c8-0f6e-4041-89dc-84e1747284ea,0.0,0.0,0.0,Passed,0.6610340330756971
f101f247-eba5-492e-8ce9-2a4bdf6b5d1c,c3145aa3-c416-44a4-acfe-295bfc2d4d8a,5.0,60.0,76.0,Failed,0.6610340330756971
