Folder1,Folder2,AST Edit Distance,DFG Edit Distance,PDG Edit Distance,Passed Or Failed,Similarity Score during Execution
227a450c-df1f-4d2d-b32d-a661e509dfde,303ae26d-6dfd-46fa-91a8-752c5f2702e1,1.0,0.0,0.0,Passed,1.2194467782974243
227a450c-df1f-4d2d-b32d-a661e509dfde,b95f9785-8baf-4efc-85f6-07509bc58162,3.0,0.0,0.0,Passed,1.2149578332901
227a450c-df1f-4d2d-b32d-a661e509dfde,fc4acf76-076a-41ef-8207-f4cf270a8ad9,3.0,0.0,0.0,Passed,1.2139750719070435
227a450c-df1f-4d2d-b32d-a661e509dfde,227a4030-ba8d-4834-adbc-a5aeee0d27cd,23.0,71.0,0.0,Failed,1.209326148033142
