Folder1,Folder2,AST Edit Distance,DFG Edit Distance,PDG Edit Distance,Passed Or Failed,Meteor Score
2bfe82f1-f120-42ee-94a8-e3d93ac7a389,32f470ba-c76e-405b-b284-5af176cbdd91,12.0,0.0,0.0,Passed,0.23952095808383234
2bfe82f1-f120-42ee-94a8-e3d93ac7a389,7845ef95-83de-478b-a56b-88d2c2b4a835,14.0,39.0,60.0,Failed,0.23952095808383234
