Folder1,Folder2,AST Edit Distance,DFG Edit Distance,PDG Edit Distance,Passed Or Failed,ROUGE-2
65fc9f85-5c07-4f59-a6e5-bfcff9563562,26bdda21-13a1-4493-bbfd-5a6198d859d1,25.0,0.0,0.0,Passed,0.8000000000000002
65fc9f85-5c07-4f59-a6e5-bfcff9563562,c06a9e7f-0df7-4116-a10a-7df3fb688897,25.0,0.0,0.0,Passed,0.8000000000000002
65fc9f85-5c07-4f59-a6e5-bfcff9563562,07423f0f-f083-4abd-9c94-30947ec65c4d,25.0,74.0,96.0,Passed,0.7333333333333334
65fc9f85-5c07-4f59-a6e5-bfcff9563562,2a4f0939-9ba3-4b83-8e3f-34ac1d3994d8,24.0,0.0,0.0,Passed,0.7333333333333334
65fc9f85-5c07-4f59-a6e5-bfcff9563562,a1fbfc2b-c593-45f4-a31b-7bea267d2e93,63.0,62.0,78.0,Failed,0.7333333333333334
