Folder1,Folder2,AST Edit Distance,DFG Edit Distance,PDG Edit Distance,Passed Or Failed,Cosine Similarity
c49760f5-fb14-4fbf-aad5-22be4eccf131,c4bc0811-98f6-4998-aa3f-7f77e1ad5fe0,4.0,0.0,0.0,Passed,0.9897037148475647
c49760f5-fb14-4fbf-aad5-22be4eccf131,92e109c1-4db4-4912-83bc-4cf5f33fa8d0,10.0,0.0,0.0,Passed,0.9885863065719604
c49760f5-fb14-4fbf-aad5-22be4eccf131,58afe36f-8c13-4640-b1f3-07ee9f6a5e54,11.0,0.0,0.0,Failed,0.9872206449508667
