Folder1,Folder2,AST Edit Distance,DFG Edit Distance,PDG Edit Distance,Passed Or Failed,ROUGE-2
c49760f5-fb14-4fbf-aad5-22be4eccf131,521671a4-9560-43ac-9c32-7deb4ad2443e,0.0,0.0,0.0,Passed,0.5000000000000001
c49760f5-fb14-4fbf-aad5-22be4eccf131,559cfc6b-489b-464b-aa93-c623a3636f1a,0.0,0.0,0.0,Passed,0.5000000000000001
c49760f5-fb14-4fbf-aad5-22be4eccf131,df2d6ae9-36d1-4bd5-b319-cec823530faf,12.0,0.0,0.0,Passed,0.5000000000000001
c49760f5-fb14-4fbf-aad5-22be4eccf131,2e8664d1-94d8-4828-8fc9-214417765419,2.0,0.0,0.0,Passed,0.4736842105263158
c49760f5-fb14-4fbf-aad5-22be4eccf131,6b97d8f9-3fd0-4067-b3a6-2c904ebd5adb,0.0,0.0,0.0,Passed,0.4736842105263158
c49760f5-fb14-4fbf-aad5-22be4eccf131,0da56d82-4418-4323-bb71-d437611aa1c8,0.0,0.0,0.0,Passed,0.4533333333333333
c49760f5-fb14-4fbf-aad5-22be4eccf131,c15e69f8-bd8b-48f5-a865-45c6dd5d192f,0.0,0.0,0.0,Passed,0.4533333333333333
c49760f5-fb14-4fbf-aad5-22be4eccf131,c6b54dfc-de79-4955-8cb4-be7ed7a34744,19.0,0.0,0.0,Failed,0.4533333333333333
