Folder1,Folder2,AST Edit Distance,DFG Edit Distance,PDG Edit Distance,Passed Or Failed,ROUGE-2
72a84849-7be1-41ca-80a0-18255f1c9586,e294f4e2-188d-407b-bbe5-a22a8b912444,1.0,0.0,0.0,Passed,0.3177570093457944
72a84849-7be1-41ca-80a0-18255f1c9586,e49c7f77-ba51-4d60-b6ac-896750f09c75,0.0,0.0,0.0,Passed,0.3177570093457944
72a84849-7be1-41ca-80a0-18255f1c9586,ef2e0897-f1b0-4b48-913f-ee690de24114,0.0,0.0,0.0,Passed,0.3177570093457944
72a84849-7be1-41ca-80a0-18255f1c9586,0b6fc29d-7a4a-4af1-8ccb-a10aa631f3ac,20.0,0.0,0.0,Passed,0.28037383177570085
72a84849-7be1-41ca-80a0-18255f1c9586,140eac6c-bac0-422e-82ae-d54527d1b22d,38.0,0.0,0.0,Failed,0.28037383177570085
