Folder1,Folder2,AST Edit Distance,DFG Edit Distance,PDG Edit Distance,Passed Or Failed,ROUGE-L
26563800-2f28-482b-8dad-705f2c6f3970,206793b9-545f-4f23-b1f1-0966eab98103,14.0,0.0,0.0,Passed,0.8163265306122449
26563800-2f28-482b-8dad-705f2c6f3970,c27efc69-40ad-4e06-a30e-f03378190156,40.0,0.0,0.0,Failed,0.8163265306122449
