Folder1,Folder2,AST Edit Distance,DFG Edit Distance,PDG Edit Distance,Passed Or Failed,Cosine Similarity
afae4f80-ba75-4e24-9325-96dbd41d05d7,7fc445cb-4c71-4995-81c0-662df5e77cce,15.0,103.0,152.0,Passed,0.9793910384178162
afae4f80-ba75-4e24-9325-96dbd41d05d7,36317feb-91dd-42c4-8228-4f53df23817d,40.0,0.0,0.0,Passed,0.9773222208023071
afae4f80-ba75-4e24-9325-96dbd41d05d7,4562ac80-66e2-4c89-983b-4cd66a9094de,32.0,121.0,179.0,Failed,0.9758687615394592
