Folder1,Folder2,AST Edit Distance,DFG Edit Distance,PDG Edit Distance,Passed Or Failed,Cosine Similarity
133d0796-ef7a-43b7-a760-1455eac61958,89393aae-91d2-44fc-8917-e5ef8f138faa,2.0,0.0,0.0,Passed,0.9985852241516113
133d0796-ef7a-43b7-a760-1455eac61958,dbe9856c-1182-4af7-b0ee-e24b8b4e46b0,2.0,0.0,0.0,Passed,0.9985494017601013
133d0796-ef7a-43b7-a760-1455eac61958,dccccf36-29fd-45c1-bc26-1c8bc515c3d8,2.0,0.0,0.0,Passed,0.9984820485115051
133d0796-ef7a-43b7-a760-1455eac61958,05611173-036b-4115-9756-6a3ef5fab312,1.0,0.0,0.0,Passed,0.9983566403388977
133d0796-ef7a-43b7-a760-1455eac61958,488a0685-0c02-4e82-9dc7-21a4beb9d5dd,0.0,6.0,9.0,Failed,0.9983566403388977
