Folder1,Folder2,AST Edit Distance,DFG Edit Distance,PDG Edit Distance,Passed Or Failed,ChrF Score
c49760f5-fb14-4fbf-aad5-22be4eccf131,0e9c9a49-06e7-450b-a135-b64ad2fe4585,13.0,0.0,0.0,Passed,47.674367389330605
c49760f5-fb14-4fbf-aad5-22be4eccf131,063a575c-95d6-4a1b-abee-e2f47e38e0b0,0.0,0.0,0.0,Passed,46.75354375444287
c49760f5-fb14-4fbf-aad5-22be4eccf131,c6978412-6bf1-444a-97a9-1e5078e8b264,19.0,0.0,0.0,Failed,46.257291746800085
