Folder1,Folder2,AST Edit Distance,DFG Edit Distance,PDG Edit Distance,Passed Or Failed,BLEU score
f8229e48-1dd4-4a41-9464-30d24da56c0d,112763c4-75bd-47ee-876a-1f1220459b43,3.0,0.0,0.0,Passed,0.46457822124036097
f8229e48-1dd4-4a41-9464-30d24da56c0d,240addfb-ab83-4b91-add2-49edccabad9f,0.0,0.0,0.0,Passed,0.46457822124036097
f8229e48-1dd4-4a41-9464-30d24da56c0d,376e6ca0-19e3-40de-b088-956e14cf42c3,0.0,0.0,0.0,Passed,0.46457822124036097
f8229e48-1dd4-4a41-9464-30d24da56c0d,cea8130c-b7db-4a89-aed6-4d17f47cd4f5,3.0,0.0,0.0,Passed,0.46457822124036097
f8229e48-1dd4-4a41-9464-30d24da56c0d,9ca91ead-e9cc-4428-92db-c235c8f3bf27,3.0,0.0,0.0,Passed,0.4197938115462879
f8229e48-1dd4-4a41-9464-30d24da56c0d,d06c883f-c529-44f7-9f41-da35f3bccd8a,3.0,0.0,0.0,Passed,0.4197938115462879
f8229e48-1dd4-4a41-9464-30d24da56c0d,91d763f4-0fe3-465e-9d87-b230bb6b0406,3.0,0.0,0.0,Passed,0.38398171330793496
f8229e48-1dd4-4a41-9464-30d24da56c0d,acfc6125-be28-4c54-8d88-62e94c1cac33,3.0,0.0,0.0,Passed,0.38398171330793496
f8229e48-1dd4-4a41-9464-30d24da56c0d,7dce4c97-d533-4045-85d7-d77832d15c2a,6.0,0.0,0.0,Failed,0.3573352482107137
