Folder1,Folder2,AST Edit Distance,DFG Edit Distance,PDG Edit Distance,Passed Or Failed,Euclidean Distance
72a84849-7be1-41ca-80a0-18255f1c9586,9a72c555-7da0-4575-9c00-9acfbe952131,0.0,0.0,0.0,Passed,0.4946548640727997
72a84849-7be1-41ca-80a0-18255f1c9586,140eac6c-bac0-422e-82ae-d54527d1b22d,38.0,0.0,0.0,Failed,0.542188823223114
