Folder1,Folder2,AST Edit Distance,DFG Edit Distance,PDG Edit Distance,Passed Or Failed,Meteor Score
6593e9ed-acd9-42cf-aeae-b3a04f70cfad,a05f2f3e-30ff-43ec-b0e3-1f68a181d181,17.0,20.0,30.0,Passed,0.37799401197604793
6593e9ed-acd9-42cf-aeae-b3a04f70cfad,03f7727c-218e-429f-aac6-75489b815f7a,57.0,29.0,52.0,Passed,0.3427838201148723
6593e9ed-acd9-42cf-aeae-b3a04f70cfad,5199e8d3-20e0-4e49-9ec9-8b50fdc0deab,16.0,15.0,18.0,Passed,0.28718074055969695
6593e9ed-acd9-42cf-aeae-b3a04f70cfad,9691239d-e66c-4856-a661-dd49e9ae6df2,20.0,53.0,72.0,Passed,0.28718074055969695
6593e9ed-acd9-42cf-aeae-b3a04f70cfad,3b3f1866-0daa-4bf0-be7c-ac61fe69f863,27.0,53.0,76.0,Failed,0.22275449101796405
