Folder1,Folder2,AST Edit Distance,DFG Edit Distance,PDG Edit Distance,Passed Or Failed,ChrF Score
f36f87f9-93c7-43ef-ae93-7931472fa8b6,257677b5-3326-415d-ae4e-19a6307af4bc,3.0,0.0,0.0,Passed,78.61373240428874
f36f87f9-93c7-43ef-ae93-7931472fa8b6,adfbb7be-d31c-493d-ab12-4f22f9119419,2.0,0.0,0.0,Passed,78.0992950081523
f36f87f9-93c7-43ef-ae93-7931472fa8b6,ca379e38-27d6-4fc8-aa47-97db977b24f6,6.0,0.0,0.0,Passed,78.0992950081523
f36f87f9-93c7-43ef-ae93-7931472fa8b6,0b308677-b3d9-4a58-a8d2-c5e4f8384bf6,2.0,0.0,0.0,Passed,77.77897285053612
f36f87f9-93c7-43ef-ae93-7931472fa8b6,8775eaf1-c80b-4220-a400-fdaeb7538a22,26.0,0.0,0.0,Failed,77.77897285053612
