Folder1,Folder2,AST Edit Distance,DFG Edit Distance,PDG Edit Distance,Passed Or Failed,ROUGE-L
bc58205b-a8c7-4bc3-9786-0c72d2e016e1,d2cff5e9-6c45-4845-955e-123f2104616c,0.0,0.0,0.0,Passed,0.7272727272727274
bc58205b-a8c7-4bc3-9786-0c72d2e016e1,fc69d9e7-5f21-41dc-bf26-9fb9a048d517,2.0,0.0,0.0,Passed,0.7272727272727274
bc58205b-a8c7-4bc3-9786-0c72d2e016e1,0bd45d3f-cd38-484b-a3ce-6e60d9316c9c,2.0,0.0,0.0,Passed,0.6666666666666667
bc58205b-a8c7-4bc3-9786-0c72d2e016e1,1ffd0e15-d823-442a-acc5-06d5cf11ffde,0.0,0.0,0.0,Passed,0.6666666666666667
bc58205b-a8c7-4bc3-9786-0c72d2e016e1,120ba3ad-a625-4e1f-9952-8d08a1417137,49.0,117.0,138.0,Passed,0.6363636363636364
bc58205b-a8c7-4bc3-9786-0c72d2e016e1,20544e4f-e1ab-4d19-8aaf-f85ade08d0bc,32.0,0.0,0.0,Passed,0.6363636363636364
bc58205b-a8c7-4bc3-9786-0c72d2e016e1,3cacdc3a-b8e7-4aa9-9be6-7ce63d86d464,33.0,118.0,133.0,Passed,0.6363636363636364
bc58205b-a8c7-4bc3-9786-0c72d2e016e1,48f9d7c3-3027-4101-91b9-e3d59e3590a6,114.0,115.0,140.0,Failed,0.6363636363636364
