Folder1,Folder2,AST Edit Distance,DFG Edit Distance,PDG Edit Distance,Passed Or Failed,ChrF Score
c49760f5-fb14-4fbf-aad5-22be4eccf131,3b3a821e-351e-44a5-9804-e10eec715275,13.0,0.0,0.0,Passed,48.92397204530581
c49760f5-fb14-4fbf-aad5-22be4eccf131,98210aa2-973a-4f82-a0de-ff849fa71949,2.0,0.0,0.0,Passed,48.92397204530581
c49760f5-fb14-4fbf-aad5-22be4eccf131,77603072-822b-484e-93e1-03d9de47a9e8,20.0,0.0,0.0,Failed,48.65713482953778
