Folder1,Folder2,AST Edit Distance,DFG Edit Distance,PDG Edit Distance,Passed Or Failed,Cosine Similarity
5f018ca5-f124-4f72-8a59-6dd5da43131e,519bc01a-f66b-4533-a8f4-2425c93e2ece,0.0,0.0,0.0,Passed,0.99845290184021
5f018ca5-f124-4f72-8a59-6dd5da43131e,0482bb82-c3cf-410a-9523-0c11d44c3d7d,0.0,0.0,0.0,Passed,0.9982359409332275
5f018ca5-f124-4f72-8a59-6dd5da43131e,565a687e-91bf-40dc-b675-c5c99ada81e5,20.0,0.0,0.0,Failed,0.998164713382721
