Folder1,Folder2,AST Edit Distance,DFG Edit Distance,PDG Edit Distance,Passed Or Failed,Meteor Score
c49760f5-fb14-4fbf-aad5-22be4eccf131,c4bc0811-98f6-4998-aa3f-7f77e1ad5fe0,4.0,0.0,0.0,Passed,0.3860207100591716
c49760f5-fb14-4fbf-aad5-22be4eccf131,92e109c1-4db4-4912-83bc-4cf5f33fa8d0,10.0,0.0,0.0,Passed,0.38185404339250495
c49760f5-fb14-4fbf-aad5-22be4eccf131,efc487b0-f104-4845-bb0a-5d545e7fe457,3.0,0.0,0.0,Passed,0.36885268293749013
c49760f5-fb14-4fbf-aad5-22be4eccf131,58afe36f-8c13-4640-b1f3-07ee9f6a5e54,2.0,0.0,0.0,Passed,0.3653832494659258
c49760f5-fb14-4fbf-aad5-22be4eccf131,0cae25c3-745f-40c1-86a0-54dbf8da156e,11.0,0.0,0.0,Failed,0.360766444295104
