Folder1,Folder2,AST Edit Distance,DFG Edit Distance,PDG Edit Distance,Passed Or Failed,ChrF Score
a3a069c4-fce1-4eb5-91c6-bac77a565f54,860e582c-5eb6-4b0f-8667-df06e3b1d318,29.0,0.0,0.0,Passed,72.70108937015671
a3a069c4-fce1-4eb5-91c6-bac77a565f54,b06bac16-22d2-4b81-8c1e-e128a548b77d,23.0,0.0,0.0,Passed,72.70108937015671
a3a069c4-fce1-4eb5-91c6-bac77a565f54,1a62e9fa-7f68-4ed6-9de1-9dc68492f81d,20.0,0.0,0.0,Passed,72.00604768013538
a3a069c4-fce1-4eb5-91c6-bac77a565f54,5c3df6df-e518-4c8c-94ed-ef83f9de808d,29.0,0.0,0.0,Passed,72.00604768013538
a3a069c4-fce1-4eb5-91c6-bac77a565f54,8560c6ef-9aa4-47ec-aa1d-cd441de1fb0c,20.0,0.0,0.0,Passed,71.09976883089409
a3a069c4-fce1-4eb5-91c6-bac77a565f54,b86da604-7d0a-46d8-93dd-105884fdee35,22.0,0.0,0.0,Passed,71.09976883089409
a3a069c4-fce1-4eb5-91c6-bac77a565f54,32496a0b-1792-4b8d-88ac-610bc687e55c,20.0,160.0,223.0,Passed,68.73038995028996
a3a069c4-fce1-4eb5-91c6-bac77a565f54,69899a75-4963-4fe8-a35e-5c7ee84f6b06,17.0,225.0,326.0,Failed,68.73038995028996
