Folder1,Folder2,AST Edit Distance,DFG Edit Distance,PDG Edit Distance,Passed Or Failed,Cosine Similarity
8204dad1-5719-4f07-9466-d050807b4b64,cebf437d-804e-4f5f-b701-962fcc9a5109,1.0,0.0,0.0,Passed,0.9983973503112793
8204dad1-5719-4f07-9466-d050807b4b64,1884f8a7-113c-4ba5-8b52-b71ee8210a82,1.0,0.0,0.0,Passed,0.9983261227607727
8204dad1-5719-4f07-9466-d050807b4b64,7c294a6c-cb6a-408c-b080-1dd96266491a,1.0,0.0,0.0,Passed,0.9980750679969788
8204dad1-5719-4f07-9466-d050807b4b64,d9dac6aa-6081-46dd-9256-ab684953467c,6.0,0.0,0.0,Failed,0.9980750679969788
