Folder1,Folder2,AST Edit Distance,DFG Edit Distance,PDG Edit Distance,Passed Or Failed,ROUGE-L
c49760f5-fb14-4fbf-aad5-22be4eccf131,c01bf1cd-0731-4779-bf58-013025b7edd9,40.0,0.0,0.0,Passed,0.4935064935064935
c49760f5-fb14-4fbf-aad5-22be4eccf131,16b8484b-9ea8-4349-9193-053a21f28cfa,39.0,0.0,0.0,Passed,0.4871794871794871
c49760f5-fb14-4fbf-aad5-22be4eccf131,bdb66321-1f45-47ad-8475-7997f8f503e1,40.0,0.0,0.0,Passed,0.4871794871794871
c49760f5-fb14-4fbf-aad5-22be4eccf131,c69245fe-1233-4721-9a8f-b2e497191fc1,41.0,0.0,0.0,Passed,0.4871794871794871
c49760f5-fb14-4fbf-aad5-22be4eccf131,ebcdc612-622a-4fa2-971f-5f19571ad341,41.0,0.0,0.0,Failed,0.4871794871794871
