Folder1,Folder2,AST Edit Distance,DFG Edit Distance,PDG Edit Distance,Passed Or Failed,Meteor Score
d93c0f5e-f283-4ef0-ae8b-4a724b543f95,07d67bb8-df6e-43dd-a7e2-9624b14821c8,5.0,0.0,0.0,Passed,0.8568948412698413
d93c0f5e-f283-4ef0-ae8b-4a724b543f95,2e094995-7536-498c-9eed-3fe17073a99f,5.0,0.0,0.0,Passed,0.8568948412698413
d93c0f5e-f283-4ef0-ae8b-4a724b543f95,4b5c7256-a95c-4d76-a52f-27ab35bd2496,28.0,0.0,0.0,Failed,0.8568948412698413
