Folder1,Folder2,AST Edit Distance,DFG Edit Distance,PDG Edit Distance,Passed Or Failed,Cosine Similarity
eb583425-0944-49bc-bc44-02c014597d70,e11a59cb-a97d-41c9-b84b-feb68bf7739b,22.0,7.0,14.0,Passed,0.9935363531112671
eb583425-0944-49bc-bc44-02c014597d70,0a8eb42c-c029-4fc4-a8a8-d47e50fa449f,20.0,11.0,18.0,Passed,0.9905773997306824
eb583425-0944-49bc-bc44-02c014597d70,22a2cde6-1247-4552-b58c-78ff06a2d0b4,22.0,13.0,23.0,Failed,0.973105251789093
