Folder1,Folder2,AST Edit Distance,DFG Edit Distance,PDG Edit Distance,Passed Or Failed,BLEU score
bf677aa2-6a23-4994-a8e2-f9cebb809453,1ad94eeb-80b7-4be2-bc1f-a1d1088544d6,11.0,0.0,0.0,Passed,0.5330640187089943
bf677aa2-6a23-4994-a8e2-f9cebb809453,ddecd6d5-11c1-42c3-8145-96e66c464869,27.0,62.0,108.0,Passed,0.5330640187089943
bf677aa2-6a23-4994-a8e2-f9cebb809453,8b8a35c0-27cb-47fd-8194-910da1056088,2.0,34.0,65.0,Passed,0.48624389134644175
bf677aa2-6a23-4994-a8e2-f9cebb809453,f0911793-7770-42a9-9e0e-0c8787766487,15.0,111.0,182.0,Passed,0.48624389134644175
bf677aa2-6a23-4994-a8e2-f9cebb809453,016095ce-ec84-4d58-9ac3-848aafbe8073,37.0,53.0,96.0,Passed,0.44903323241491244
bf677aa2-6a23-4994-a8e2-f9cebb809453,570a5bcb-ee3d-452a-9be8-fbfd67b62d47,125.0,200.0,314.0,Failed,0.44903323241491244
