Folder1,Folder2,AST Edit Distance,DFG Edit Distance,PDG Edit Distance,Passed Or Failed,Meteor Score
f434314f-7ea6-4173-a34f-1812608f73ff,04e3a891-7a45-489f-af8a-d087ecc70637,24.0,0.0,0.0,Passed,0.8458359821996186
f434314f-7ea6-4173-a34f-1812608f73ff,5698c3f6-4e03-4bb5-be80-2c411e860e1b,30.0,50.0,87.0,Passed,0.8458359821996186
f434314f-7ea6-4173-a34f-1812608f73ff,59a668a0-b7f3-4de3-ba80-4d0436252f0c,54.0,0.0,0.0,Passed,0.8458359821996186
f434314f-7ea6-4173-a34f-1812608f73ff,eb081738-2fe7-4736-9b8b-71b4a616dc4e,46.0,101.0,152.0,Failed,0.8458359821996186
