Folder1,Folder2,AST Edit Distance,DFG Edit Distance,PDG Edit Distance,Passed Or Failed,BLEU score
7b2f0fb8-11e8-4894-9d53-40892ba1cf41,2675fede-5cff-4794-b18d-f2127f944547,37.0,0.0,0.0,Passed,0.29121850275457994
7b2f0fb8-11e8-4894-9d53-40892ba1cf41,5f908b7d-82d9-46c9-b839-8c878c877370,46.0,131.0,212.0,Failed,0.29121850275457994
