Folder1,Folder2,AST Edit Distance,DFG Edit Distance,PDG Edit Distance,Passed Or Failed,Euclidean Distance
0f3fe6a6-f15f-43d1-b7fb-5e144bf63ce9,060ea1f3-6d05-4c58-9e22-ae2aa59855b4,4.0,0.0,0.0,Passed,0.47341522574424744
0f3fe6a6-f15f-43d1-b7fb-5e144bf63ce9,fdd57667-9499-4abc-b43b-4ab2bf9d28dc,1.0,0.0,0.0,Passed,0.47341522574424744
0f3fe6a6-f15f-43d1-b7fb-5e144bf63ce9,d943e1f7-340e-4399-988a-37aee8ef710e,35.0,52.0,84.0,Passed,0.479123592376709
0f3fe6a6-f15f-43d1-b7fb-5e144bf63ce9,fd6992ef-2b66-4b1f-9451-684295530f50,35.0,71.0,106.0,Failed,0.5034007430076599
