Folder1,Folder2,AST Edit Distance,DFG Edit Distance,PDG Edit Distance,Passed Or Failed,BLEU score
c49760f5-fb14-4fbf-aad5-22be4eccf131,b3effa1c-9542-4c5e-aabb-3de371a3a60b,12.0,0.0,0.0,Passed,0.27010074174938287
c49760f5-fb14-4fbf-aad5-22be4eccf131,110f1f6c-13b3-4e8b-9412-7d93c8578517,8.0,0.0,0.0,Passed,0.2373488414075553
c49760f5-fb14-4fbf-aad5-22be4eccf131,5c3a1164-113f-406e-8c5f-21b82ed54055,24.0,0.0,0.0,Failed,0.2373488414075553
