Folder1,Folder2,AST Edit Distance,DFG Edit Distance,PDG Edit Distance,Passed Or Failed,ChrF Score
7ef54ba1-9418-453b-a1e4-ebc71169c2cd,9d9d181d-fa58-4f08-ba47-a3024c3a41c1,44.0,0.0,0.0,Passed,78.71138627132437
7ef54ba1-9418-453b-a1e4-ebc71169c2cd,bb6724bf-9c5b-4477-b174-3c61f4132020,54.0,0.0,0.0,Passed,75.68625797623353
7ef54ba1-9418-453b-a1e4-ebc71169c2cd,44020cc7-4ab7-4fb9-911a-bd64e024ac75,15.0,0.0,0.0,Passed,74.23400256292005
7ef54ba1-9418-453b-a1e4-ebc71169c2cd,ce80f2bf-27f7-4c00-8366-7008b00f1221,15.0,17.0,27.0,Failed,73.48202861659624
