Folder1,Folder2,AST Edit Distance,DFG Edit Distance,PDG Edit Distance,Passed Or Failed,ChrF Score
a1a74d6d-0e3b-4835-9f21-9fcdd964ab00,bc22b23f-d760-4e1f-ba43-d17200ea50c1,49.0,84.0,128.0,Passed,41.56305473041097
a1a74d6d-0e3b-4835-9f21-9fcdd964ab00,80c85dc0-1662-4e66-b9a1-957ae583a3ae,54.0,214.0,318.0,Failed,40.28969756932951
