Folder1,Folder2,AST Edit Distance,DFG Edit Distance,PDG Edit Distance,Passed Or Failed,Euclidean Distance
3ca25531-894a-475b-b3ed-bcfd41b3301c,923ad808-0480-4091-a71b-7a82fa0eecbd,30.0,46.0,70.0,Passed,0.7617272138595581
3ca25531-894a-475b-b3ed-bcfd41b3301c,aac41f97-24a1-4ab7-9d1d-6052f2562f09,53.0,31.0,44.0,Passed,0.7617272138595581
3ca25531-894a-475b-b3ed-bcfd41b3301c,0a3ecdc1-bae7-44e4-a86b-5306b0901b39,34.0,133.0,185.0,Failed,0.7620538473129272
