Folder1,Folder2,AST Edit Distance,DFG Edit Distance,PDG Edit Distance,Passed Or Failed,ChrF Score
575c27e8-8a07-4241-a8f2-438d719d6d1e,b0936321-226c-427c-9852-6d8951cf88e9,22.0,0.0,0.0,Passed,40.83759461067435
575c27e8-8a07-4241-a8f2-438d719d6d1e,e548448e-918b-4f0f-952b-47c021e7d485,44.0,0.0,0.0,Passed,39.177465345235326
575c27e8-8a07-4241-a8f2-438d719d6d1e,cbea0cf3-ab55-4d24-be74-c8cafc64f229,41.0,0.0,0.0,Passed,36.14981410063361
575c27e8-8a07-4241-a8f2-438d719d6d1e,ac6b194d-2c0d-4a7b-bfa9-584312044460,25.0,50.0,74.0,Passed,35.952205318822614
575c27e8-8a07-4241-a8f2-438d719d6d1e,4097a02c-a738-47a0-beb9-d034882f36bf,17.0,59.0,91.0,Failed,34.82264589366823
