Folder1,Folder2,AST Edit Distance,DFG Edit Distance,PDG Edit Distance,Passed Or Failed,ChrF Score
56a65784-43ae-4a8c-956c-d35e58ba3df5,4c9a9e0b-5d4c-4cbc-924b-fc2ad850f49c,37.0,0.0,0.0,Passed,85.19016764534247
56a65784-43ae-4a8c-956c-d35e58ba3df5,7293f133-1e11-4fc2-93c9-5ec35c19ce16,0.0,0.0,0.0,Passed,85.19016764534247
56a65784-43ae-4a8c-956c-d35e58ba3df5,a61b6879-3c6b-460c-a7f0-024d3f22d48f,39.0,0.0,0.0,Passed,85.19016764534247
56a65784-43ae-4a8c-956c-d35e58ba3df5,cd0e094d-d1ce-47c6-9be8-72765f985ac9,40.0,0.0,0.0,Failed,85.19016764534247
