Folder1,Folder2,AST Edit Distance,DFG Edit Distance,PDG Edit Distance,Passed Or Failed,Meteor Score
b1226e88-8cff-46e2-ae3b-728f8445b0a7,3d247eb9-cc72-42a2-a81f-64564c5e5ff2,29.0,69.0,89.0,Passed,0.808864722359532
b1226e88-8cff-46e2-ae3b-728f8445b0a7,59e33ed9-b049-4bac-87b3-fb64b85bd4ff,4.0,50.0,70.0,Passed,0.808864722359532
b1226e88-8cff-46e2-ae3b-728f8445b0a7,6d5cd633-2aec-4fb9-8318-5c6bbdb21d1d,4.0,129.0,194.0,Failed,0.808864722359532
