Folder1,Folder2,AST Edit Distance,DFG Edit Distance,PDG Edit Distance,Passed Or Failed,Similarity Score during Execution
6100ab0e-73ed-40ae-b6a2-3791afbd992a,45833090-9aea-4135-94ce-a7754c409d23,0.0,0.0,0.0,Passed,1.2411562204360962
6100ab0e-73ed-40ae-b6a2-3791afbd992a,53db1681-933d-4ced-8e2e-3cb23b304698,0.0,0.0,0.0,Passed,1.2310137748718262
6100ab0e-73ed-40ae-b6a2-3791afbd992a,c9612616-48c3-4dcd-9f6b-5884a0184e40,0.0,0.0,0.0,Passed,1.2191534042358398
6100ab0e-73ed-40ae-b6a2-3791afbd992a,471ccfed-fcf3-427d-9c4e-4f1b0917dc98,0.0,0.0,0.0,Passed,1.1574729681015015
6100ab0e-73ed-40ae-b6a2-3791afbd992a,30d43cdb-b792-435c-982b-cfa3bce8e927,0.0,0.0,0.0,Passed,1.1495834589004517
6100ab0e-73ed-40ae-b6a2-3791afbd992a,52883697-c013-4d61-a01a-6875071896f8,14.0,0.0,0.0,Failed,1.1320013999938965
