Folder1,Folder2,AST Edit Distance,DFG Edit Distance,PDG Edit Distance,Passed Or Failed,ChrF Score
7b130242-7492-4817-8d11-bf06d0002aeb,789546ee-3755-420b-89d6-121e058dfb21,1.0,7.0,11.0,Passed,82.71470634551552
7b130242-7492-4817-8d11-bf06d0002aeb,fd46f021-220e-4202-b48b-aa7c8a25dda9,1.0,7.0,11.0,Passed,82.71470634551552
7b130242-7492-4817-8d11-bf06d0002aeb,88ee1920-d891-4711-ba26-e7ab3a746790,0.0,7.0,11.0,Passed,80.44229021493233
7b130242-7492-4817-8d11-bf06d0002aeb,d36ea0d8-ff58-4863-aca4-f503f2a85125,0.0,7.0,11.0,Passed,80.44229021493233
7b130242-7492-4817-8d11-bf06d0002aeb,14087f36-b9f0-4c9e-8d42-c59a1112c34e,39.0,21.0,33.0,Failed,80.426846476155
