Folder1,Folder2,AST Edit Distance,DFG Edit Distance,PDG Edit Distance,Passed Or Failed,ChrF Score
63bb0726-1c48-47bb-b8e4-ad4308b37f24,b9e859e5-9b80-4d2e-abc8-ce8eb40a2d93,20.0,0.0,0.0,Passed,84.2255423226757
63bb0726-1c48-47bb-b8e4-ad4308b37f24,81488478-e8a5-4779-abef-190c19c1c80f,23.0,0.0,0.0,Failed,82.38353982891903
