Folder1,Folder2,AST Edit Distance,DFG Edit Distance,PDG Edit Distance,Passed Or Failed,Cosine Similarity
ba58b740-20cf-4e43-81dc-8311690d3888,5fedbf9d-e43c-4d0e-8aa9-452427fdf971,0.0,0.0,0.0,Passed,0.9581548571586609
ba58b740-20cf-4e43-81dc-8311690d3888,53811fce-617e-46ad-9974-8697f5d5146a,52.0,137.0,197.0,Failed,0.9572471976280212
