Folder1,Folder2,AST Edit Distance,DFG Edit Distance,PDG Edit Distance,Passed Or Failed,BLEU score
ccf511df-7272-4876-a256-865a049d7a8b,8de2161d-098b-4883-9eea-ef18721d8ba3,13.0,35.0,46.0,Passed,0.462523378199968
ccf511df-7272-4876-a256-865a049d7a8b,75271817-586f-4be6-9efa-5806905bf5c9,45.0,52.0,65.0,Failed,0.307137308263447
