Folder1,Folder2,AST Edit Distance,DFG Edit Distance,PDG Edit Distance,Passed Or Failed,Cosine Similarity
f4e7ea28-7866-465e-85f1-e68e845ce5f9,5c052e9e-b3c3-4c29-a120-08019fa33971,8.0,31.0,55.0,Passed,0.9957699179649353
f4e7ea28-7866-465e-85f1-e68e845ce5f9,07c6fd9d-faab-4149-ae25-f86ecba8945c,33.0,88.0,153.0,Failed,0.9949520826339722
