Folder1,Folder2,AST Edit Distance,DFG Edit Distance,PDG Edit Distance,Passed Or Failed,ROUGE-2
050927c8-ed55-43dc-a43c-cbe23bf0ea64,24a034a6-ce90-4ee4-92ca-332c10e2cbdb,2.0,34.0,41.0,Passed,0.17543859649122806
050927c8-ed55-43dc-a43c-cbe23bf0ea64,453f630a-f6c6-45e2-b8e9-c0127f3c210d,2.0,31.0,37.0,Passed,0.17543859649122806
050927c8-ed55-43dc-a43c-cbe23bf0ea64,19373371-22f4-4f8c-96c1-263a95415ba5,3.0,25.0,29.0,Passed,0.14285714285714285
050927c8-ed55-43dc-a43c-cbe23bf0ea64,e11f659f-0904-4e87-a655-c8c9b7bf6291,35.0,19.0,20.0,Passed,0.1090909090909091
050927c8-ed55-43dc-a43c-cbe23bf0ea64,3df4a14a-075b-428b-8c0f-1c23819d8580,10.0,86.0,130.0,Failed,0.10714285714285714
