Folder1,Folder2,AST Edit Distance,DFG Edit Distance,PDG Edit Distance,Passed Or Failed,ROUGE-2
ba58b740-20cf-4e43-81dc-8311690d3888,06c0bcc5-7e8b-4f13-b0b9-d1293e28ba4b,0.0,0.0,0.0,Passed,0.7407407407407408
ba58b740-20cf-4e43-81dc-8311690d3888,23aa1338-c71b-438a-80c3-a5ca6f7fc03d,0.0,0.0,0.0,Passed,0.7407407407407408
ba58b740-20cf-4e43-81dc-8311690d3888,53b1ae33-9af5-4073-81e0-3420b3476756,6.0,31.0,41.0,Failed,0.7407407407407408
