Folder1,Folder2,AST Edit Distance,DFG Edit Distance,PDG Edit Distance,Passed Or Failed,BLEU score
5c40abca-66e6-4a94-9ea0-ef29b10ebcce,054595a7-d57a-4ab0-819f-589e63d7ae2b,0.0,0.0,0.0,Passed,0.28753256266619176
5c40abca-66e6-4a94-9ea0-ef29b10ebcce,18a7488a-d3fc-4ff0-9cf3-bf82a192fe45,14.0,24.0,28.0,Passed,0.28753256266619176
5c40abca-66e6-4a94-9ea0-ef29b10ebcce,1c294191-fd81-4d16-b385-427ba888c515,0.0,0.0,0.0,Passed,0.28753256266619176
5c40abca-66e6-4a94-9ea0-ef29b10ebcce,2e3b816a-1333-4baf-babe-1fbc93fc37d5,13.0,22.0,32.0,Failed,0.28753256266619176
