Folder1,Folder2,AST Edit Distance,DFG Edit Distance,PDG Edit Distance,Passed Or Failed,ROUGE-2
e5627bb5-4db6-4121-970f-42d4e8c88c36,72fb2ba5-da56-43f1-8912-bdbb1749442f,1.0,0.0,0.0,Passed,0.8461538461538461
e5627bb5-4db6-4121-970f-42d4e8c88c36,8f9d158f-61bd-43e3-b212-9bac0a0d02d3,0.0,0.0,0.0,Passed,0.8461538461538461
e5627bb5-4db6-4121-970f-42d4e8c88c36,a2b29b29-8411-4093-ac05-33cb3a8f60fe,26.0,0.0,0.0,Failed,0.8076923076923077
