Folder1,Folder2,AST Edit Distance,DFG Edit Distance,PDG Edit Distance,Passed Or Failed,ChrF Score
afae4f80-ba75-4e24-9325-96dbd41d05d7,36317feb-91dd-42c4-8228-4f53df23817d,40.0,0.0,0.0,Passed,41.42714122870687
afae4f80-ba75-4e24-9325-96dbd41d05d7,3149a7db-3681-4807-8503-3f958a36121b,33.0,88.0,129.0,Passed,41.1418505916929
afae4f80-ba75-4e24-9325-96dbd41d05d7,7fc445cb-4c71-4995-81c0-662df5e77cce,15.0,103.0,152.0,Passed,40.231498565575016
afae4f80-ba75-4e24-9325-96dbd41d05d7,4562ac80-66e2-4c89-983b-4cd66a9094de,32.0,121.0,179.0,Failed,33.53530002117484
