Folder1,Folder2,AST Edit Distance,DFG Edit Distance,PDG Edit Distance,Passed Or Failed,ChrF Score
b34132d1-c653-4a27-9341-3bc379a10231,25ad6c9c-38c0-4d94-8adc-aa0467406028,0.0,0.0,0.0,Passed,57.01552345753596
b34132d1-c653-4a27-9341-3bc379a10231,079751cc-0931-4d4d-9b14-fc12f57788bf,23.0,0.0,0.0,Failed,55.74354562372101
