Folder1,Folder2,AST Edit Distance,DFG Edit Distance,PDG Edit Distance,Passed Or Failed,Meteor Score
69c34ca1-6ff9-432c-a1e0-92d4d3f6fa51,8122f126-8512-4dcc-96ff-a330aea31849,27.0,0.0,0.0,Passed,0.916653912866034
69c34ca1-6ff9-432c-a1e0-92d4d3f6fa51,8be01b96-5860-4207-ab8b-28131f14b349,2.0,5.0,8.0,Passed,0.916653912866034
69c34ca1-6ff9-432c-a1e0-92d4d3f6fa51,309181af-e90a-4cc9-9269-f42d45da32e3,55.0,10.0,18.0,Failed,0.8888753255208333
