Folder1,Folder2,AST Edit Distance,DFG Edit Distance,PDG Edit Distance,Passed Or Failed,ChrF Score
dc636719-c4e1-422c-b866-c98b00de2714,a966f3a9-5211-4a01-ac27-e670f72bf369,34.0,0.0,0.0,Passed,74.44195103660873
dc636719-c4e1-422c-b866-c98b00de2714,f609263e-3a02-4287-9233-bfad03cffe3f,20.0,37.0,56.0,Passed,74.09185082289355
dc636719-c4e1-422c-b866-c98b00de2714,cdd7763a-fe13-4eb5-afdc-cda073ff9671,21.0,0.0,0.0,Passed,72.89910432398047
dc636719-c4e1-422c-b866-c98b00de2714,ab99fb64-ccd8-4c6d-b6cb-f720447f9572,49.0,38.0,58.0,Failed,67.79309125106991
