Folder1,Folder2,AST Edit Distance,DFG Edit Distance,PDG Edit Distance,Passed Or Failed,Euclidean Distance
f434314f-7ea6-4173-a34f-1812608f73ff,5698c3f6-4e03-4bb5-be80-2c411e860e1b,30.0,50.0,87.0,Passed,0.35120031237602234
f434314f-7ea6-4173-a34f-1812608f73ff,eb081738-2fe7-4736-9b8b-71b4a616dc4e,46.0,101.0,152.0,Failed,0.35120031237602234
