Folder1,Folder2,AST Edit Distance,DFG Edit Distance,PDG Edit Distance,Passed Or Failed,Meteor Score
081daca2-2527-4a3e-b125-ba34ca9ab980,44e5a53e-a4a3-43e2-8455-d79108befb39,76.0,46.0,57.0,Passed,0.8174239886866883
081daca2-2527-4a3e-b125-ba34ca9ab980,8df76bb4-a1b6-438b-996d-b7778ec2ff2a,17.0,42.0,62.0,Passed,0.8174239886866883
081daca2-2527-4a3e-b125-ba34ca9ab980,9509b05b-9665-4103-8037-c0d3ffddfb8e,77.0,46.0,57.0,Passed,0.8174239886866883
081daca2-2527-4a3e-b125-ba34ca9ab980,af0d0831-0399-4a9e-985c-def31d3ed788,16.0,0.0,0.0,Passed,0.8174239886866883
081daca2-2527-4a3e-b125-ba34ca9ab980,354ddc0d-8516-4dbf-9e48-5bf0758c5521,15.0,88.0,135.0,Failed,0.7544986023759609
