Folder1,Folder2,AST Edit Distance,DFG Edit Distance,PDG Edit Distance,Passed Or Failed,BLEU score
59d6457f-b5bb-40b7-9c20-fc6ca700d76f,a6d6dcbe-aaf6-4ec2-92f8-9d5d39b4553e,25.0,0.0,0.0,Passed,0.5579745063955603
59d6457f-b5bb-40b7-9c20-fc6ca700d76f,9296bfce-975f-40da-a303-5b7d199dbdc3,29.0,56.0,84.0,Passed,0.4845766087853282
59d6457f-b5bb-40b7-9c20-fc6ca700d76f,cfb20b6d-e58f-4e19-b0ec-9119319aba83,29.0,56.0,81.0,Passed,0.47629019423691715
59d6457f-b5bb-40b7-9c20-fc6ca700d76f,9c573763-e2ec-4f05-9191-27d81c44839d,30.0,51.0,75.0,Passed,0.46507550803536196
59d6457f-b5bb-40b7-9c20-fc6ca700d76f,550fc053-cd0a-470f-a605-19f85ad23545,52.0,53.0,77.0,Failed,0.43724109850912696
