Folder1,Folder2,AST Edit Distance,DFG Edit Distance,PDG Edit Distance,Passed Or Failed,Euclidean Distance
32fdeb07-8b3c-41ba-b235-c6078ffc68c7,e7483e31-3103-49de-b854-10e115baf827,0.0,0.0,0.0,Passed,0.21941591799259186
32fdeb07-8b3c-41ba-b235-c6078ffc68c7,c77b06dd-2b60-4233-b5ec-833d174f227a,0.0,0.0,0.0,Passed,0.22875170409679413
32fdeb07-8b3c-41ba-b235-c6078ffc68c7,d34a1589-edd3-4565-955b-e887e5db554d,21.0,0.0,0.0,Passed,0.22875170409679413
32fdeb07-8b3c-41ba-b235-c6078ffc68c7,c3d80fd1-b967-45ec-8cbf-1595109178af,10.0,0.0,0.0,Passed,0.2491329312324524
32fdeb07-8b3c-41ba-b235-c6078ffc68c7,e49048c9-f2c4-4c33-8e76-5d6043effb84,31.0,54.0,64.0,Failed,0.2491329312324524
