Folder1,Folder2,AST Edit Distance,DFG Edit Distance,PDG Edit Distance,Passed Or Failed,ROUGE-2
e887a068-f81c-4459-8e0f-f7c4778a61bc,33b557c6-fd67-4f77-9029-aab0cefb6653,0.0,0.0,0.0,Passed,0.851851851851852
e887a068-f81c-4459-8e0f-f7c4778a61bc,1b31e83a-229c-46f9-8ece-0acd0860d41f,2.0,0.0,0.0,Failed,0.7777777777777777
