Folder1,Folder2,AST Edit Distance,DFG Edit Distance,PDG Edit Distance,Passed Or Failed,Euclidean Distance
3cb49788-3b20-45b4-a570-83490e8eac28,b55da115-4917-472b-8746-3ebcb8f308d9,15.0,0.0,0.0,Passed,0.2327318638563156
3cb49788-3b20-45b4-a570-83490e8eac28,4f64ca6b-0787-450c-909a-53de51e4a2f5,34.0,50.0,90.0,Failed,0.2377711534500122
