Folder1,Folder2,AST Edit Distance,DFG Edit Distance,PDG Edit Distance,Passed Or Failed,Similarity Score during Execution
a1a74d6d-0e3b-4835-9f21-9fcdd964ab00,80c85dc0-1662-4e66-b9a1-957ae583a3ae,46.0,84.0,128.0,Passed,1.2414767742156982
a1a74d6d-0e3b-4835-9f21-9fcdd964ab00,bc22b23f-d760-4e1f-ba43-d17200ea50c1,49.0,84.0,128.0,Passed,0.9442043304443359
a1a74d6d-0e3b-4835-9f21-9fcdd964ab00,91e7205e-9dd8-4c23-9fb0-5e655a3b4baa,42.0,68.0,103.0,Passed,0.8860302567481995
a1a74d6d-0e3b-4835-9f21-9fcdd964ab00,cc0db96c-c674-4599-a232-82d98792ab1a,53.0,0.0,0.0,Passed,0.8048956990242004
a1a74d6d-0e3b-4835-9f21-9fcdd964ab00,04d455a7-2d81-44dc-816d-7c6a3391532d,54.0,214.0,318.0,Failed,0.649385392665863
