Folder1,Folder2,AST Edit Distance,DFG Edit Distance,PDG Edit Distance,Passed Or Failed,Meteor Score
e724e741-17a7-4255-828d-303d8218d23f,5b280eac-633b-4b3b-be6c-834ee90062c6,0.0,0.0,0.0,Passed,0.8458359821996186
e724e741-17a7-4255-828d-303d8218d23f,afd9f31a-ea1c-4a9b-8c14-359f221e6dbe,1.0,0.0,0.0,Passed,0.8458359821996186
e724e741-17a7-4255-828d-303d8218d23f,7b2e40e0-ed36-47de-a84f-421f8eefa7e0,25.0,0.0,0.0,Failed,0.768846153846154
