Folder1,Folder2,AST Edit Distance,DFG Edit Distance,PDG Edit Distance,Passed Or Failed,Euclidean Distance
ad4f9182-b6a5-4213-930f-39b661307d8f,f80cb19a-a5e7-4e4a-8cbf-5889ff134170,17.0,41.0,114.0,Passed,0.32959821820259094
ad4f9182-b6a5-4213-930f-39b661307d8f,3f94db0a-8b07-46b7-b4cd-f365a4acf697,0.0,0.0,0.0,Passed,0.5277795195579529
ad4f9182-b6a5-4213-930f-39b661307d8f,a27bd9ad-c499-46eb-9f01-2578bf2d4170,18.0,41.0,114.0,Failed,0.5277795195579529
