Folder1,Folder2,AST Edit Distance,DFG Edit Distance,PDG Edit Distance,Passed Or Failed,ROUGE-L
b5344a1d-f1a9-46a6-94b7-57add3daea52,3ea04bf9-bd00-418f-994f-21881fbb0fcf,0.0,0.0,0.0,Passed,0.7142857142857143
b5344a1d-f1a9-46a6-94b7-57add3daea52,754a6772-b635-4886-8ef5-6be8bf7f8210,27.0,0.0,0.0,Passed,0.7142857142857143
b5344a1d-f1a9-46a6-94b7-57add3daea52,c1b4ba60-8ad6-4116-a157-024878f3cbf8,28.0,92.0,120.0,Failed,0.7142857142857143
