Folder1,Folder2,AST Edit Distance,DFG Edit Distance,PDG Edit Distance,Passed Or Failed,Meteor Score
bb6be792-887e-4773-a5bc-d73d3e8a944b,5ea9c890-577e-418c-95cc-f10efa57b0ed,0.0,33.0,48.0,Passed,0.8233793517406962
bb6be792-887e-4773-a5bc-d73d3e8a944b,e5b87c8a-ccf5-47bc-8482-a5f286f342dc,18.0,28.0,40.0,Passed,0.8233793517406962
bb6be792-887e-4773-a5bc-d73d3e8a944b,255ecedf-e06e-4cd7-afe3-5898da120120,15.0,85.0,111.0,Failed,0.822328931572629
