Folder1,Folder2,AST Edit Distance,DFG Edit Distance,PDG Edit Distance,Passed Or Failed,ChrF Score
cf23513f-6c18-423b-b61d-c5a916b48be7,15811618-8047-4354-be65-5d6e672a7f7b,5.0,20.0,20.0,Passed,85.2393860682447
cf23513f-6c18-423b-b61d-c5a916b48be7,97686067-7e97-4eff-b6f1-dbef61975d40,9.0,0.0,0.0,Passed,85.2393860682447
cf23513f-6c18-423b-b61d-c5a916b48be7,c029155b-765d-45f3-aa70-287b0b118089,5.0,0.0,0.0,Passed,84.64942201877028
cf23513f-6c18-423b-b61d-c5a916b48be7,c5decbb7-0a64-4e5f-acea-7e599d8cee77,5.0,0.0,0.0,Passed,84.64942201877028
cf23513f-6c18-423b-b61d-c5a916b48be7,7ae43fd7-ec0a-4fdc-be46-c5dd00529238,4.0,32.0,52.0,Failed,84.20700810752605
