Folder1,Folder2,AST Edit Distance,DFG Edit Distance,PDG Edit Distance,Passed Or Failed,Euclidean Distance
ccb65103-2c80-4738-b838-5296d2218826,fd16abb1-2bbe-4345-8409-460faafed325,12.0,0.0,0.0,Passed,0.4049288034439087
ccb65103-2c80-4738-b838-5296d2218826,22a1ad66-14d5-47f4-85d2-c0be79394eff,22.0,0.0,0.0,Failed,0.41271916031837463
