Folder1,Folder2,AST Edit Distance,DFG Edit Distance,PDG Edit Distance,Passed Or Failed,ChrF Score
ece8557f-6ac2-4b8d-a9d2-f7f20c741624,024f14a0-7a40-4eae-89a4-ccbea18fc176,1.0,0.0,0.0,Passed,79.34858888475902
ece8557f-6ac2-4b8d-a9d2-f7f20c741624,a9169517-a7bc-493a-b00b-0b51179d622d,1.0,0.0,0.0,Passed,79.34858888475902
ece8557f-6ac2-4b8d-a9d2-f7f20c741624,ddda3e93-ffd2-41ae-8228-a718768c205a,1.0,0.0,0.0,Passed,78.20919165804506
ece8557f-6ac2-4b8d-a9d2-f7f20c741624,f598c3d0-b6db-46f8-90e5-2e571624431e,0.0,0.0,0.0,Passed,78.20919165804506
ece8557f-6ac2-4b8d-a9d2-f7f20c741624,a5d3c3fd-83fd-4d7d-8e39-e0dc7e824f58,0.0,0.0,0.0,Passed,71.47506039215685
ece8557f-6ac2-4b8d-a9d2-f7f20c741624,049b5b24-4369-4890-872b-db63a578ff28,36.0,0.0,0.0,Failed,71.47388932790919
