Folder1,Folder2,AST Edit Distance,DFG Edit Distance,PDG Edit Distance,Passed Or Failed,BLEU score
a1a74d6d-0e3b-4835-9f21-9fcdd964ab00,2f1390bd-e5e7-428e-beae-b3344adc1a46,10.0,0.0,0.0,Passed,0.5280972216470737
a1a74d6d-0e3b-4835-9f21-9fcdd964ab00,cde8327e-0f7d-44da-91bf-d35f602c5288,23.0,0.0,0.0,Passed,0.5280972216470737
a1a74d6d-0e3b-4835-9f21-9fcdd964ab00,1bef8fff-4291-42bc-a4a6-862eea97565e,0.0,0.0,0.0,Passed,0.4886965118239958
a1a74d6d-0e3b-4835-9f21-9fcdd964ab00,ab1271d4-9964-49e6-a56a-5022b81668be,0.0,0.0,0.0,Passed,0.4886965118239958
a1a74d6d-0e3b-4835-9f21-9fcdd964ab00,0cd64538-add6-4cbe-b120-21e0b5f3a389,0.0,0.0,0.0,Passed,0.4352771377941511
a1a74d6d-0e3b-4835-9f21-9fcdd964ab00,0ef9e850-9fbb-4dce-aa97-0b400e553225,26.0,0.0,0.0,Passed,0.4352771377941511
a1a74d6d-0e3b-4835-9f21-9fcdd964ab00,1c60ee93-1dc6-46c5-9cd5-c650316ee81c,1.0,0.0,0.0,Passed,0.42264693762275024
a1a74d6d-0e3b-4835-9f21-9fcdd964ab00,92881f10-3a1e-4e5d-b8d1-0732b726ef75,0.0,0.0,0.0,Passed,0.42264693762275024
a1a74d6d-0e3b-4835-9f21-9fcdd964ab00,c8463488-503c-4bda-a6f7-ef0bfcb54cc6,27.0,20.0,29.0,Failed,0.42264693762275024
