Folder1,Folder2,AST Edit Distance,DFG Edit Distance,PDG Edit Distance,Passed Or Failed,Euclidean Distance
91cc6c21-60fd-4ef8-8705-a7b1c788d41d,74354fd5-d5e2-4078-ab46-e2808b99d158,0.0,0.0,0.0,Passed,0.34854817390441895
91cc6c21-60fd-4ef8-8705-a7b1c788d41d,acfa78cc-0162-4eac-b226-3b4533cc331f,0.0,0.0,0.0,Passed,0.34854817390441895
91cc6c21-60fd-4ef8-8705-a7b1c788d41d,c90e6a72-c54d-4df8-b7df-896aef1aea87,35.0,26.0,45.0,Failed,0.34854817390441895
