Folder1,Folder2,AST Edit Distance,DFG Edit Distance,PDG Edit Distance,Passed Or Failed,Meteor Score
23094f8e-ab52-4130-8a22-17c40e1d123e,d1c2667d-a3f8-48de-9089-37541be8f446,54.0,0.0,0.0,Passed,0.6938463010814431
23094f8e-ab52-4130-8a22-17c40e1d123e,d8bafeec-a13d-4302-8986-5cfb606be6db,60.0,0.0,0.0,Failed,0.6938463010814431
