Folder1,Folder2,AST Edit Distance,DFG Edit Distance,PDG Edit Distance,Passed Or Failed,Cosine Similarity
85cb8695-3bbc-4774-9e86-d13b54fee6ba,81125c2e-8283-494d-9bd2-63d67b9f6d39,24.0,0.0,0.0,Passed,0.9886765480041504
85cb8695-3bbc-4774-9e86-d13b54fee6ba,427c3a3b-8fb2-43bf-8081-c43f3b9b18ee,26.0,116.0,166.0,Failed,0.9818310737609863
