Folder1,Folder2,AST Edit Distance,DFG Edit Distance,PDG Edit Distance,Passed Or Failed,Euclidean Distance
7e10d4d4-3bd2-465f-afc7-e26ab57e6e7d,4a033a6b-12fa-4033-8487-0dd6a9ac9b26,1.0,27.0,35.0,Passed,1.090181589126587
7e10d4d4-3bd2-465f-afc7-e26ab57e6e7d,d3ec91fe-4c13-4041-8630-f032e022d0b0,29.0,22.0,35.0,Failed,1.1210170984268188
