Folder1,Folder2,AST Edit Distance,DFG Edit Distance,PDG Edit Distance,Passed Or Failed,BLEU score
7aa05129-d80d-4290-a18f-be75df04af8b,75c21f85-4877-4ea2-bf2b-a5aa93f21f14,4.0,0.0,0.0,Passed,0.6772074796689384
7aa05129-d80d-4290-a18f-be75df04af8b,97ba568a-5a8d-44a1-98d0-45d2a0858e95,19.0,0.0,0.0,Passed,0.6497477887717866
7aa05129-d80d-4290-a18f-be75df04af8b,da8925cf-b267-4475-a11a-20bb4cca1f5f,5.0,44.0,83.0,Passed,0.6136187931113657
7aa05129-d80d-4290-a18f-be75df04af8b,02decc51-4591-4576-a516-525cf5eb2d5f,5.0,0.0,0.0,Passed,0.6058003968113007
7aa05129-d80d-4290-a18f-be75df04af8b,8977018c-2114-481c-a3eb-32ba04011422,5.0,0.0,0.0,Passed,0.6058003968113007
7aa05129-d80d-4290-a18f-be75df04af8b,a486de7f-fbdd-4808-be1c-d0888ce3d0ef,5.0,52.0,79.0,Failed,0.6058003968113007
