Folder1,Folder2,AST Edit Distance,DFG Edit Distance,PDG Edit Distance,Passed Or Failed,ChrF Score
b3a3c0e6-2f42-4081-a219-f8c124309724,916e509d-f7db-4fde-838a-1fffa8de923c,0.0,0.0,0.0,Passed,72.6834158734171
b3a3c0e6-2f42-4081-a219-f8c124309724,c9a2b71f-af65-4227-a0d5-42586212194b,0.0,0.0,0.0,Passed,72.6834158734171
b3a3c0e6-2f42-4081-a219-f8c124309724,24ef0c71-2fca-41ee-9d57-9255bd1b8a89,0.0,0.0,0.0,Passed,72.0690250788529
b3a3c0e6-2f42-4081-a219-f8c124309724,adc1023d-f32d-4e83-8dd4-0aaa830ec04e,0.0,0.0,0.0,Passed,72.0690250788529
b3a3c0e6-2f42-4081-a219-f8c124309724,76e88ccd-586b-4165-813d-0fa30af139b4,0.0,0.0,0.0,Passed,71.36784409003715
b3a3c0e6-2f42-4081-a219-f8c124309724,84d3b4e9-1d95-485d-b9d5-8c84d8575b87,2.0,0.0,0.0,Failed,71.36784409003715
