Folder1,Folder2,AST Edit Distance,DFG Edit Distance,PDG Edit Distance,Passed Or Failed,Euclidean Distance
91cc6c21-60fd-4ef8-8705-a7b1c788d41d,dc669e0b-c915-41e3-8ace-0da6bfa62393,3.0,0.0,0.0,Passed,1.0747349262237549
91cc6c21-60fd-4ef8-8705-a7b1c788d41d,3ddeb011-8fde-4732-9063-aef33811d10b,19.0,29.0,53.0,Passed,1.116755723953247
91cc6c21-60fd-4ef8-8705-a7b1c788d41d,fe48f41f-e07a-45a0-9f67-885133bc2187,17.0,79.0,129.0,Failed,1.1325119733810425
