Folder1,Folder2,AST Edit Distance,DFG Edit Distance,PDG Edit Distance,Passed Or Failed,Meteor Score
e76012a2-dfe9-4ba9-9aa3-a1dc6fc608e6,390ad2e4-dc39-4874-aa22-966c5a05926a,42.0,0.0,0.0,Passed,0.3441064577851422
e76012a2-dfe9-4ba9-9aa3-a1dc6fc608e6,8202b084-614e-419f-a92b-e621e6c97167,5.0,0.0,0.0,Passed,0.3441064577851422
e76012a2-dfe9-4ba9-9aa3-a1dc6fc608e6,7472a298-e487-4999-b9a8-9fbc68f25923,4.0,0.0,0.0,Passed,0.19767686718351005
e76012a2-dfe9-4ba9-9aa3-a1dc6fc608e6,8fb9dadd-a209-4652-987f-d687904035c2,43.0,0.0,0.0,Failed,0.12823311142638874
