Folder1,Folder2,AST Edit Distance,DFG Edit Distance,PDG Edit Distance,Passed Or Failed,Similarity Score during Execution
7afffde8-b9f8-4895-b07d-6acc811a9a24,4d222241-8f6a-4b71-866c-bfcc3351ecbd,0.0,0.0,0.0,Passed,1.2531954050064087
7afffde8-b9f8-4895-b07d-6acc811a9a24,6abd7494-4aa9-4656-8afc-8e1c2e3b3b64,2.0,0.0,0.0,Passed,1.236008644104004
7afffde8-b9f8-4895-b07d-6acc811a9a24,98718337-47fd-4aeb-a041-beeba087dbab,0.0,0.0,0.0,Passed,1.1906219720840454
7afffde8-b9f8-4895-b07d-6acc811a9a24,9b6cab58-8119-49e8-9725-16bac983df83,7.0,0.0,0.0,Failed,1.1335794925689697
