Folder1,Folder2,AST Edit Distance,DFG Edit Distance,PDG Edit Distance,Passed Or Failed,ROUGE-L
c49760f5-fb14-4fbf-aad5-22be4eccf131,4e3e05dc-80b2-4a5f-b23e-fa3cf0167c08,1.0,0.0,0.0,Passed,0.5128205128205128
c49760f5-fb14-4fbf-aad5-22be4eccf131,6439c7b5-8862-4cc3-8cce-1c4e811eccf8,0.0,0.0,0.0,Passed,0.4935064935064935
c49760f5-fb14-4fbf-aad5-22be4eccf131,a6dbb477-4b26-4f1b-a174-562b73df7a71,1.0,0.0,0.0,Passed,0.4935064935064935
c49760f5-fb14-4fbf-aad5-22be4eccf131,45284638-249d-40aa-8860-9ee173a17f95,12.0,0.0,0.0,Passed,0.4871794871794871
c49760f5-fb14-4fbf-aad5-22be4eccf131,57c0c882-8070-4ead-9145-af739a5916ea,13.0,0.0,0.0,Failed,0.4871794871794871
