Folder1,Folder2,AST Edit Distance,DFG Edit Distance,PDG Edit Distance,Passed Or Failed,Meteor Score
767c3fe8-49bc-4838-a36d-ca19f31c9216,076ce9af-3675-43d6-8513-fad9ced4c881,0.0,21.0,32.0,Passed,0.7678302580441861
767c3fe8-49bc-4838-a36d-ca19f31c9216,c373fa7a-5334-46fd-8480-d84a91bb69da,44.0,107.0,159.0,Passed,0.7678302580441861
767c3fe8-49bc-4838-a36d-ca19f31c9216,afcae355-e823-43cf-851a-bea3253b5a70,38.0,156.0,231.0,Failed,0.7126322751322753
