Folder1,Folder2,AST Edit Distance,DFG Edit Distance,PDG Edit Distance,Passed Or Failed,ChrF Score
a22e41f2-88bc-4e43-8fc9-0d56dac1056a,6a565e23-a0ce-4a7e-baca-a840f67499c8,0.0,0.0,0.0,Passed,81.55309630274938
a22e41f2-88bc-4e43-8fc9-0d56dac1056a,cab1e457-882c-4ed2-be8b-9c388751a823,0.0,0.0,0.0,Passed,68.71449106433128
a22e41f2-88bc-4e43-8fc9-0d56dac1056a,59b3d236-217b-4ca7-823d-e4f8cf96ff4d,53.0,13.0,22.0,Failed,46.80977083971157
