Folder1,Folder2,AST Edit Distance,DFG Edit Distance,PDG Edit Distance,Passed Or Failed,BLEU score
b34132d1-c653-4a27-9341-3bc379a10231,00c49363-d597-49d1-86d6-b5571b82996a,23.0,0.0,0.0,Passed,0.32819017017411684
b34132d1-c653-4a27-9341-3bc379a10231,f969c3c4-5ef5-4b1e-8917-bdef31066d5b,23.0,0.0,0.0,Passed,0.31066515689907603
b34132d1-c653-4a27-9341-3bc379a10231,7abf28ba-b9c7-4f08-bf5c-13ccab68e578,23.0,0.0,0.0,Passed,0.3018839601030305
b34132d1-c653-4a27-9341-3bc379a10231,8dc591c3-eca6-46e8-b195-195e0ac37c53,44.0,0.0,0.0,Failed,0.2866129972832647
