Folder1,Folder2,AST Edit Distance,DFG Edit Distance,PDG Edit Distance,Passed Or Failed,Cosine Similarity
8ef560a8-9bf9-4a10-a45d-9b6a4cd71b51,b84626cf-ccb1-4309-b74a-c5a088d5c48b,0.0,5.0,8.0,Passed,0.9964665174484253
8ef560a8-9bf9-4a10-a45d-9b6a4cd71b51,c069e43d-06ca-4d1a-bc38-901f27090ad6,19.0,10.0,18.0,Failed,0.9941728115081787
