Folder1,Folder2,AST Edit Distance,DFG Edit Distance,PDG Edit Distance,Passed Or Failed,Meteor Score
737c73c8-5b19-4347-aa9a-c3204b495cb0,038fabf1-5a07-41dc-b354-9c69c4356192,54.0,24.0,43.0,Passed,0.7594285565452936
737c73c8-5b19-4347-aa9a-c3204b495cb0,17d6550b-815a-4147-a04f-407e538da5ec,54.0,28.0,51.0,Failed,0.7172265778984714
