Folder1,Folder2,AST Edit Distance,DFG Edit Distance,PDG Edit Distance,Passed Or Failed,ChrF Score
69c34ca1-6ff9-432c-a1e0-92d4d3f6fa51,8122f126-8512-4dcc-96ff-a330aea31849,27.0,0.0,0.0,Passed,84.89287672797583
69c34ca1-6ff9-432c-a1e0-92d4d3f6fa51,8be01b96-5860-4207-ab8b-28131f14b349,2.0,5.0,8.0,Passed,84.89287672797583
69c34ca1-6ff9-432c-a1e0-92d4d3f6fa51,015f5b34-4b68-4017-a8db-7668193b39dc,55.0,0.0,0.0,Passed,83.51142834775499
69c34ca1-6ff9-432c-a1e0-92d4d3f6fa51,32d7c71b-348d-451a-9ac7-522f168b6441,61.0,5.0,10.0,Passed,83.07387706720624
69c34ca1-6ff9-432c-a1e0-92d4d3f6fa51,8667795c-417b-4bec-b099-d94a098f44da,44.0,0.0,0.0,Passed,83.07387706720624
69c34ca1-6ff9-432c-a1e0-92d4d3f6fa51,4e971f7e-6f33-4805-9413-6d3d241d524a,55.0,10.0,18.0,Failed,82.73207607865149
