Folder1,Folder2,AST Edit Distance,DFG Edit Distance,PDG Edit Distance,Passed Or Failed,ROUGE-2
c6f5cc05-3d87-44f5-9819-8e4c06653692,b3a79ee0-1e93-4340-ad69-d1e62a018666,0.0,17.0,23.0,Passed,0.8709677419354839
c6f5cc05-3d87-44f5-9819-8e4c06653692,dc7cadfa-cfa2-4a49-892c-751af716b05e,0.0,35.0,48.0,Passed,0.8387096774193549
c6f5cc05-3d87-44f5-9819-8e4c06653692,eec329a2-8125-490f-a3a0-88cc1da38f01,0.0,43.0,60.0,Failed,0.8387096774193549
