Folder1,Folder2,AST Edit Distance,DFG Edit Distance,PDG Edit Distance,Passed Or Failed,Similarity Score during Execution
6e2cec25-83a9-4714-8d6e-2763c4ea53d2,8cead64a-2a2a-45d7-bf6d-c1a608ad14bb,0.0,0.0,0.0,Passed,1.2533575296401978
6e2cec25-83a9-4714-8d6e-2763c4ea53d2,88d31a14-0a41-4c82-88ef-114da54b134d,18.0,0.0,0.0,Passed,1.2294543981552124
6e2cec25-83a9-4714-8d6e-2763c4ea53d2,6b65e9ef-b3cc-4770-959b-120127c384ea,18.0,0.0,0.0,Passed,1.2136459350585938
6e2cec25-83a9-4714-8d6e-2763c4ea53d2,d9adfd98-dc60-4d7a-8548-b7f7a949b9ee,0.0,0.0,0.0,Passed,1.1753623485565186
6e2cec25-83a9-4714-8d6e-2763c4ea53d2,10b585a9-a5ed-4bf9-bace-3957f7c66e4c,18.0,61.0,0.0,Failed,1.1266200542449951
