Folder1,Folder2,AST Edit Distance,DFG Edit Distance,PDG Edit Distance,Passed Or Failed,Similarity Score during Execution
16f364a2-fb56-4473-b3f1-4d6b9b95468c,ab507948-a382-4931-8556-b4832997a6c7,0.0,0.0,0.0,Passed,1.2428603172302246
16f364a2-fb56-4473-b3f1-4d6b9b95468c,16e772a8-5f89-43fe-b575-8a5482db7a43,46.0,57.0,0.0,Failed,1.1940484046936035
