Folder1,Folder2,AST Edit Distance,DFG Edit Distance,PDG Edit Distance,Passed Or Failed,ROUGE-L
5c40abca-66e6-4a94-9ea0-ef29b10ebcce,03e9b049-28d4-4893-ae3c-0ec3565f69c3,0.0,0.0,0.0,Passed,0.8974358974358975
5c40abca-66e6-4a94-9ea0-ef29b10ebcce,112cf409-e171-4b3e-b54e-30210004cf1b,0.0,0.0,0.0,Passed,0.8974358974358975
5c40abca-66e6-4a94-9ea0-ef29b10ebcce,192fc48c-4599-4199-89c9-cc11c7049d51,0.0,0.0,0.0,Passed,0.8974358974358975
5c40abca-66e6-4a94-9ea0-ef29b10ebcce,2d3aa801-b1ab-4fe5-9135-1ab47f7f9a73,3.0,22.0,32.0,Passed,0.8974358974358975
5c40abca-66e6-4a94-9ea0-ef29b10ebcce,3b701aed-72b0-4813-aa83-39ace31fa505,13.0,22.0,32.0,Failed,0.8974358974358975
