Folder1,Folder2,AST Edit Distance,DFG Edit Distance,PDG Edit Distance,Passed Or Failed,BLEU score
40b89aa6-4884-4007-b81f-ed210e79c9e6,917fe518-5456-46bc-9fec-204dc0d62189,5.0,0.0,0.0,Passed,0.388905561152711
40b89aa6-4884-4007-b81f-ed210e79c9e6,dad0d402-f605-46eb-b16d-b50a2b133d50,0.0,0.0,0.0,Passed,0.388905561152711
40b89aa6-4884-4007-b81f-ed210e79c9e6,2fc6e824-0b85-4892-85d0-f5d386493ec5,5.0,0.0,0.0,Passed,0.32702929224554894
40b89aa6-4884-4007-b81f-ed210e79c9e6,d6fffa70-39a6-4f38-9f00-9f06814925b8,5.0,0.0,0.0,Passed,0.32702929224554894
40b89aa6-4884-4007-b81f-ed210e79c9e6,d434d0b0-98e5-4145-8814-1201bbf2b3da,28.0,106.0,165.0,Failed,0.2749977595322415
