Folder1,Folder2,AST Edit Distance,DFG Edit Distance,PDG Edit Distance,Passed Or Failed,Euclidean Distance
761b4e9f-2077-4aab-88ae-12691f4a28e0,7db72079-3aa1-4b9f-a476-517808a3f7cf,25.0,0.0,0.0,Passed,0.1997692883014679
761b4e9f-2077-4aab-88ae-12691f4a28e0,a9590efa-1a8d-4051-bc4d-a0da0ef8c66f,0.0,0.0,0.0,Passed,0.20402628183364868
761b4e9f-2077-4aab-88ae-12691f4a28e0,1c916f71-b5bc-4647-97e4-b36853ffb537,36.0,0.0,0.0,Passed,0.20650190114974976
761b4e9f-2077-4aab-88ae-12691f4a28e0,9c7749db-9fc4-47f5-a828-c307005b23cb,0.0,0.0,0.0,Passed,0.20650190114974976
761b4e9f-2077-4aab-88ae-12691f4a28e0,eeadee35-ab0b-48f9-a4b4-0b7bf5904616,38.0,0.0,0.0,Failed,0.2084132432937622
