Folder1,Folder2,AST Edit Distance,DFG Edit Distance,PDG Edit Distance,Passed Or Failed,ROUGE-2
575c27e8-8a07-4241-a8f2-438d719d6d1e,b0936321-226c-427c-9852-6d8951cf88e9,44.0,0.0,0.0,Passed,0.15384615384615383
575c27e8-8a07-4241-a8f2-438d719d6d1e,ac6b194d-2c0d-4a7b-bfa9-584312044460,25.0,50.0,74.0,Passed,0.1509433962264151
575c27e8-8a07-4241-a8f2-438d719d6d1e,4097a02c-a738-47a0-beb9-d034882f36bf,39.0,52.0,76.0,Passed,0.11538461538461539
575c27e8-8a07-4241-a8f2-438d719d6d1e,cbea0cf3-ab55-4d24-be74-c8cafc64f229,41.0,0.0,0.0,Passed,0.11538461538461539
575c27e8-8a07-4241-a8f2-438d719d6d1e,46ca701d-f293-4e28-9a42-ab236c207ede,17.0,59.0,91.0,Failed,0.11320754716981132
