Folder1,Folder2,AST Edit Distance,DFG Edit Distance,PDG Edit Distance,Passed Or Failed,ROUGE-2
1ea56590-e9fb-4c0d-8b26-71296a16f99f,0130b835-2a17-4a9c-b946-b9a647ba401a,20.0,0.0,0.0,Passed,0.5858585858585857
1ea56590-e9fb-4c0d-8b26-71296a16f99f,089e1d25-e1bc-4a6e-adee-09e3c0d43956,22.0,0.0,0.0,Passed,0.5858585858585857
1ea56590-e9fb-4c0d-8b26-71296a16f99f,0aff7810-63c0-4227-b428-4f4fb634a228,26.0,0.0,0.0,Failed,0.5858585858585857
