Folder1,Folder2,AST Edit Distance,DFG Edit Distance,PDG Edit Distance,Passed Or Failed,Meteor Score
c49760f5-fb14-4fbf-aad5-22be4eccf131,c4555569-e9b3-43b8-a237-c380765353c2,12.0,0.0,0.0,Passed,0.3860207100591716
c49760f5-fb14-4fbf-aad5-22be4eccf131,b191adc5-614e-4cf4-8729-89aab3b8605b,0.0,0.0,0.0,Passed,0.38185404339250495
c49760f5-fb14-4fbf-aad5-22be4eccf131,1bcb5bab-7f08-48b4-a705-058e90bca953,12.0,0.0,0.0,Passed,0.36885268293749013
c49760f5-fb14-4fbf-aad5-22be4eccf131,131fc958-c64d-4646-83e7-507327326844,12.0,0.0,0.0,Passed,0.3653832494659258
c49760f5-fb14-4fbf-aad5-22be4eccf131,209ae000-21b1-44b6-a037-c2e09ace1c86,0.0,0.0,0.0,Passed,0.3653832494659258
c49760f5-fb14-4fbf-aad5-22be4eccf131,fc338d92-dbc2-468b-8130-ff648c1b2093,19.0,0.0,0.0,Failed,0.3653832494659258
