Folder1,Folder2,AST Edit Distance,DFG Edit Distance,PDG Edit Distance,Passed Or Failed,BLEU score
5c40abca-66e6-4a94-9ea0-ef29b10ebcce,02cb0972-2b3b-44d4-9c20-a88fe23456b1,0.0,0.0,0.0,Passed,0.28753256266619176
5c40abca-66e6-4a94-9ea0-ef29b10ebcce,1b3598dc-c5fe-41bc-a4f3-001098b43eff,0.0,0.0,0.0,Passed,0.28753256266619176
5c40abca-66e6-4a94-9ea0-ef29b10ebcce,2da66e35-861e-4cb7-a750-0d4e9b4e4c0d,13.0,22.0,30.0,Passed,0.28753256266619176
5c40abca-66e6-4a94-9ea0-ef29b10ebcce,383af601-cb87-4113-9bc8-66b60bd1fb77,0.0,0.0,0.0,Passed,0.28753256266619176
5c40abca-66e6-4a94-9ea0-ef29b10ebcce,3ab6a542-6ae5-4526-975b-95da9ee99900,13.0,22.0,30.0,Passed,0.28753256266619176
5c40abca-66e6-4a94-9ea0-ef29b10ebcce,459c2839-031b-4079-bbff-b31a40a00b92,0.0,0.0,0.0,Passed,0.28753256266619176
5c40abca-66e6-4a94-9ea0-ef29b10ebcce,4ad770b5-431c-4c1f-b132-2fa7d7658bf3,1.0,30.0,42.0,Failed,0.28753256266619176
