Folder1,Folder2,AST Edit Distance,DFG Edit Distance,PDG Edit Distance,Passed Or Failed,Euclidean Distance
050927c8-ed55-43dc-a43c-cbe23bf0ea64,aef91b66-dd91-42db-8fe0-0d5035c20134,63.0,0.0,0.0,Passed,0.3710312247276306
050927c8-ed55-43dc-a43c-cbe23bf0ea64,a51d8cfd-4a06-4133-b4b8-671e2662b86a,0.0,0.0,0.0,Passed,0.41539543867111206
050927c8-ed55-43dc-a43c-cbe23bf0ea64,7851f4d3-046f-4d0c-a39b-e9d0b5a40d50,66.0,0.0,0.0,Passed,0.4171616733074188
050927c8-ed55-43dc-a43c-cbe23bf0ea64,cb093a18-909f-4472-a80d-2a6425db16f8,63.0,0.0,0.0,Passed,0.4171616733074188
050927c8-ed55-43dc-a43c-cbe23bf0ea64,3747fa0b-f546-4a62-8b73-416d0b9309d2,84.0,0.0,0.0,Failed,0.4740292429924011
