Folder1,Folder2,AST Edit Distance,DFG Edit Distance,PDG Edit Distance,Passed Or Failed,Similarity Score during Execution
d08d0dcc-ae55-4b04-8d36-ced0e4f33f2f,ad0652a5-ab0d-4f21-8b06-48ac08c79773,11.0,0.0,0.0,Passed,1.2764660120010376
d08d0dcc-ae55-4b04-8d36-ced0e4f33f2f,0375fb38-ad5c-4895-b4bc-dd007fd2f15c,0.0,0.0,0.0,Passed,1.2557750940322876
d08d0dcc-ae55-4b04-8d36-ced0e4f33f2f,74805ffc-284c-4a4b-8aa3-17cbb85034c3,1.0,0.0,0.0,Passed,1.2490471601486206
d08d0dcc-ae55-4b04-8d36-ced0e4f33f2f,7fe9dc7f-e3aa-40f0-8904-3efcf37d4a9b,3.0,0.0,0.0,Passed,1.2226855754852295
d08d0dcc-ae55-4b04-8d36-ced0e4f33f2f,7da9f4bf-e89c-4c22-99fd-da3c3b55ffc7,0.0,50.0,58.0,Passed,1.2103924751281738
d08d0dcc-ae55-4b04-8d36-ced0e4f33f2f,de0e5806-bc66-41db-9725-4ca76a49583d,0.0,58.0,86.0,Passed,1.2058980464935303
d08d0dcc-ae55-4b04-8d36-ced0e4f33f2f,2c51e1c1-b8ba-4c8c-93e7-d174b8684619,0.0,0.0,0.0,Passed,1.2058736085891724
d08d0dcc-ae55-4b04-8d36-ced0e4f33f2f,9de41d76-9384-47f0-93ca-62e9a48664ef,1.0,0.0,0.0,Passed,1.178717017173767
d08d0dcc-ae55-4b04-8d36-ced0e4f33f2f,ece8da64-1d2a-4c1f-a9e1-09f9d02fa645,27.0,80.0,107.0,Failed,1.172486424446106
