Folder1,Folder2,AST Edit Distance,DFG Edit Distance,PDG Edit Distance,Passed Or Failed,Meteor Score
6f47bc7e-5af3-46dd-ab2e-d3cd255351dc,40349d9d-18cd-4760-b81a-ad170efca854,0.0,0.0,0.0,Passed,0.7910696236399312
6f47bc7e-5af3-46dd-ab2e-d3cd255351dc,eeac0a80-7ba1-48d8-a8bb-617d895e8f4c,10.0,45.0,110.0,Passed,0.7910696236399312
6f47bc7e-5af3-46dd-ab2e-d3cd255351dc,3a0679a8-6897-4312-9af5-a1a3b2ea3e59,39.0,0.0,0.0,Passed,0.7889886437957073
6f47bc7e-5af3-46dd-ab2e-d3cd255351dc,5badb0a7-8e17-4387-b012-47755ab09ed5,25.0,46.0,104.0,Failed,0.7889886437957073
