Folder1,Folder2,AST Edit Distance,DFG Edit Distance,PDG Edit Distance,Passed Or Failed,Similarity Score during Execution
3797756d-7fe6-45bd-b23d-d3e4f43528f5,b5dbd7e3-caf0-43c7-91a4-f8102fa728d3,0.0,0.0,0.0,Passed,1.3306443691253662
3797756d-7fe6-45bd-b23d-d3e4f43528f5,9a5244b2-6c0a-4d64-96ad-e7972006a302,1.0,0.0,0.0,Passed,1.2418073415756226
3797756d-7fe6-45bd-b23d-d3e4f43528f5,561bc310-f796-452b-858c-e70c65983cba,1.0,0.0,0.0,Passed,1.2067216634750366
3797756d-7fe6-45bd-b23d-d3e4f43528f5,2ecc948b-c811-4f83-973e-5e1c714f7739,1.0,0.0,0.0,Passed,1.1954504251480103
3797756d-7fe6-45bd-b23d-d3e4f43528f5,3ee73ee0-a4c1-48f1-a0d5-d52530efd3e6,21.0,105.0,149.0,Failed,1.189000129699707
