Folder1,Folder2,AST Edit Distance,DFG Edit Distance,PDG Edit Distance,Passed Or Failed,Cosine Similarity
ba58b740-20cf-4e43-81dc-8311690d3888,7b02122d-e89b-4fc9-b3f0-8deb0412280f,10.0,27.0,39.0,Passed,0.9943766593933105
ba58b740-20cf-4e43-81dc-8311690d3888,7cb48797-dda8-4a13-abaa-c16709439a72,9.0,29.0,39.0,Failed,0.9943766593933105
