Folder1,Folder2,AST Edit Distance,DFG Edit Distance,PDG Edit Distance,Passed Or Failed,ChrF Score
f0355333-5cc0-4414-a16c-cb06b0a5041d,f25e37ed-e056-4518-93b3-2ccfe41f743e,5.0,0.0,0.0,Passed,41.77586553830481
f0355333-5cc0-4414-a16c-cb06b0a5041d,f63d49d4-0e88-43fc-a6d8-4a4d04184f11,50.0,74.0,107.0,Passed,37.76390382169528
f0355333-5cc0-4414-a16c-cb06b0a5041d,8c2287fe-9995-422a-be2d-cb63ed1d012c,54.0,80.0,119.0,Passed,37.67121061349586
f0355333-5cc0-4414-a16c-cb06b0a5041d,8182dbe5-5618-42a7-89ac-1cf369b9b1da,33.0,154.0,233.0,Failed,37.63984067255054
