Folder1,Folder2,AST Edit Distance,DFG Edit Distance,PDG Edit Distance,Passed Or Failed,Similarity Score during Execution
a06a5d50-a583-447a-8fdd-110a1ac538af,dccf9ebe-f249-42c9-a6ba-2a1d2989d502,0.0,0.0,0.0,Passed,1.1785105466842651
a06a5d50-a583-447a-8fdd-110a1ac538af,dca5d301-3149-4b71-a1dc-387f761c7ad5,0.0,0.0,0.0,Passed,1.1759439706802368
a06a5d50-a583-447a-8fdd-110a1ac538af,17d27347-a145-4563-8f2c-14906557764b,45.0,0.0,0.0,Failed,1.1517560482025146
