Folder1,Folder2,AST Edit Distance,DFG Edit Distance,PDG Edit Distance,Passed Or Failed,Similarity Score during Execution
f8229e48-1dd4-4a41-9464-30d24da56c0d,9423a8d5-a8c1-4cf0-9ef1-030a96399b04,55.0,78.0,113.0,Passed,1.3074177503585815
f8229e48-1dd4-4a41-9464-30d24da56c0d,1d8a237a-edec-42c8-9494-d30f1d01a2f9,45.0,58.0,83.0,Passed,1.2694916725158691
f8229e48-1dd4-4a41-9464-30d24da56c0d,65a3ee52-9319-43de-805c-242335efd895,51.0,80.0,118.0,Failed,1.2283666133880615
