Folder1,Folder2,AST Edit Distance,DFG Edit Distance,PDG Edit Distance,Passed Or Failed,BLEU score
a1854a3a-0c4c-4618-80b6-a10c56dccecd,ef5e49db-3f16-44a3-be94-05c129d3b29f,32.0,0.0,0.0,Passed,0.3638802462128508
a1854a3a-0c4c-4618-80b6-a10c56dccecd,73b508a4-e1f1-4f7e-a109-911d9b232ff2,32.0,0.0,0.0,Passed,0.34027660226306927
a1854a3a-0c4c-4618-80b6-a10c56dccecd,e149891c-0cc2-457c-bfc6-a8ac6445234f,34.0,0.0,0.0,Passed,0.32181374133040874
a1854a3a-0c4c-4618-80b6-a10c56dccecd,0c389109-a5ac-4829-bf03-09fbc85c03a9,31.0,0.0,0.0,Passed,0.30865045220428267
a1854a3a-0c4c-4618-80b6-a10c56dccecd,33fc2c66-0c7f-4090-acfc-2f7274676893,62.0,198.0,258.0,Failed,0.30865045220428267
