Folder1,Folder2,AST Edit Distance,DFG Edit Distance,PDG Edit Distance,Passed Or Failed,ChrF Score
2bfe82f1-f120-42ee-94a8-e3d93ac7a389,32f470ba-c76e-405b-b284-5af176cbdd91,12.0,0.0,0.0,Passed,39.645554467459114
2bfe82f1-f120-42ee-94a8-e3d93ac7a389,c7123e50-ef96-4fc3-925f-e0be9e234832,12.0,38.0,58.0,Passed,39.010887490336636
2bfe82f1-f120-42ee-94a8-e3d93ac7a389,2cda325e-0d1b-47a3-b183-af7b72edd75a,14.0,38.0,56.0,Passed,36.37111019236698
2bfe82f1-f120-42ee-94a8-e3d93ac7a389,14f93573-2d87-4591-808e-ed2c145c1933,14.0,39.0,60.0,Failed,36.19839566932498
