Folder1,Folder2,AST Edit Distance,DFG Edit Distance,PDG Edit Distance,Passed Or Failed,Meteor Score
40b89aa6-4884-4007-b81f-ed210e79c9e6,38d9febe-846f-4fd2-b1b3-236689c79e74,5.0,0.0,0.0,Passed,0.748263888888889
40b89aa6-4884-4007-b81f-ed210e79c9e6,917fe518-5456-46bc-9fec-204dc0d62189,5.0,0.0,0.0,Passed,0.748263888888889
40b89aa6-4884-4007-b81f-ed210e79c9e6,d28a9d8d-c3d4-4939-89b9-2f159785372e,5.0,0.0,0.0,Passed,0.748263888888889
40b89aa6-4884-4007-b81f-ed210e79c9e6,d434d0b0-98e5-4145-8814-1201bbf2b3da,28.0,106.0,165.0,Failed,0.748263888888889
