Folder1,Folder2,AST Edit Distance,DFG Edit Distance,PDG Edit Distance,Passed Or Failed,BLEU score
34c3ee25-ce3e-498c-b0de-f8124d0c6421,575bd93e-3150-4cfd-8abd-7c14ca453e11,16.0,60.0,84.0,Passed,0.10779768683004065
34c3ee25-ce3e-498c-b0de-f8124d0c6421,4a2a1c5d-8fad-4bf2-b277-520872b090f9,13.0,20.0,24.0,Passed,0.0988199669062328
34c3ee25-ce3e-498c-b0de-f8124d0c6421,359d6327-6a15-46fa-b1b3-c51224a70994,24.0,48.0,67.0,Passed,0.09258211690601995
34c3ee25-ce3e-498c-b0de-f8124d0c6421,d64e4cb5-3888-4f1e-8be1-fbb21fb97bdc,25.0,24.0,43.0,Passed,0.09258211690601995
34c3ee25-ce3e-498c-b0de-f8124d0c6421,de47ab44-e8a3-43ac-9df6-24fd543bc7d5,5.0,14.0,18.0,Passed,0.09058993886154117
34c3ee25-ce3e-498c-b0de-f8124d0c6421,f77f9a5d-8601-4130-a9e9-dac5ca651bc4,16.0,60.0,87.0,Failed,0.09058993886154117
