Folder1,Folder2,AST Edit Distance,DFG Edit Distance,PDG Edit Distance,Passed Or Failed,BLEU score
7bd8b237-31f2-438b-a9dc-fd29cdae1a1e,102fc1d8-f7ed-4623-a345-524d92afb0f8,4.0,0.0,0.0,Passed,0.74652145828272
7bd8b237-31f2-438b-a9dc-fd29cdae1a1e,9a6eb394-d98c-4241-bbdf-ba2670e83ac7,4.0,0.0,0.0,Passed,0.74652145828272
7bd8b237-31f2-438b-a9dc-fd29cdae1a1e,b2df1488-fcec-4497-943d-d3d55e02b8e0,0.0,0.0,0.0,Passed,0.74652145828272
7bd8b237-31f2-438b-a9dc-fd29cdae1a1e,df0e0518-a891-4b7c-97ce-73201165c4bd,4.0,0.0,0.0,Passed,0.7382713360929901
7bd8b237-31f2-438b-a9dc-fd29cdae1a1e,bbd4dea5-d73f-4cd6-9db1-e3904126766c,15.0,0.0,0.0,Failed,0.7051356830121429
