Folder1,Folder2,AST Edit Distance,DFG Edit Distance,PDG Edit Distance,Passed Or Failed,Similarity Score during Execution
39ded62f-36fe-4ba6-b7a3-64c498850a23,ec49cbba-040f-4c4f-a309-130b4552c29d,0.0,0.0,0.0,Passed,1.351985216140747
39ded62f-36fe-4ba6-b7a3-64c498850a23,feef1cae-bdf8-4dec-8fab-38daef48f472,50.0,0.0,0.0,Passed,1.3182036876678467
39ded62f-36fe-4ba6-b7a3-64c498850a23,e24a63b6-0d3c-4ceb-938d-36232fc66f89,25.0,38.0,0.0,Failed,1.2680329084396362
