Folder1,Folder2,AST Edit Distance,DFG Edit Distance,PDG Edit Distance,Passed Or Failed,Similarity Score during Execution
f04c83e9-c8fa-4824-b5e4-824fe8efcb6a,023ae019-0c5a-4f9b-90d0-c436eeb9c293,0.0,0.0,0.0,Passed,1.3378095626831055
f04c83e9-c8fa-4824-b5e4-824fe8efcb6a,91a26837-230f-4098-89ee-2549626c27ee,10.0,0.0,0.0,Passed,1.3269031047821045
f04c83e9-c8fa-4824-b5e4-824fe8efcb6a,5e9c454e-bd55-471f-9c4c-fe00061f07df,75.0,62.0,124.0,Failed,1.3156346082687378
