Folder1,Folder2,AST Edit Distance,DFG Edit Distance,PDG Edit Distance,Passed Or Failed,Similarity Score during Execution
dd9b32e6-a8ae-40eb-9fa1-02c1a06e94ff,dd79aad2-78f7-48c0-a91f-676f9a82ac74,0.0,0.0,0.0,Passed,1.396348237991333
dd9b32e6-a8ae-40eb-9fa1-02c1a06e94ff,bb19d05e-4943-4c92-b306-a1a5ebacd4ff,0.0,0.0,0.0,Passed,1.35683274269104
dd9b32e6-a8ae-40eb-9fa1-02c1a06e94ff,eb99e220-edd5-4658-b71f-6b68ef6383bc,0.0,0.0,0.0,Passed,1.35382878780365
dd9b32e6-a8ae-40eb-9fa1-02c1a06e94ff,afba6da5-a93f-43ca-9918-0ae3f6bfd27d,0.0,0.0,0.0,Passed,1.3457413911819458
dd9b32e6-a8ae-40eb-9fa1-02c1a06e94ff,d5f9d02a-2801-4231-aa71-0a53e32f3bad,4.0,0.0,0.0,Failed,1.341583490371704
