Folder1,Folder2,AST Edit Distance,DFG Edit Distance,PDG Edit Distance,Passed Or Failed,ROUGE-2
afae4f80-ba75-4e24-9325-96dbd41d05d7,3149a7db-3681-4807-8503-3f958a36121b,33.0,88.0,129.0,Passed,0.14035087719298245
afae4f80-ba75-4e24-9325-96dbd41d05d7,4562ac80-66e2-4c89-983b-4cd66a9094de,32.0,121.0,179.0,Failed,0.10714285714285714
