Folder1,Folder2,AST Edit Distance,DFG Edit Distance,PDG Edit Distance,Passed Or Failed,Meteor Score
6d87d517-1c09-4134-8f9a-202c5c01e6d2,486b66fa-6d98-48eb-82ad-7a52e315b6be,3.0,0.0,0.0,Passed,0.6971959039142501
6d87d517-1c09-4134-8f9a-202c5c01e6d2,031327c5-2d24-444b-b870-0a3fa003b6b1,1.0,0.0,0.0,Passed,0.6195494186046512
6d87d517-1c09-4134-8f9a-202c5c01e6d2,b1c1f48e-81c9-4a9f-947c-95e4871886cb,2.0,0.0,0.0,Passed,0.6153100775193798
6d87d517-1c09-4134-8f9a-202c5c01e6d2,f95ab61d-2ed2-4c5b-9f01-eb7ee8182485,3.0,0.0,0.0,Failed,0.6153100775193798
