Folder1,Folder2,AST Edit Distance,DFG Edit Distance,PDG Edit Distance,Passed Or Failed,Meteor Score
32ea3c3a-1e54-4b1f-b3ba-e031992ce073,2beb3149-6b51-4a54-8da9-bbf7dbdc97b2,22.0,80.0,114.0,Passed,0.3998497370398197
32ea3c3a-1e54-4b1f-b3ba-e031992ce073,9af0ca59-981a-41d4-b33b-2707dc531e42,22.0,181.0,265.0,Failed,0.3998497370398197
