Folder1,Folder2,AST Edit Distance,DFG Edit Distance,PDG Edit Distance,Passed Or Failed,ROUGE-2
91cc6c21-60fd-4ef8-8705-a7b1c788d41d,fe48f41f-e07a-45a0-9f67-885133bc2187,38.0,26.0,47.0,Passed,0.5517241379310345
91cc6c21-60fd-4ef8-8705-a7b1c788d41d,c102edad-78b0-4fb3-8238-86aaf0b673b8,3.0,0.0,0.0,Passed,0.5
91cc6c21-60fd-4ef8-8705-a7b1c788d41d,3ddeb011-8fde-4732-9063-aef33811d10b,19.0,29.0,53.0,Passed,0.48275862068965514
91cc6c21-60fd-4ef8-8705-a7b1c788d41d,dc669e0b-c915-41e3-8ace-0da6bfa62393,17.0,79.0,129.0,Failed,0.48275862068965514
