Folder1,Folder2,AST Edit Distance,DFG Edit Distance,PDG Edit Distance,Passed Or Failed,BLEU score
796f6288-4f27-4515-8c96-302c41dc56d9,7aac227a-36ac-4590-bf2d-d7809c871bd9,39.0,0.0,0.0,Passed,0.5026147453550859
796f6288-4f27-4515-8c96-302c41dc56d9,aebbc0c8-4abd-4351-ae84-988f3d7b0f1b,34.0,0.0,0.0,Passed,0.5026147453550859
796f6288-4f27-4515-8c96-302c41dc56d9,fb69b67f-7eb3-4743-b2ed-ab4cb25fe31e,25.0,0.0,0.0,Passed,0.5026147453550859
796f6288-4f27-4515-8c96-302c41dc56d9,6c746e15-a3ad-450a-9f00-6874811dc2b1,25.0,0.0,0.0,Passed,0.46269559069048705
796f6288-4f27-4515-8c96-302c41dc56d9,f94d29f8-cf0b-42da-8bf9-b0916f438800,49.0,0.0,0.0,Failed,0.46269559069048705
