Folder1,Folder2,AST Edit Distance,DFG Edit Distance,PDG Edit Distance,Passed Or Failed,Euclidean Distance
737c73c8-5b19-4347-aa9a-c3204b495cb0,18373c41-68e8-4be2-8a03-7365a694c8b2,53.0,17.0,35.0,Passed,0.49643826484680176
737c73c8-5b19-4347-aa9a-c3204b495cb0,2fd9e94f-9fdb-43ab-8e2f-d7f61c903fc8,53.0,17.0,35.0,Passed,0.49643826484680176
737c73c8-5b19-4347-aa9a-c3204b495cb0,85ba2133-8528-4c68-bd7e-922ac86b8ac5,33.0,21.0,26.0,Passed,0.5054317116737366
737c73c8-5b19-4347-aa9a-c3204b495cb0,17d6550b-815a-4147-a04f-407e538da5ec,54.0,28.0,51.0,Failed,0.5067475438117981
