Folder1,Folder2,AST Edit Distance,DFG Edit Distance,PDG Edit Distance,Passed Or Failed,ChrF Score
5f018ca5-f124-4f72-8a59-6dd5da43131e,ab3c232f-9a55-4040-8eba-91960cbe9e12,42.0,0.0,0.0,Passed,71.86964850028741
5f018ca5-f124-4f72-8a59-6dd5da43131e,e337a04f-cef9-45de-95dc-2c8aa88e2ab6,42.0,0.0,0.0,Failed,71.86964850028741
