Folder1,Folder2,AST Edit Distance,DFG Edit Distance,PDG Edit Distance,Passed Or Failed,Similarity Score during Execution
7db29848-aec2-4117-bf27-c22f4b6a6d8d,e357db9a-16fa-4820-8c5b-007b8bd25082,20.0,0.0,0.0,Passed,1.3639897108078003
7db29848-aec2-4117-bf27-c22f4b6a6d8d,2be24346-4372-42bf-9682-f068edd8f71d,7.0,0.0,0.0,Passed,0.9754365682601929
7db29848-aec2-4117-bf27-c22f4b6a6d8d,7c585959-916f-4719-8ba8-8b8a4584f437,7.0,63.0,98.0,Failed,0.9263554215431213
