Folder1,Folder2,AST Edit Distance,DFG Edit Distance,PDG Edit Distance,Passed Or Failed,Cosine Similarity
7c9b2d04-7581-4732-89c4-f266fa72096f,0af5eceb-98d8-4ee6-aa58-11b70da9e726,1.0,0.0,0.0,Passed,0.9982598423957825
7c9b2d04-7581-4732-89c4-f266fa72096f,bab7df83-aff0-46c4-baeb-a93ce8d04ae3,1.0,0.0,0.0,Passed,0.9982598423957825
7c9b2d04-7581-4732-89c4-f266fa72096f,0c1c5962-1b03-48c8-b77c-abc668551c4e,1.0,0.0,0.0,Passed,0.9982219934463501
7c9b2d04-7581-4732-89c4-f266fa72096f,b8f02c70-9c7c-4618-b545-a5e340564d71,1.0,0.0,0.0,Passed,0.9982219934463501
7c9b2d04-7581-4732-89c4-f266fa72096f,e2e00725-174b-4379-b9f3-03ec5ad69cb6,27.0,37.0,0.0,Failed,0.9978450536727905
