Folder1,Folder2,AST Edit Distance,DFG Edit Distance,PDG Edit Distance,Passed Or Failed,Meteor Score
ac63d312-978f-4e66-9219-e15aefd2465a,b81c11d9-defb-4b31-8792-ab7e1897793d,31.0,12.0,21.0,Passed,0.8412698412698414
ac63d312-978f-4e66-9219-e15aefd2465a,758e2ab5-98d8-4ae9-89bb-70cb85680a02,44.0,30.0,54.0,Passed,0.7777449822904368
ac63d312-978f-4e66-9219-e15aefd2465a,20dc02b9-1d9c-405c-85a5-6dc7b6b5a182,35.0,47.0,67.0,Failed,0.7668240850059032
