Folder1,Folder2,AST Edit Distance,DFG Edit Distance,PDG Edit Distance,Passed Or Failed,Similarity Score during Execution
b120b84c-b29e-46a5-9e41-a67176621adc,a4131cbe-4e6e-4ceb-b7cc-3ac73ac39c4c,0.0,68.0,96.0,Passed,0.9175224900245667
b120b84c-b29e-46a5-9e41-a67176621adc,bfdbe7a5-48e4-4792-8f00-40c3a70a822b,0.0,68.0,96.0,Passed,0.8703190088272095
b120b84c-b29e-46a5-9e41-a67176621adc,aafd7059-7a33-46ae-b93d-3774ba6f044d,14.0,68.0,96.0,Failed,0.8600319623947144
