Folder1,Folder2,AST Edit Distance,DFG Edit Distance,PDG Edit Distance,Passed Or Failed,ChrF Score
77080d3d-8f07-4a92-a88a-b48213fdd0ad,afe9c7aa-1e9f-4e7c-91d9-4889506604e0,48.0,41.0,62.0,Passed,41.82038603636192
77080d3d-8f07-4a92-a88a-b48213fdd0ad,c727408c-1cc4-444c-8aeb-fd1ab44a6873,40.0,63.0,92.0,Passed,41.66747264133487
77080d3d-8f07-4a92-a88a-b48213fdd0ad,f4224ff9-d79b-440b-bfe7-7010bd1981f5,38.0,31.0,49.0,Passed,41.499093710302596
77080d3d-8f07-4a92-a88a-b48213fdd0ad,01de13d0-d8be-4a1c-a043-f4883aadf76f,30.0,37.0,56.0,Passed,38.42262115111406
77080d3d-8f07-4a92-a88a-b48213fdd0ad,9ea66c77-9bff-471b-9b8e-af628084e280,37.0,55.0,82.0,Passed,36.849546304074444
77080d3d-8f07-4a92-a88a-b48213fdd0ad,a3285058-b218-48d6-8777-4d560ff33e42,42.0,10.0,14.0,Passed,30.361925643741987
77080d3d-8f07-4a92-a88a-b48213fdd0ad,7a32484b-c85b-4fce-9d0e-2ec57c7ce3a7,37.0,75.0,116.0,Failed,28.84114448655412
