Folder1,Folder2,AST Edit Distance,DFG Edit Distance,PDG Edit Distance,Passed Or Failed,Meteor Score
b34132d1-c653-4a27-9341-3bc379a10231,b634b361-4cdd-4c9e-951e-79a331ccdf38,0.0,0.0,0.0,Passed,0.545157967032967
b34132d1-c653-4a27-9341-3bc379a10231,deebee47-fe6c-4ae3-bfb1-ea86358fee7c,23.0,0.0,0.0,Failed,0.515174408400296
