Folder1,Folder2,AST Edit Distance,DFG Edit Distance,PDG Edit Distance,Passed Or Failed,ChrF Score
c49760f5-fb14-4fbf-aad5-22be4eccf131,603394d5-c1dc-4d85-b017-8c937b1d1d5d,1.0,0.0,0.0,Passed,47.674367389330605
c49760f5-fb14-4fbf-aad5-22be4eccf131,b14f51b2-51af-4e65-8181-01cedf53194e,13.0,0.0,0.0,Passed,46.75354375444287
c49760f5-fb14-4fbf-aad5-22be4eccf131,ba288efa-a3a1-4c10-99e1-a6c3029fdd84,13.0,0.0,0.0,Passed,45.88738218805533
c49760f5-fb14-4fbf-aad5-22be4eccf131,da998279-81e2-4dd2-984a-726586cd46fa,7.0,0.0,0.0,Passed,45.53255098324585
c49760f5-fb14-4fbf-aad5-22be4eccf131,cefa2406-37c2-470f-993f-b25cffc309ce,19.0,0.0,0.0,Failed,45.41513762946931
