Folder1,Folder2,AST Edit Distance,DFG Edit Distance,PDG Edit Distance,Passed Or Failed,ROUGE-L
1f8b689a-0933-45bc-bde4-9aa0a730c640,2fa6b898-2c5b-4632-8df0-380aeb8a9b43,0.0,0.0,0.0,Passed,0.7272727272727274
1f8b689a-0933-45bc-bde4-9aa0a730c640,dd86ebb7-f921-46b0-8622-79d9c9eee6a8,1.0,0.0,0.0,Passed,0.7272727272727274
1f8b689a-0933-45bc-bde4-9aa0a730c640,7d376530-ad53-4b9e-a617-643d9dfae79f,0.0,0.0,0.0,Passed,0.6666666666666667
1f8b689a-0933-45bc-bde4-9aa0a730c640,e0b003e1-4aee-4105-ac9c-a438d900e9a8,0.0,0.0,0.0,Passed,0.6666666666666667
1f8b689a-0933-45bc-bde4-9aa0a730c640,13e249a2-834f-4c60-94d1-7666a9e1dd70,20.0,83.0,127.0,Passed,0.6363636363636364
1f8b689a-0933-45bc-bde4-9aa0a730c640,19b2157f-75c8-4349-b57e-29508ea9f86a,0.0,0.0,0.0,Passed,0.6363636363636364
1f8b689a-0933-45bc-bde4-9aa0a730c640,1c2938bd-0c73-4b47-ab30-84979a07d4bb,20.0,102.0,151.0,Failed,0.6363636363636364
