Folder1,Folder2,AST Edit Distance,DFG Edit Distance,PDG Edit Distance,Passed Or Failed,ROUGE-L
986a875e-15f7-4096-91a3-90fe75f9e0b3,df19fb74-19bb-46b4-b141-15d51855284a,0.0,0.0,0.0,Passed,0.8571428571428571
986a875e-15f7-4096-91a3-90fe75f9e0b3,20a78a5d-7bea-4162-8c40-0822b355fcd5,0.0,0.0,0.0,Passed,0.8292682926829269
986a875e-15f7-4096-91a3-90fe75f9e0b3,836a0680-07a9-4148-a886-eda7f7ad5d32,0.0,41.0,62.0,Passed,0.8292682926829269
986a875e-15f7-4096-91a3-90fe75f9e0b3,07123224-c7da-458d-8125-24fccf172465,3.0,87.0,128.0,Failed,0.8095238095238095
