Folder1,Folder2,AST Edit Distance,DFG Edit Distance,PDG Edit Distance,Passed Or Failed,Meteor Score
c49760f5-fb14-4fbf-aad5-22be4eccf131,521671a4-9560-43ac-9c32-7deb4ad2443e,0.0,0.0,0.0,Passed,0.3860207100591716
c49760f5-fb14-4fbf-aad5-22be4eccf131,559cfc6b-489b-464b-aa93-c623a3636f1a,0.0,0.0,0.0,Passed,0.3860207100591716
c49760f5-fb14-4fbf-aad5-22be4eccf131,df2d6ae9-36d1-4bd5-b319-cec823530faf,12.0,0.0,0.0,Passed,0.3860207100591716
c49760f5-fb14-4fbf-aad5-22be4eccf131,2e8664d1-94d8-4828-8fc9-214417765419,2.0,0.0,0.0,Passed,0.38185404339250495
c49760f5-fb14-4fbf-aad5-22be4eccf131,6b97d8f9-3fd0-4067-b3a6-2c904ebd5adb,0.0,0.0,0.0,Passed,0.38185404339250495
c49760f5-fb14-4fbf-aad5-22be4eccf131,c6d82bb4-72ce-4118-8381-6a724607e71a,0.0,0.0,0.0,Passed,0.36885268293749013
c49760f5-fb14-4fbf-aad5-22be4eccf131,dc267831-c9a4-4932-9945-558328426366,3.0,0.0,0.0,Passed,0.36885268293749013
c49760f5-fb14-4fbf-aad5-22be4eccf131,f6090abe-280d-404a-984b-5ade24a87260,19.0,0.0,0.0,Failed,0.36885268293749013
