Folder1,Folder2,AST Edit Distance,DFG Edit Distance,PDG Edit Distance,Passed Or Failed,ROUGE-2
f0190746-a028-4100-ac65-f3a957f01944,a0905dc9-8ea1-4131-ae45-acd72c429504,0.0,26.0,34.0,Passed,0.6511627906976744
f0190746-a028-4100-ac65-f3a957f01944,3921cba5-71bf-493c-ae4a-7cba4802e0f0,0.0,0.0,0.0,Passed,0.6190476190476191
f0190746-a028-4100-ac65-f3a957f01944,e21d84b9-a6ba-46b9-85de-2348341cb515,0.0,0.0,0.0,Passed,0.6190476190476191
f0190746-a028-4100-ac65-f3a957f01944,5c072214-f4ad-4239-ab09-09fcb16f0feb,1.0,33.0,45.0,Failed,0.6046511627906976
