Folder1,Folder2,AST Edit Distance,DFG Edit Distance,PDG Edit Distance,Passed Or Failed,Cosine Similarity
c49760f5-fb14-4fbf-aad5-22be4eccf131,a8af7230-4bc7-491d-b77b-b710ee90b096,39.0,0.0,0.0,Passed,0.9863376617431641
c49760f5-fb14-4fbf-aad5-22be4eccf131,dcce1d7a-6cce-496f-a779-bdbe706766a8,41.0,0.0,0.0,Passed,0.9862400889396667
c49760f5-fb14-4fbf-aad5-22be4eccf131,e60ad339-4836-4a7f-a5da-dff52d2bc4a3,41.0,0.0,0.0,Failed,0.9837316274642944
