Folder1,Folder2,AST Edit Distance,DFG Edit Distance,PDG Edit Distance,Passed Or Failed,Euclidean Distance
3b061828-95c9-4ac0-a670-003c9557156c,750ee945-d4e4-4c65-91b2-f615c78f3b10,0.0,0.0,0.0,Passed,0.24133090674877167
3b061828-95c9-4ac0-a670-003c9557156c,d1a8c934-cd60-4756-a7e4-fb5e2af085ce,0.0,0.0,0.0,Passed,0.24133090674877167
3b061828-95c9-4ac0-a670-003c9557156c,113ca541-ef44-4cad-a0e2-533a06ce27f3,1.0,0.0,0.0,Passed,0.24759705364704132
3b061828-95c9-4ac0-a670-003c9557156c,42af741c-bfca-4055-9a75-4c69a4a9dbc4,3.0,41.0,61.0,Failed,0.24759705364704132
