Folder1,Folder2,AST Edit Distance,DFG Edit Distance,PDG Edit Distance,Passed Or Failed,Meteor Score
ef98cf91-31f4-40ef-8f41-38eaffcc1f4e,b9cdd87e-8a7d-4385-a7e5-a6185f735856,0.0,0.0,0.0,Passed,0.7935332157554381
ef98cf91-31f4-40ef-8f41-38eaffcc1f4e,d57b0065-19a7-4180-8184-f439396c4001,5.0,0.0,0.0,Passed,0.7935332157554381
ef98cf91-31f4-40ef-8f41-38eaffcc1f4e,8841230a-ec1c-4515-8515-9f415b7c4317,0.0,0.0,0.0,Passed,0.7927101704879483
ef98cf91-31f4-40ef-8f41-38eaffcc1f4e,9bed2ffe-929c-4594-9483-2a333c9478df,0.0,0.0,0.0,Passed,0.7927101704879483
ef98cf91-31f4-40ef-8f41-38eaffcc1f4e,a7e847a0-324b-4f9e-85ce-b78cfc418e40,6.0,19.0,29.0,Failed,0.7927101704879483
