Folder1,Folder2,AST Edit Distance,DFG Edit Distance,PDG Edit Distance,Passed Or Failed,Similarity Score during Execution
9de29147-53e8-411f-9d23-e202b4eaf5e8,eb297001-5afb-48d3-8c6b-ab4bd841ad9e,37.0,0.0,0.0,Passed,1.393552303314209
9de29147-53e8-411f-9d23-e202b4eaf5e8,cdc09bd8-22f5-4a6f-bab0-b759c17ac5a2,25.0,0.0,0.0,Passed,1.3791141510009766
9de29147-53e8-411f-9d23-e202b4eaf5e8,e73ddb1a-eb64-405a-a8ea-1769985340d3,47.0,0.0,0.0,Passed,1.3782246112823486
9de29147-53e8-411f-9d23-e202b4eaf5e8,ec35d82a-ebfc-4deb-8124-685b1cda6ef0,87.0,0.0,0.0,Failed,1.355704426765442
