Folder1,Folder2,AST Edit Distance,DFG Edit Distance,PDG Edit Distance,Passed Or Failed,Cosine Similarity
0abcf712-aa77-49ec-86ec-180e28896758,0285e68c-8256-4444-a3ab-ab10ac4f450c,31.0,0.0,0.0,Passed,1.0000001192092896
0abcf712-aa77-49ec-86ec-180e28896758,777b2281-b32c-4363-b7af-d67281efae5e,31.0,0.0,0.0,Passed,1.0000001192092896
0abcf712-aa77-49ec-86ec-180e28896758,96cf4153-099f-470f-8565-e5b72257a42c,35.0,0.0,0.0,Passed,1.0000001192092896
0abcf712-aa77-49ec-86ec-180e28896758,dec18c41-6fbc-425c-ba7e-be726d4e2b1b,3.0,0.0,0.0,Passed,1.0000001192092896
0abcf712-aa77-49ec-86ec-180e28896758,f36baf53-09fd-4236-a711-e0b7ed7f04d2,1.0,0.0,0.0,Passed,1.0000001192092896
0abcf712-aa77-49ec-86ec-180e28896758,ef2b40ed-b4f3-4bc4-bca7-a0926b03197b,31.0,0.0,0.0,Passed,0.9994540810585022
0abcf712-aa77-49ec-86ec-180e28896758,9758b8ca-aa8f-4423-9538-5097767e30ef,61.0,46.0,77.0,Failed,0.9992809295654297
