Folder1,Folder2,AST Edit Distance,DFG Edit Distance,PDG Edit Distance,Semantic Similarity Using Roberta,Passed Or Failed,Similarity Score during Execution,Serial Execution,Cosine Similarity,Euclidean Distance,BLEU score,Maximal Safe Radius,Neighbourhood,Number Of Words,Levenshtein_CharacterLevel,Levenshtein_WordLevel,ROUGE-1,ROUGE-2,ROUGE-L,Meteor Score,ChrF Score
ca9e7c03-b2a0-43c7-9b01-77ae3dc980c9,3ed79a35-d0ac-4c9e-bf84-85d5741f03a4,32.0,0.0,0.0,0.0,Failed,1.0990105867385864,0.0,0.9984162449836731,0.22648204863071442,0.7226568811456049,4.9001047270638605,1.0,1.0,19.0,1.0,0.924731182795699,0.9010989010989012,0.924731182795699,0.9296512576872908,83.51148315501464
ca9e7c03-b2a0-43c7-9b01-77ae3dc980c9,96ac0967-225e-4ae5-abbb-1d830f71c11d,68.0,0.0,0.0,0.0,Failed,1.0483813285827637,0.0,0.9980897307395935,0.24508078396320343,0.6865402793465087,4.696035265922546,1.0,1.0,23.0,1.0,0.9032258064516129,0.8571428571428571,0.9032258064516129,0.9068381519274376,80.9837480072361
