Folder1,Folder2,AST Edit Distance,DFG Edit Distance,PDG Edit Distance,Passed Or Failed,Cosine Similarity
7d113005-908f-4281-a36f-c7bb461ac862,7ac25d70-dc44-45d4-b221-74057f859060,22.0,0.0,0.0,Passed,0.9986437559127808
7d113005-908f-4281-a36f-c7bb461ac862,736ab006-cf45-4bea-b066-3b80d9e3cf67,18.0,0.0,0.0,Passed,0.9986189007759094
7d113005-908f-4281-a36f-c7bb461ac862,fdb2d9d4-4a12-402c-bb52-2456ba0cd12c,0.0,0.0,0.0,Passed,0.9986189007759094
7d113005-908f-4281-a36f-c7bb461ac862,e4df667a-af47-4b8a-b2a0-ab72294ea528,0.0,0.0,0.0,Passed,0.998579204082489
7d113005-908f-4281-a36f-c7bb461ac862,fdcd03eb-4f7b-4f97-9a83-ba874ac99288,1.0,0.0,0.0,Passed,0.998579204082489
7d113005-908f-4281-a36f-c7bb461ac862,22cd0089-e0f4-48ec-bc36-e5f67319a518,3.0,48.0,0.0,Failed,0.9985523223876953
