Folder1,Folder2,AST Edit Distance,DFG Edit Distance,PDG Edit Distance,Passed Or Failed,BLEU score
59584de2-13da-4e09-b6cc-775ab55a024c,dc9eff26-c46f-40d2-b958-42f17d5e7924,6.0,0.0,0.0,Passed,0.5362721716524187
59584de2-13da-4e09-b6cc-775ab55a024c,c2bb8281-931c-4c30-bb07-79d06113e02b,5.0,77.0,136.0,Failed,0.46507550803536196
