Folder1,Folder2,AST Edit Distance,DFG Edit Distance,PDG Edit Distance,Passed Or Failed,Meteor Score
c72d4d53-ab06-457e-84e4-0109e0537dad,81424562-20e8-4363-b8f8-8d5a36f03630,0.0,0.0,0.0,Passed,0.3384418901660281
c72d4d53-ab06-457e-84e4-0109e0537dad,a073f2a2-1c89-43c9-b070-a1a3973540dc,17.0,0.0,0.0,Passed,0.3384418901660281
c72d4d53-ab06-457e-84e4-0109e0537dad,e7461c8b-1ff4-4ec6-b520-33e3680a8bef,0.0,0.0,0.0,Passed,0.3384418901660281
c72d4d53-ab06-457e-84e4-0109e0537dad,ee264737-0b7e-4476-8192-8ca058f48ced,0.0,0.0,0.0,Passed,0.3384418901660281
c72d4d53-ab06-457e-84e4-0109e0537dad,6a96554c-a8d8-4690-89a7-114a09621b8f,0.0,0.0,0.0,Passed,0.3152641786102834
c72d4d53-ab06-457e-84e4-0109e0537dad,647b3e6e-a121-408d-b28c-6c7aeffe98e7,27.0,0.0,0.0,Passed,0.3041187739463601
c72d4d53-ab06-457e-84e4-0109e0537dad,ec048020-4458-4686-bacb-076a1fdc7b71,71.0,0.0,0.0,Passed,0.3041187739463601
c72d4d53-ab06-457e-84e4-0109e0537dad,1adaad51-16de-4d63-8464-5004c2981ae7,68.0,148.0,212.0,Failed,0.29843151340996166
