Folder1,Folder2,AST Edit Distance,DFG Edit Distance,PDG Edit Distance,Passed Or Failed,Euclidean Distance
f8229e48-1dd4-4a41-9464-30d24da56c0d,db2e9212-3cec-4595-a29f-8557217ac272,50.0,50.0,79.0,Passed,0.42114338278770447
f8229e48-1dd4-4a41-9464-30d24da56c0d,c4ae7ad4-fd18-47cf-8a2f-8c6b10c129b3,20.0,64.0,95.0,Passed,0.5297970175743103
f8229e48-1dd4-4a41-9464-30d24da56c0d,d158ef51-3f39-4230-9784-d03e64187d2b,62.0,60.0,91.0,Failed,0.575425386428833
