Folder1,Folder2,AST Edit Distance,DFG Edit Distance,PDG Edit Distance,Passed Or Failed,Euclidean Distance
1ea56590-e9fb-4c0d-8b26-71296a16f99f,0613b0fc-814b-458c-8ae6-d9ff7f3271fa,22.0,0.0,0.0,Passed,0.2858157157897949
1ea56590-e9fb-4c0d-8b26-71296a16f99f,2ed34ef5-9009-41cd-8565-27efcd227a74,26.0,0.0,0.0,Failed,0.2858157157897949
