Folder1,Folder2,AST Edit Distance,DFG Edit Distance,PDG Edit Distance,Passed Or Failed,Cosine Similarity
f4cc4033-29a4-4e26-9888-460b545a9d56,bdaaf2d5-20ff-4a54-bbb4-bc1e3bcc9eb4,26.0,0.0,0.0,Passed,0.9963620901107788
f4cc4033-29a4-4e26-9888-460b545a9d56,37a9558d-d0b3-4ff6-8c5b-a2cc52423207,31.0,0.0,0.0,Failed,0.9954675436019897
