Folder1,Folder2,AST Edit Distance,DFG Edit Distance,PDG Edit Distance,Passed Or Failed,ChrF Score
ee40bdc1-7a6d-4082-ad49-b4227b3beedb,06275507-14c6-48a1-9c81-471ed80592d8,8.0,0.0,0.0,Passed,71.59249354680962
ee40bdc1-7a6d-4082-ad49-b4227b3beedb,ed68c758-b9fc-4505-8836-5419885b31ef,28.0,0.0,0.0,Passed,71.56994017572845
ee40bdc1-7a6d-4082-ad49-b4227b3beedb,fcbdd3d0-2f16-4137-bfc4-1a34a13e173e,42.0,0.0,0.0,Failed,71.56994017572845
