Folder1,Folder2,AST Edit Distance,DFG Edit Distance,PDG Edit Distance,Passed Or Failed,Similarity Score during Execution
28d4299c-fd33-46ab-9227-94791ee0b0cd,ee0936ab-ecad-4527-bba9-49457436e656,27.0,53.0,87.0,Passed,1.3519028425216675
28d4299c-fd33-46ab-9227-94791ee0b0cd,d5003678-ab24-4c1f-ae3e-1194cc396134,38.0,56.0,86.0,Failed,1.3248844146728516
