Folder1,Folder2,AST Edit Distance,DFG Edit Distance,PDG Edit Distance,Passed Or Failed,Meteor Score
1e3c579c-dad5-49db-8a39-d9685c256160,70b0bfb1-6e3c-435e-9637-6b60db349375,2.0,17.0,21.0,Passed,0.9997724169321802
1e3c579c-dad5-49db-8a39-d9685c256160,299121c2-0541-4cc8-9c85-7daa675cf7bf,3.0,26.0,31.0,Passed,0.7211538461538461
1e3c579c-dad5-49db-8a39-d9685c256160,0fb59fee-e195-48df-8bf2-ce49da91b6f9,2.0,41.0,52.0,Failed,0.6861538461538462
