Folder1,Folder2,AST Edit Distance,DFG Edit Distance,PDG Edit Distance,Passed Or Failed,Euclidean Distance
daac3eff-42c5-4050-88e5-1ef987ac35c2,3b6e70c4-b6fc-4cca-8559-bf2beed5c77a,0.0,0.0,0.0,Passed,0.6002615690231323
daac3eff-42c5-4050-88e5-1ef987ac35c2,426f9c17-7f21-4374-9c1a-db5de28779ec,2.0,0.0,0.0,Passed,0.6002615690231323
daac3eff-42c5-4050-88e5-1ef987ac35c2,f62730b9-5237-4ba8-ac4d-42b5f69acbe4,2.0,0.0,0.0,Passed,0.6253613233566284
daac3eff-42c5-4050-88e5-1ef987ac35c2,89b8b2bb-228a-4f0e-94b7-060bb273d44a,2.0,0.0,0.0,Passed,0.6297574639320374
daac3eff-42c5-4050-88e5-1ef987ac35c2,358613ce-6c3e-4175-b4e2-508ca92224f7,0.0,0.0,0.0,Passed,0.6364184617996216
daac3eff-42c5-4050-88e5-1ef987ac35c2,96d5c10b-16f9-4ceb-a8eb-1666111494f8,2.0,0.0,0.0,Passed,0.6364184617996216
daac3eff-42c5-4050-88e5-1ef987ac35c2,0daee780-6684-4d5e-8801-a1f0f068835f,6.0,43.0,56.0,Failed,0.6721258163452148
