Folder1,Folder2,AST Edit Distance,DFG Edit Distance,PDG Edit Distance,Passed Or Failed,ChrF Score
b983b390-8a0a-4e3e-8584-2b3cd68c55f8,cddf45b3-14e1-4a95-9e52-ff2c28a2be11,19.0,0.0,0.0,Passed,77.91473057074293
b983b390-8a0a-4e3e-8584-2b3cd68c55f8,da63fd80-a244-4645-9823-dc2a61cd1d1d,1.0,0.0,0.0,Passed,77.91473057074293
b983b390-8a0a-4e3e-8584-2b3cd68c55f8,6a8ce37f-0b1b-4c55-98c0-52a608e62e87,1.0,0.0,0.0,Passed,76.67966549849027
b983b390-8a0a-4e3e-8584-2b3cd68c55f8,9147efd6-201b-45b4-b055-b5b1632bda1e,33.0,0.0,0.0,Passed,76.67966549849027
b983b390-8a0a-4e3e-8584-2b3cd68c55f8,116a2f03-7205-4f7e-9888-810a0bf77ef4,24.0,49.0,84.0,Passed,75.88526043396669
b983b390-8a0a-4e3e-8584-2b3cd68c55f8,9b72e0ff-e1dc-4110-b61e-f6bce8449446,40.0,44.0,85.0,Failed,75.88526043396669
