Folder1,Folder2,AST Edit Distance,DFG Edit Distance,PDG Edit Distance,Passed Or Failed,ChrF Score
7dd9ddee-e7f0-4ecc-b4ce-40a1873df54e,2cdcdf1f-aaaa-46c0-830d-3e19296107da,2.0,0.0,0.0,Passed,62.174285310492984
7dd9ddee-e7f0-4ecc-b4ce-40a1873df54e,f861ea96-33ba-4c4e-ab00-d4c270e95391,2.0,0.0,0.0,Passed,61.87971056362659
7dd9ddee-e7f0-4ecc-b4ce-40a1873df54e,4a071807-5f96-46e8-bc7a-131c717764d8,2.0,0.0,0.0,Passed,61.70686446962975
7dd9ddee-e7f0-4ecc-b4ce-40a1873df54e,f46fd73b-6f69-4a9b-acdf-42a6205938f0,2.0,0.0,0.0,Failed,59.11755239494207
