Folder1,Folder2,AST Edit Distance,DFG Edit Distance,PDG Edit Distance,Passed Or Failed,Euclidean Distance
b0a16951-7e45-41e9-aa3e-1b418dcc8abf,c9317c3c-f1a8-4ec4-a536-46465b1e4f02,13.0,21.0,30.0,Passed,0.1026284396648407
b0a16951-7e45-41e9-aa3e-1b418dcc8abf,d60187af-2312-469e-89b5-5aa0db1be065,31.0,21.0,30.0,Failed,0.1026284396648407
