Folder1,Folder2,AST Edit Distance,DFG Edit Distance,PDG Edit Distance,Passed Or Failed,ROUGE-2
b34132d1-c653-4a27-9341-3bc379a10231,0c3553b0-cd97-43da-9293-3130ecef490d,0.0,0.0,0.0,Passed,0.6557377049180327
b34132d1-c653-4a27-9341-3bc379a10231,19756c2a-f6ab-44d6-9c2f-6f8975b834a8,0.0,0.0,0.0,Passed,0.6229508196721311
b34132d1-c653-4a27-9341-3bc379a10231,ef1b3c78-ef5b-43a8-a24f-212ce1458baf,23.0,0.0,0.0,Failed,0.6
