Folder1,Folder2,AST Edit Distance,DFG Edit Distance,PDG Edit Distance,Passed Or Failed,ROUGE-L
c49760f5-fb14-4fbf-aad5-22be4eccf131,be8d2440-4376-43ad-885b-c1b59e96d978,5.0,0.0,0.0,Passed,0.4935064935064935
c49760f5-fb14-4fbf-aad5-22be4eccf131,0dd5b2a8-4edf-4519-9b16-785a18564f55,6.0,0.0,0.0,Failed,0.4871794871794871
