Folder1,Folder2,AST Edit Distance,DFG Edit Distance,PDG Edit Distance,Passed Or Failed,ROUGE-L
c49760f5-fb14-4fbf-aad5-22be4eccf131,063a575c-95d6-4a1b-abee-e2f47e38e0b0,0.0,0.0,0.0,Passed,0.4935064935064935
c49760f5-fb14-4fbf-aad5-22be4eccf131,15568147-90ca-4203-8366-04f3b4a6a1d5,0.0,0.0,0.0,Passed,0.4935064935064935
c49760f5-fb14-4fbf-aad5-22be4eccf131,0e9c9a49-06e7-450b-a135-b64ad2fe4585,13.0,0.0,0.0,Passed,0.4871794871794871
c49760f5-fb14-4fbf-aad5-22be4eccf131,899a78f1-204e-4db0-832f-c8f176688276,8.0,0.0,0.0,Passed,0.4871794871794871
c49760f5-fb14-4fbf-aad5-22be4eccf131,be7662fd-9c3c-4036-a588-ae97a65f2d28,7.0,0.0,0.0,Passed,0.4871794871794871
c49760f5-fb14-4fbf-aad5-22be4eccf131,c6978412-6bf1-444a-97a9-1e5078e8b264,19.0,0.0,0.0,Failed,0.4871794871794871
