Folder1,Folder2,AST Edit Distance,DFG Edit Distance,PDG Edit Distance,Passed Or Failed,Meteor Score
bea47db6-bb14-4744-9cdd-8b6caee5dd81,0693f1df-3033-4c7a-bc00-b6a80a259dbd,0.0,0.0,0.0,Passed,0.7910696236399312
bea47db6-bb14-4744-9cdd-8b6caee5dd81,8fd886d2-b045-47ab-851b-85dbc093aec0,0.0,0.0,0.0,Passed,0.7910696236399312
bea47db6-bb14-4744-9cdd-8b6caee5dd81,a92e1590-f02c-47d2-b435-8ed174f15bd1,0.0,0.0,0.0,Passed,0.7910696236399312
bea47db6-bb14-4744-9cdd-8b6caee5dd81,b4958648-2a3c-49e9-b477-216e93c7f432,0.0,0.0,0.0,Passed,0.7910696236399312
bea47db6-bb14-4744-9cdd-8b6caee5dd81,d2738655-0ce8-43c4-8e8e-5ed54c08e1c5,1.0,0.0,0.0,Passed,0.7910696236399312
bea47db6-bb14-4744-9cdd-8b6caee5dd81,e88f1ca7-7fec-47c5-9fa0-e0d4ef817a50,0.0,0.0,0.0,Passed,0.7910696236399312
bea47db6-bb14-4744-9cdd-8b6caee5dd81,3721d156-6537-49c6-b4ee-f87d84d2959e,0.0,0.0,0.0,Passed,0.7190647482014388
bea47db6-bb14-4744-9cdd-8b6caee5dd81,fe84fb15-a9fa-4ed6-9f02-d708a9848f48,7.0,99.0,141.0,Failed,0.7190647482014388
