Folder1,Folder2,AST Edit Distance,DFG Edit Distance,PDG Edit Distance,Passed Or Failed,Cosine Similarity
fd60bd6a-8ab6-420c-9d96-917a6e46dc62,78ccd483-aec9-4e79-ae6f-ebda19d79c31,32.0,0.0,0.0,Passed,0.9992624521255493
fd60bd6a-8ab6-420c-9d96-917a6e46dc62,f9ff3892-4bd9-4cea-b0ea-9c4ce96ac37b,32.0,0.0,0.0,Passed,0.9992624521255493
fd60bd6a-8ab6-420c-9d96-917a6e46dc62,f39b5d7f-9434-4888-a3c7-e2327b7f212c,42.0,0.0,0.0,Failed,0.999132513999939
