Folder1,Folder2,AST Edit Distance,DFG Edit Distance,PDG Edit Distance,Passed Or Failed,ChrF Score
353687ac-e14a-4e15-ab37-9dd405297623,59302ea9-8ba1-44fe-9b4c-b29d7165241d,0.0,0.0,0.0,Passed,76.14901448531728
353687ac-e14a-4e15-ab37-9dd405297623,f8b7da2a-162f-4a2e-9ed1-a60bd4968697,0.0,0.0,0.0,Passed,76.14901448531728
353687ac-e14a-4e15-ab37-9dd405297623,0e35e066-de75-4bc9-bca1-8889f32cfb3a,11.0,0.0,0.0,Passed,75.81197349951984
353687ac-e14a-4e15-ab37-9dd405297623,b084e795-2dda-4bc5-a1f0-1f7a050e9bf7,11.0,7.0,11.0,Failed,75.81197349951984
