Folder1,Folder2,AST Edit Distance,DFG Edit Distance,PDG Edit Distance,Passed Or Failed,Meteor Score
1ea56590-e9fb-4c0d-8b26-71296a16f99f,01c17d86-3812-4a88-9390-759d1f693d1a,22.0,0.0,0.0,Passed,0.7819883040935672
1ea56590-e9fb-4c0d-8b26-71296a16f99f,089e1d25-e1bc-4a6e-adee-09e3c0d43956,22.0,0.0,0.0,Passed,0.7819883040935672
1ea56590-e9fb-4c0d-8b26-71296a16f99f,1c762418-410a-403c-806d-dbc5b9106ad3,26.0,0.0,0.0,Failed,0.7819883040935672
