Folder1,Folder2,AST Edit Distance,DFG Edit Distance,PDG Edit Distance,Passed Or Failed,BLEU score
a06a5d50-a583-447a-8fdd-110a1ac538af,fafaac00-942f-4565-a00a-70426d3c2fc5,0.0,0.0,0.0,Passed,0.7558359165068557
a06a5d50-a583-447a-8fdd-110a1ac538af,abb5272d-aa06-4bd5-b00c-a7244250d2f4,45.0,0.0,0.0,Passed,0.7323643588388071
a06a5d50-a583-447a-8fdd-110a1ac538af,77da58b4-0008-424a-a7ef-beb86d4acda5,45.0,0.0,0.0,Failed,0.7273649925334066
