Folder1,Folder2,AST Edit Distance,DFG Edit Distance,PDG Edit Distance,Passed Or Failed,Euclidean Distance
55d93bed-5e4f-400d-a7c7-0f0053e5edb6,60388060-1cd5-46fa-9598-d322922cc738,1.0,0.0,0.0,Passed,0.3253498077392578
55d93bed-5e4f-400d-a7c7-0f0053e5edb6,b7a6a4a8-dc5e-4840-a7ba-3f8e82ec6cbb,1.0,0.0,0.0,Passed,0.3253498077392578
55d93bed-5e4f-400d-a7c7-0f0053e5edb6,0c03507e-cb54-4136-830e-957bdd6acc28,1.0,0.0,0.0,Passed,0.37313157320022583
55d93bed-5e4f-400d-a7c7-0f0053e5edb6,80bb6257-52c9-4de6-9ba8-aa7cfa548f7f,1.0,0.0,0.0,Passed,0.37313157320022583
55d93bed-5e4f-400d-a7c7-0f0053e5edb6,2670b0db-fb78-4531-9f05-d90fdabf6a3c,1.0,0.0,0.0,Passed,0.40265581011772156
55d93bed-5e4f-400d-a7c7-0f0053e5edb6,e6c6d5a2-aefb-41a0-b8a3-8e5704c7fc61,16.0,0.0,0.0,Passed,0.40265581011772156
55d93bed-5e4f-400d-a7c7-0f0053e5edb6,6330b9de-018f-4d0c-9b74-ddd60a3c8148,1.0,0.0,0.0,Passed,0.4106405973434448
55d93bed-5e4f-400d-a7c7-0f0053e5edb6,a0412051-9a8e-4f88-a0f6-ca3417a1baf1,1.0,0.0,0.0,Passed,0.4106405973434448
55d93bed-5e4f-400d-a7c7-0f0053e5edb6,7c5e3ef6-330f-41f4-8876-ab62fe52dac8,83.0,74.0,0.0,Failed,0.41558727622032166
