Folder1,Folder2,AST Edit Distance,DFG Edit Distance,PDG Edit Distance,Passed Or Failed,Euclidean Distance
ece8557f-6ac2-4b8d-a9d2-f7f20c741624,024f14a0-7a40-4eae-89a4-ccbea18fc176,1.0,0.0,0.0,Passed,0.42409250140190125
ece8557f-6ac2-4b8d-a9d2-f7f20c741624,a9169517-a7bc-493a-b00b-0b51179d622d,1.0,0.0,0.0,Passed,0.42409250140190125
ece8557f-6ac2-4b8d-a9d2-f7f20c741624,f87478f6-2a63-4e6c-aa29-6a365e2b2508,36.0,0.0,0.0,Failed,0.470447301864624
