Folder1,Folder2,AST Edit Distance,DFG Edit Distance,PDG Edit Distance,Passed Or Failed,Similarity Score during Execution
e1573b2c-c931-44b9-9723-37486283094c,2ec497bc-c1a3-402d-82c4-34838aeb426d,0.0,0.0,0.0,Passed,1.2101411819458008
e1573b2c-c931-44b9-9723-37486283094c,bf8d4c48-0110-4d60-bc3a-d6d5ca404528,78.0,0.0,0.0,Failed,1.2058881521224976
