Folder1,Folder2,AST Edit Distance,DFG Edit Distance,PDG Edit Distance,Passed Or Failed,Euclidean Distance
2bfe82f1-f120-42ee-94a8-e3d93ac7a389,1894192d-a6d0-4189-9c28-897c86047282,28,13,20,Passed,0.419576436
2bfe82f1-f120-42ee-94a8-e3d93ac7a389,ee8614a5-4790-41b1-a897-caeb1279d1ba,42,0,0,Passed,0.443484038
2bfe82f1-f120-42ee-94a8-e3d93ac7a389,9941e3d4-ddc2-4637-9c70-e3953d5740c0,39,40,59,Failed,0.448040485
