Folder1,Folder2,AST Edit Distance,DFG Edit Distance,PDG Edit Distance,Passed Or Failed,Euclidean Distance
0af6c287-adb9-4832-a740-97998cce1197,0b46ef59-575a-4936-9539-4447c45ea622,2.0,41.0,64.0,Passed,0.32645124197006226
0af6c287-adb9-4832-a740-97998cce1197,510917b5-2330-4980-9d2d-6b281fcc6d4a,7.0,9.0,18.0,Passed,0.32645124197006226
0af6c287-adb9-4832-a740-97998cce1197,934606d9-b964-4c86-b731-8e6ce68a55e3,4.0,8.0,14.0,Passed,0.32645124197006226
0af6c287-adb9-4832-a740-97998cce1197,98fea642-99f6-4c12-9b37-69d2d3b725ff,4.0,8.0,14.0,Passed,0.32645124197006226
0af6c287-adb9-4832-a740-97998cce1197,57fa4dbe-df13-4ec8-938f-59052695e6c2,1.0,39.0,61.0,Passed,0.3761962652206421
0af6c287-adb9-4832-a740-97998cce1197,c8d9155a-f8e9-4a52-9ca4-74122e7e7565,56.0,70.0,115.0,Failed,0.3761962652206421
