Folder1,Folder2,AST Edit Distance,DFG Edit Distance,PDG Edit Distance,Passed Or Failed,Euclidean Distance
88765076-8a0e-4dcf-86db-d9c292e1c619,0084907f-4674-4fe1-a304-d4988d7f4922,3.0,0.0,0.0,Passed,0.5483765006065369
88765076-8a0e-4dcf-86db-d9c292e1c619,bfe7c772-56c9-4a39-a6d8-6001911cdab2,7.0,0.0,0.0,Passed,0.5483765006065369
88765076-8a0e-4dcf-86db-d9c292e1c619,885fb16f-a2d2-41b4-9b7a-cf40fe1bc9ec,9.0,0.0,0.0,Failed,0.5671365857124329
