Folder1,Folder2,AST Edit Distance,DFG Edit Distance,PDG Edit Distance,Passed Or Failed,Similarity Score during Execution
3759fc51-f1e3-4340-965c-9670a39f91e4,551b8c93-504f-4ad0-b935-4a2b43cb28a6,0.0,0.0,0.0,Passed,1.303995966911316
3759fc51-f1e3-4340-965c-9670a39f91e4,a8bf83e5-bc48-4fd2-b948-3de1952f9143,0.0,0.0,0.0,Passed,1.3001865148544312
3759fc51-f1e3-4340-965c-9670a39f91e4,08cbecc3-a702-4e33-a560-f62673921617,15.0,71.0,106.0,Passed,1.2637345790863037
3759fc51-f1e3-4340-965c-9670a39f91e4,fac16044-c6b6-4e7a-8cfc-4f284e18b575,24.0,81.0,121.0,Failed,1.2496284246444702
