Folder1,Folder2,AST Edit Distance,DFG Edit Distance,PDG Edit Distance,Passed Or Failed,Meteor Score
063388af-cab2-4719-9fc5-70226ddbd15a,6dd3ad44-24af-47f6-ad27-a9cf6992a537,71.0,0.0,0.0,Passed,0.7678302580441861
063388af-cab2-4719-9fc5-70226ddbd15a,31a41694-46ff-46b8-9661-eb1d41cfdaa7,76.0,42.0,77.0,Failed,0.7126322751322753
