Folder1,Folder2,AST Edit Distance,DFG Edit Distance,PDG Edit Distance,Passed Or Failed,ChrF Score
5683b500-3137-4f65-8695-667285dd81e3,3f20635f-fe7a-41ce-8c4d-ed21f0833258,18.0,5.0,8.0,Passed,85.39260309083858
5683b500-3137-4f65-8695-667285dd81e3,5ef02122-b7b3-4d47-9aeb-359a65122cb9,18.0,10.0,16.0,Failed,85.39260309083858
