Folder1,Folder2,AST Edit Distance,DFG Edit Distance,PDG Edit Distance,Passed Or Failed,ROUGE-L
a8bca7fc-37ad-4265-a4e4-35a01967b684,b9c7ad48-6138-4e72-a54e-bb67ac8259d3,18.0,49.0,73.0,Passed,0.8800000000000001
a8bca7fc-37ad-4265-a4e4-35a01967b684,45913652-a039-42ef-b1ad-8bedc662231a,17.0,58.0,78.0,Passed,0.8571428571428572
a8bca7fc-37ad-4265-a4e4-35a01967b684,a19e0921-31c9-4201-9553-af84d433a6e8,14.0,83.0,117.0,Failed,0.8571428571428572
