Folder1,Folder2,AST Edit Distance,DFG Edit Distance,PDG Edit Distance,Passed Or Failed,ROUGE-2
e724e741-17a7-4255-828d-303d8218d23f,5b280eac-633b-4b3b-be6c-834ee90062c6,0.0,0.0,0.0,Passed,0.7857142857142857
e724e741-17a7-4255-828d-303d8218d23f,afd9f31a-ea1c-4a9b-8c14-359f221e6dbe,1.0,0.0,0.0,Passed,0.7857142857142857
e724e741-17a7-4255-828d-303d8218d23f,7b2e40e0-ed36-47de-a84f-421f8eefa7e0,0.0,0.0,0.0,Passed,0.7142857142857143
e724e741-17a7-4255-828d-303d8218d23f,94e4b0dc-4024-4e24-835c-6e403c72a7a1,0.0,0.0,0.0,Passed,0.7142857142857143
e724e741-17a7-4255-828d-303d8218d23f,05445f43-baca-4e64-ba91-2f613081005a,25.0,0.0,0.0,Failed,0.6428571428571429
