Folder1,Folder2,AST Edit Distance,DFG Edit Distance,PDG Edit Distance,Passed Or Failed,Euclidean Distance
1e34fe6a-cfb4-434f-8437-f5e0353af514,4cba3d24-6f41-43a2-a6d2-72b59cbb1557,2.0,0.0,0.0,Passed,0.35980406403541565
1e34fe6a-cfb4-434f-8437-f5e0353af514,a1e6201c-da46-4f46-8844-343d479eade7,7.0,0.0,0.0,Failed,0.35980406403541565
