Folder1,Folder2,AST Edit Distance,DFG Edit Distance,PDG Edit Distance,Passed Or Failed,Meteor Score
e2345753-bcc3-4cae-9594-152b36a3c013,18ffc275-22f5-47f3-a1d9-578e8d1f490f,59.0,0.0,0.0,Passed,0.7910696236399312
e2345753-bcc3-4cae-9594-152b36a3c013,422b4a23-1a44-4538-9d8f-38e7c32d26b0,23.0,0.0,0.0,Passed,0.7910696236399312
e2345753-bcc3-4cae-9594-152b36a3c013,4cbadd55-5d45-443f-86ed-c84bcb1b7c86,12.0,51.0,92.0,Passed,0.7910696236399312
e2345753-bcc3-4cae-9594-152b36a3c013,9e97cd5d-f3ff-4059-bee9-ccba8037d711,56.0,31.0,56.0,Passed,0.7910696236399312
e2345753-bcc3-4cae-9594-152b36a3c013,a7487015-2b75-4dc7-bb4e-5a3eb1c0540b,35.0,0.0,0.0,Passed,0.7910696236399312
e2345753-bcc3-4cae-9594-152b36a3c013,d4e98c54-6fa4-4492-8f1b-d7280ee2ca96,59.0,0.0,0.0,Passed,0.7910696236399312
e2345753-bcc3-4cae-9594-152b36a3c013,0e32737b-6baa-48ed-9a3c-6410789f1c6a,33.0,0.0,0.0,Passed,0.7190647482014388
e2345753-bcc3-4cae-9594-152b36a3c013,6f4259c5-1b13-403c-801b-76aa079c2e0f,46.0,75.0,135.0,Failed,0.7190647482014388
