Folder1,Folder2,AST Edit Distance,DFG Edit Distance,PDG Edit Distance,Passed Or Failed,ROUGE-2
11fbbecf-0854-4a9e-bfa2-484a21253090,cfdd4e87-0b9a-4ca2-8eb3-c3352be098ed,0.0,0.0,0.0,Passed,0.6428571428571429
11fbbecf-0854-4a9e-bfa2-484a21253090,de83f924-1194-43a0-ac43-4b7694cd2646,0.0,0.0,0.0,Passed,0.6428571428571429
11fbbecf-0854-4a9e-bfa2-484a21253090,4b4e481d-a275-47a0-8584-3d2ec3116b9f,0.0,0.0,0.0,Passed,0.5
11fbbecf-0854-4a9e-bfa2-484a21253090,fe4caa56-6b39-4f8c-bcc0-cf8fd9d6fc36,0.0,0.0,0.0,Passed,0.5
11fbbecf-0854-4a9e-bfa2-484a21253090,c4673e3e-866c-4340-9b6c-d3439dd7431e,1.0,0.0,0.0,Failed,0.42857142857142855
