Folder1,Folder2,AST Edit Distance,DFG Edit Distance,PDG Edit Distance,Passed Or Failed,Euclidean Distance
9aeb7338-bdb1-4ed1-a6bb-c7a8c6a7068f,e22c68f1-c827-4d9a-a43e-c0e6d6437321,15.0,0.0,0.0,Passed,0.4425419867038727
9aeb7338-bdb1-4ed1-a6bb-c7a8c6a7068f,be1f8265-1d7e-4381-9b53-7158e9068d95,8.0,0.0,0.0,Passed,0.45863279700279236
9aeb7338-bdb1-4ed1-a6bb-c7a8c6a7068f,9bdb742b-d8f2-4a06-8eec-717e58321c00,15.0,23.0,0.0,Failed,0.4755924344062805
