Folder1,Folder2,AST Edit Distance,DFG Edit Distance,PDG Edit Distance,Passed Or Failed,Cosine Similarity
e93d0eea-7918-4560-9b8c-fa3b34363776,eb7cbb73-b0b7-4f63-828e-f5a7f48cd205,35.0,0.0,0.0,Passed,0.9944033026695251
e93d0eea-7918-4560-9b8c-fa3b34363776,101e1b36-b1e3-412e-94d1-b26c2f6d81d1,35.0,17.0,28.0,Passed,0.9938750863075256
e93d0eea-7918-4560-9b8c-fa3b34363776,d42637a9-6819-4498-8183-061c4e31f700,35.0,0.0,0.0,Passed,0.9938750863075256
e93d0eea-7918-4560-9b8c-fa3b34363776,53bc5bb9-9e97-4cbe-ad40-508254280a4f,33.0,0.0,0.0,Passed,0.9917692542076111
e93d0eea-7918-4560-9b8c-fa3b34363776,5b204896-0200-4179-8be1-4e5f39eab032,27.0,48.0,75.0,Failed,0.9917692542076111
