Folder1,Folder2,AST Edit Distance,DFG Edit Distance,PDG Edit Distance,Passed Or Failed,Similarity Score during Execution
e93d0eea-7918-4560-9b8c-fa3b34363776,a6051e52-29ee-4c9c-827b-6a3ee48a6522,39.0,0.0,0.0,Passed,1.3431341648101807
e93d0eea-7918-4560-9b8c-fa3b34363776,d42637a9-6819-4498-8183-061c4e31f700,35.0,0.0,0.0,Passed,1.2843067646026611
e93d0eea-7918-4560-9b8c-fa3b34363776,257c78e2-79ea-40ee-b71a-f8321f429db7,27.0,48.0,75.0,Failed,1.2783516645431519
