Folder1,Folder2,AST Edit Distance,DFG Edit Distance,PDG Edit Distance,Passed Or Failed,Similarity Score during Execution
1e0ea0ae-a20f-4b6f-87e2-dae6049e33c0,f0f22d4a-f40c-4672-89f3-5a9deffeb647,1.0,0.0,0.0,Passed,1.3556345701217651
1e0ea0ae-a20f-4b6f-87e2-dae6049e33c0,60af2deb-4fa9-466f-b44d-e09a4d5b1c12,1.0,0.0,0.0,Passed,1.3375256061553955
1e0ea0ae-a20f-4b6f-87e2-dae6049e33c0,88481af9-1133-43fa-85e2-3d7a8152c2e1,1.0,0.0,0.0,Passed,1.3032995462417603
1e0ea0ae-a20f-4b6f-87e2-dae6049e33c0,ff71fb93-646e-41b1-85c7-3c177dcb16d0,1.0,0.0,0.0,Passed,1.2885801792144775
1e0ea0ae-a20f-4b6f-87e2-dae6049e33c0,ff550791-7832-4db4-a7de-6d0b12a12823,2.0,0.0,0.0,Passed,1.271014928817749
1e0ea0ae-a20f-4b6f-87e2-dae6049e33c0,61461d5a-1e6e-4369-ad15-a3a34a77f8f9,23.0,0.0,0.0,Failed,1.2662222385406494
