Folder1,Folder2,AST Edit Distance,DFG Edit Distance,PDG Edit Distance,Passed Or Failed,ROUGE-L
c49760f5-fb14-4fbf-aad5-22be4eccf131,521671a4-9560-43ac-9c32-7deb4ad2443e,0.0,0.0,0.0,Passed,0.5128205128205128
c49760f5-fb14-4fbf-aad5-22be4eccf131,559cfc6b-489b-464b-aa93-c623a3636f1a,0.0,0.0,0.0,Passed,0.5128205128205128
c49760f5-fb14-4fbf-aad5-22be4eccf131,df2d6ae9-36d1-4bd5-b319-cec823530faf,12.0,0.0,0.0,Passed,0.5128205128205128
c49760f5-fb14-4fbf-aad5-22be4eccf131,0da56d82-4418-4323-bb71-d437611aa1c8,0.0,0.0,0.0,Passed,0.4935064935064935
c49760f5-fb14-4fbf-aad5-22be4eccf131,c15e69f8-bd8b-48f5-a865-45c6dd5d192f,0.0,0.0,0.0,Passed,0.4935064935064935
c49760f5-fb14-4fbf-aad5-22be4eccf131,c6b54dfc-de79-4955-8cb4-be7ed7a34744,0.0,0.0,0.0,Passed,0.4935064935064935
c49760f5-fb14-4fbf-aad5-22be4eccf131,2e8664d1-94d8-4828-8fc9-214417765419,2.0,0.0,0.0,Passed,0.4871794871794871
c49760f5-fb14-4fbf-aad5-22be4eccf131,3e124f6c-18a3-470c-abf2-d372d6436f44,0.0,0.0,0.0,Passed,0.4871794871794871
c49760f5-fb14-4fbf-aad5-22be4eccf131,4a971584-027d-4e70-a62a-4f790025a558,19.0,0.0,0.0,Failed,0.4871794871794871
