Folder1,Folder2,AST Edit Distance,DFG Edit Distance,PDG Edit Distance,Passed Or Failed,Similarity Score during Execution
fd60bd6a-8ab6-420c-9d96-917a6e46dc62,f9ff3892-4bd9-4cea-b0ea-9c4ce96ac37b,32.0,0.0,0.0,Passed,1.2080215215682983
fd60bd6a-8ab6-420c-9d96-917a6e46dc62,78ccd483-aec9-4e79-ae6f-ebda19d79c31,32.0,0.0,0.0,Passed,1.1522190570831299
fd60bd6a-8ab6-420c-9d96-917a6e46dc62,e81f2d0e-680e-4fcc-803b-f0aa8620bc0f,42.0,0.0,0.0,Failed,1.1490980386734009
