Folder1,Folder2,AST Edit Distance,DFG Edit Distance,PDG Edit Distance,Passed Or Failed,Similarity Score during Execution
54c96a8e-9917-4139-84a9-55af213d4e23,4250821b-dda7-4ce4-a2aa-dd8c7fed5351,17.0,0.0,0.0,Passed,1.2884958982467651
54c96a8e-9917-4139-84a9-55af213d4e23,51cbe6b0-ffaf-4d1e-8e93-7c27cd4938b3,39.0,0.0,0.0,Passed,1.2879899740219116
54c96a8e-9917-4139-84a9-55af213d4e23,a915c685-e95e-42dc-a0e6-2205c32e919d,33.0,0.0,0.0,Passed,1.26903235912323
54c96a8e-9917-4139-84a9-55af213d4e23,6af6eeec-bc65-4132-8f0c-f381e9a2d378,48.0,70.0,121.0,Failed,1.2370636463165283
