Folder1,Folder2,AST Edit Distance,DFG Edit Distance,PDG Edit Distance,Passed Or Failed,Euclidean Distance
eb84aaa1-fce1-449a-82c9-24cffa9458e6,10f0a9d8-d7e8-4793-8729-646d9f8660cb,29.0,0.0,0.0,Passed,0.5357181429862976
eb84aaa1-fce1-449a-82c9-24cffa9458e6,1f1d47cd-0fc8-4509-b9c8-59470c46b718,14.0,0.0,0.0,Passed,0.5357181429862976
eb84aaa1-fce1-449a-82c9-24cffa9458e6,01053fa3-8cf5-4f57-bc3e-65164b737334,15.0,120.0,167.0,Failed,0.6066873669624329
