Folder1,Folder2,AST Edit Distance,DFG Edit Distance,PDG Edit Distance,Passed Or Failed,Euclidean Distance
c49760f5-fb14-4fbf-aad5-22be4eccf131,555afdaf-b0ea-4480-b4fe-45c3769062a6,13.0,0.0,0.0,Passed,0.5426562428474426
c49760f5-fb14-4fbf-aad5-22be4eccf131,7b553c90-394f-4b02-a5aa-076bf69d2563,1.0,0.0,0.0,Passed,0.5725444555282593
c49760f5-fb14-4fbf-aad5-22be4eccf131,268f1a6a-203c-46fd-8b3a-51ed261611e9,12.0,0.0,0.0,Passed,0.6058143973350525
c49760f5-fb14-4fbf-aad5-22be4eccf131,57849fc3-4960-4bc7-95cb-d3fd0ced13fb,16.0,0.0,0.0,Failed,0.6191551685333252
