Folder1,Folder2,AST Edit Distance,DFG Edit Distance,PDG Edit Distance,Passed Or Failed,Cosine Similarity
8be3fd64-e72b-497b-9531-b0a35a6fb76c,bed6894c-0d61-4325-9e6d-66db48f46df5,0.0,0.0,0.0,Passed,0.9980103969573975
8be3fd64-e72b-497b-9531-b0a35a6fb76c,8f8636e3-4cd3-4f22-ac8a-0e806929a33c,0.0,0.0,0.0,Passed,0.9979957938194275
8be3fd64-e72b-497b-9531-b0a35a6fb76c,e6253c61-5443-4e09-9ede-403c820125bc,0.0,0.0,0.0,Passed,0.9979957938194275
8be3fd64-e72b-497b-9531-b0a35a6fb76c,2cf66ab8-65ee-4ae2-9f95-bfd4c035e267,0.0,0.0,0.0,Passed,0.9975659251213074
8be3fd64-e72b-497b-9531-b0a35a6fb76c,c6e11faf-b67b-4a12-8ea0-e512d5664230,67.0,0.0,0.0,Failed,0.9975243210792542
