Folder1,Folder2,AST Edit Distance,DFG Edit Distance,PDG Edit Distance,Passed Or Failed,Euclidean Distance
82ba3dac-f3b0-460c-8b63-083725020082,29654b20-461a-43cb-bb0e-7b3f639e328c,23.0,74.0,106.0,Passed,0.6130885481834412
82ba3dac-f3b0-460c-8b63-083725020082,85187b10-53a5-423f-9d21-91997a5b4d16,20.0,249.0,375.0,Failed,0.6130885481834412
