Folder1,Folder2,AST Edit Distance,DFG Edit Distance,PDG Edit Distance,Passed Or Failed,Similarity Score during Execution
75c27bbf-71df-438c-9b5a-fe95e1cb31e0,78d9eaa6-16db-4f06-934e-add091e56b7e,36.0,0.0,0.0,Passed,1.295823574066162
75c27bbf-71df-438c-9b5a-fe95e1cb31e0,e94fe9cc-5771-4669-89b8-b93759ad7c50,42.0,0.0,0.0,Passed,1.274667501449585
75c27bbf-71df-438c-9b5a-fe95e1cb31e0,ac72f294-e106-4b20-a964-caf012d061ce,61.0,0.0,0.0,Failed,1.2570810317993164
