Folder1,Folder2,AST Edit Distance,DFG Edit Distance,PDG Edit Distance,Passed Or Failed,Euclidean Distance
b728c8b0-03a6-4053-ae26-093e66530e79,a9100641-5291-4eea-bf99-8a2beaad7ff2,1.0,0.0,0.0,Passed,0.2573455572128296
b728c8b0-03a6-4053-ae26-093e66530e79,1df59bfc-2155-4f75-a02c-6eed0cfd1645,1.0,0.0,0.0,Passed,0.290943443775177
b728c8b0-03a6-4053-ae26-093e66530e79,20356895-bfc8-4f18-8f17-cdb11d4e368d,1.0,0.0,0.0,Passed,0.290943443775177
b728c8b0-03a6-4053-ae26-093e66530e79,f017bc84-e9b6-40c9-b961-f4fef90e99f9,1.0,0.0,0.0,Passed,0.33548396825790405
b728c8b0-03a6-4053-ae26-093e66530e79,f601bf3c-56c8-4750-bcc7-d3083c16bc39,1.0,0.0,0.0,Passed,0.33548396825790405
b728c8b0-03a6-4053-ae26-093e66530e79,1dac600b-6d74-4a5c-b5cc-2ac4079e9979,1.0,17.0,0.0,Passed,0.3574464023113251
b728c8b0-03a6-4053-ae26-093e66530e79,b33a3e36-163c-41f2-a473-c7c09aba8189,18.0,0.0,0.0,Failed,0.3574464023113251
