Folder1,Folder2,AST Edit Distance,DFG Edit Distance,PDG Edit Distance,Passed Or Failed,Meteor Score
f5da9c02-9c14-46b8-ba57-463d651bf9fd,2840e02b-ea00-4887-9084-7f22dd52fb1e,0.0,0.0,0.0,Passed,0.8508175728920409
f5da9c02-9c14-46b8-ba57-463d651bf9fd,6dce6277-7e36-4ce5-8d8f-df91b79c002e,14.0,12.0,23.0,Failed,0.8508175728920409
