Folder1,Folder2,AST Edit Distance,DFG Edit Distance,PDG Edit Distance,Passed Or Failed,Cosine Similarity
16fe1cbd-8247-4b10-be40-9104b6e654c1,04d0f504-5526-474f-bf4c-fd33ce517035,5.0,0.0,0.0,Passed,0.9947364330291748
16fe1cbd-8247-4b10-be40-9104b6e654c1,0bb4d18a-1a80-461c-9711-1a9b401d5aea,6.0,0.0,0.0,Failed,0.9947364330291748
