Folder1,Folder2,AST Edit Distance,DFG Edit Distance,PDG Edit Distance,Passed Or Failed,Cosine Similarity
b120b84c-b29e-46a5-9e41-a67176621adc,0dec956c-73dc-4d6f-bec8-e06242ca9c82,0.0,68.0,96.0,Passed,0.9998260140419006
b120b84c-b29e-46a5-9e41-a67176621adc,20a23d03-3774-4ca9-9831-3060f86b6804,0.0,68.0,96.0,Passed,0.9998260140419006
b120b84c-b29e-46a5-9e41-a67176621adc,5e384e22-b1f9-45ee-8176-4352a398ca3d,0.0,68.0,96.0,Passed,0.9998260140419006
b120b84c-b29e-46a5-9e41-a67176621adc,3c93b5b4-80f1-4d8e-92fa-0dcebb002e0c,14.0,68.0,96.0,Failed,0.9995589256286621
