Folder1,Folder2,AST Edit Distance,DFG Edit Distance,PDG Edit Distance,Passed Or Failed,ROUGE-L
889fe3e1-a5a2-415c-aa3b-b82d49f5d3f3,1267f8d1-6228-498c-ae64-04f99cc541ea,0.0,56.0,73.0,Passed,0.5581395348837208
889fe3e1-a5a2-415c-aa3b-b82d49f5d3f3,276e9234-0395-467e-ab04-93d4d3b8c964,0.0,66.0,75.0,Passed,0.5581395348837208
889fe3e1-a5a2-415c-aa3b-b82d49f5d3f3,6244482c-0eee-4c40-8604-bfff1cb2dc34,0.0,60.0,70.0,Passed,0.5581395348837208
889fe3e1-a5a2-415c-aa3b-b82d49f5d3f3,81aa8053-b240-46d1-975a-e2caaaadb27d,0.0,0.0,0.0,Passed,0.5581395348837208
889fe3e1-a5a2-415c-aa3b-b82d49f5d3f3,8c045d85-62b0-45a0-b06f-184f94707ce1,9.0,95.0,124.0,Failed,0.5581395348837208
