Folder1,Folder2,AST Edit Distance,DFG Edit Distance,PDG Edit Distance,Passed Or Failed,Meteor Score
0327ba7f-b1f2-4a11-8534-efc43e06747f,b945f5fb-0e4f-47cd-aff1-fa6df4799bb0,0.0,0.0,0.0,Passed,0.7544986023759609
0327ba7f-b1f2-4a11-8534-efc43e06747f,fba2fff3-a604-4021-8978-b17ee4d19521,0.0,0.0,0.0,Passed,0.7544986023759609
0327ba7f-b1f2-4a11-8534-efc43e06747f,50b905ca-d2bb-4d0b-badc-59028e77e313,19.0,0.0,0.0,Failed,0.7529699510831587
