Folder1,Folder2,AST Edit Distance,DFG Edit Distance,PDG Edit Distance,Passed Or Failed,Cosine Similarity
6944420a-e474-4268-8b9a-1051b330901c,3af09d6f-4766-40cd-bede-09fe000cd55f,10.0,0.0,0.0,Passed,0.9930376410484314
6944420a-e474-4268-8b9a-1051b330901c,f28bb716-faf0-4242-a39a-e034b55baa11,10.0,0.0,0.0,Passed,0.9930376410484314
6944420a-e474-4268-8b9a-1051b330901c,8f9bd6fd-7494-4097-a55a-8da76b385148,20.0,0.0,0.0,Passed,0.9928665161132812
6944420a-e474-4268-8b9a-1051b330901c,939ba2a1-728c-4d8a-bfdd-e00e51927301,34.0,67.0,106.0,Failed,0.9928665161132812
