Folder1,Folder2,AST Edit Distance,DFG Edit Distance,PDG Edit Distance,Passed Or Failed,ROUGE-L
a4d72b42-0d08-47cb-b5a3-c54a483bbf8b,32a9a48b-f63e-48f2-be71-04c7824a7a91,0.0,0.0,0.0,Passed,0.75
a4d72b42-0d08-47cb-b5a3-c54a483bbf8b,4a647514-2f22-46df-80ae-7970fe028fce,0.0,0.0,0.0,Passed,0.75
a4d72b42-0d08-47cb-b5a3-c54a483bbf8b,77e81090-01e7-4b13-98c0-e39e781822e9,0.0,0.0,0.0,Passed,0.75
a4d72b42-0d08-47cb-b5a3-c54a483bbf8b,a4c3331c-a8b9-4fe1-8694-27abdfb0b0c5,0.0,0.0,0.0,Passed,0.75
a4d72b42-0d08-47cb-b5a3-c54a483bbf8b,8be0de21-ae2c-4061-b4a8-63766ebb6ae1,0.0,0.0,0.0,Passed,0.7096774193548387
a4d72b42-0d08-47cb-b5a3-c54a483bbf8b,fd3a8944-9fd0-41e5-8a6f-bcfcab04b0a8,13.0,0.0,0.0,Failed,0.7096774193548387
