Folder1,Folder2,AST Edit Distance,DFG Edit Distance,PDG Edit Distance,Passed Or Failed,BLEU score
e1147d5c-b9dd-459a-b971-17a72557ffcf,b75bed73-dbf7-494d-ba59-906d003644d4,9.0,12.0,20.0,Passed,0.319212327493176
e1147d5c-b9dd-459a-b971-17a72557ffcf,8fa761a5-74c9-411a-97e9-9f49bf72750f,9.0,12.0,20.0,Passed,0.29601490717619744
e1147d5c-b9dd-459a-b971-17a72557ffcf,c435aff6-a9f1-4c45-abaa-5bcf4ea96ced,20.0,22.0,37.0,Failed,0.27722203320424943
