Folder1,Folder2,AST Edit Distance,DFG Edit Distance,PDG Edit Distance,Passed Or Failed,Similarity Score during Execution
f483a15a-303a-475f-b07b-16d53eaa85f0,a5642485-3074-4b50-986b-0ec88aeb18d0,0.0,0.0,0.0,Passed,0.7484520077705383
f483a15a-303a-475f-b07b-16d53eaa85f0,ed6594a8-ef5a-449a-beff-3f4e3ed99f87,0.0,0.0,0.0,Passed,0.7380093336105347
f483a15a-303a-475f-b07b-16d53eaa85f0,36305c68-feb2-4771-b610-96b4eba66072,9.0,0.0,0.0,Failed,0.7252882122993469
