Folder1,Folder2,AST Edit Distance,DFG Edit Distance,PDG Edit Distance,Passed Or Failed,Similarity Score during Execution
cbbba3f4-f587-4a49-97df-0fd7a5ea229f,d3339e3a-9612-4a57-a5be-986045ec3698,0.0,0.0,0.0,Passed,1.3017791509628296
cbbba3f4-f587-4a49-97df-0fd7a5ea229f,f29dc7a7-6e62-4ce7-a48d-51a2829746cf,0.0,0.0,0.0,Passed,1.2957500219345093
cbbba3f4-f587-4a49-97df-0fd7a5ea229f,be94d859-c222-4f90-89bc-8851a4f09ece,0.0,0.0,0.0,Passed,1.295197606086731
cbbba3f4-f587-4a49-97df-0fd7a5ea229f,8540952a-36f9-4e81-8fb3-0f05af2078f0,0.0,0.0,0.0,Passed,1.2780876159667969
cbbba3f4-f587-4a49-97df-0fd7a5ea229f,47c4c6b6-5717-472c-9f96-1b454d15c382,0.0,0.0,0.0,Passed,1.23007333278656
cbbba3f4-f587-4a49-97df-0fd7a5ea229f,5e9ba8fe-2627-4720-960c-0214996bf4e5,0.0,0.0,0.0,Passed,1.2066645622253418
cbbba3f4-f587-4a49-97df-0fd7a5ea229f,75bdf741-4fac-4223-a80f-cd75ede26d36,19.0,0.0,0.0,Failed,1.193284034729004
