Folder1,Folder2,AST Edit Distance,DFG Edit Distance,PDG Edit Distance,Passed Or Failed,Euclidean Distance
c51944bc-5a9b-431a-a8fd-fbaef0ba675b,76ae1bd6-5e09-4fca-ae69-34f136358440,0.0,19.0,23.0,Passed,0.326037734746933
c51944bc-5a9b-431a-a8fd-fbaef0ba675b,a9b52218-54a0-40c6-ab6c-47a9c05fa589,0.0,21.0,35.0,Passed,0.326037734746933
c51944bc-5a9b-431a-a8fd-fbaef0ba675b,b3c5b63c-666b-415f-92f9-0010dc655f92,4.0,81.0,131.0,Failed,0.3511521816253662
