Folder1,Folder2,AST Edit Distance,DFG Edit Distance,PDG Edit Distance,Passed Or Failed,Euclidean Distance
b120b84c-b29e-46a5-9e41-a67176621adc,0dec956c-73dc-4d6f-bec8-e06242ca9c82,0.0,68.0,96.0,Passed,0.0704682245850563
b120b84c-b29e-46a5-9e41-a67176621adc,5e384e22-b1f9-45ee-8176-4352a398ca3d,0.0,68.0,96.0,Passed,0.0704682245850563
b120b84c-b29e-46a5-9e41-a67176621adc,20a23d03-3774-4ca9-9831-3060f86b6804,0.0,68.0,96.0,Passed,0.0704682320356369
b120b84c-b29e-46a5-9e41-a67176621adc,7b262e0b-6e23-441f-bb0a-1317d5a4a3ae,0.0,50.0,78.0,Passed,0.10131558030843735
b120b84c-b29e-46a5-9e41-a67176621adc,3c93b5b4-80f1-4d8e-92fa-0dcebb002e0c,0.0,68.0,96.0,Passed,0.10625492036342621
b120b84c-b29e-46a5-9e41-a67176621adc,9d4888c5-783a-43bc-8f62-38f9ebf7a094,0.0,68.0,96.0,Passed,0.10625492036342621
b120b84c-b29e-46a5-9e41-a67176621adc,bd2d5ac6-a2ae-4f7d-9f63-78c0cac9343f,14.0,68.0,96.0,Failed,0.10625492036342621
