Folder1,Folder2,AST Edit Distance,DFG Edit Distance,PDG Edit Distance,Passed Or Failed,Cosine Similarity
021a0f6f-1763-4cc4-8d0a-06efa6ae4b48,aa0f3258-3ded-4a86-80c9-fad9f4a632cc,0.0,0.0,0.0,Passed,0.9980643391609192
021a0f6f-1763-4cc4-8d0a-06efa6ae4b48,071b4e43-4f31-47f3-9892-be11a752c052,0.0,0.0,0.0,Passed,0.9980546236038208
021a0f6f-1763-4cc4-8d0a-06efa6ae4b48,eb0113a7-d51a-4002-afe4-0e172dd97fc9,0.0,0.0,0.0,Failed,0.9975229501724243
