Folder1,Folder2,AST Edit Distance,DFG Edit Distance,PDG Edit Distance,Passed Or Failed,ROUGE-2
a1a74d6d-0e3b-4835-9f21-9fcdd964ab00,e6718225-1fac-4a38-a2d3-b1bd63d2747e,46.0,84.0,128.0,Passed,0.14814814814814817
a1a74d6d-0e3b-4835-9f21-9fcdd964ab00,04d455a7-2d81-44dc-816d-7c6a3391532d,26.0,83.0,126.0,Passed,0.14285714285714282
a1a74d6d-0e3b-4835-9f21-9fcdd964ab00,91e7205e-9dd8-4c23-9fb0-5e655a3b4baa,42.0,68.0,103.0,Passed,0.11111111111111113
a1a74d6d-0e3b-4835-9f21-9fcdd964ab00,80c85dc0-1662-4e66-b9a1-957ae583a3ae,54.0,214.0,318.0,Failed,0.10909090909090909
