Folder1,Folder2,AST Edit Distance,DFG Edit Distance,PDG Edit Distance,Passed Or Failed,Euclidean Distance
aa9f5b44-ae7d-4f0f-8a1b-92fc87fbed8a,30a0c45e-fdb6-401e-9e7a-03022cb69db8,0.0,0.0,0.0,Passed,0.5111619830131531
aa9f5b44-ae7d-4f0f-8a1b-92fc87fbed8a,ea56ab31-2f12-4f83-b49f-cb17f74fcea3,1.0,0.0,0.0,Passed,0.5111619830131531
aa9f5b44-ae7d-4f0f-8a1b-92fc87fbed8a,5c4487c3-cd61-4087-aae7-e744233f3384,1.0,8.0,12.0,Passed,0.5865396857261658
aa9f5b44-ae7d-4f0f-8a1b-92fc87fbed8a,106e7f87-100f-47d2-b64d-f5cffa5ebfc2,67.0,53.0,95.0,Failed,0.6318761706352234
