Folder1,Folder2,AST Edit Distance,DFG Edit Distance,PDG Edit Distance,Passed Or Failed,ChrF Score
2d915945-6d2c-47d9-8e6f-28a42c948d87,e0418abb-9938-48e0-950e-68d91feef3bb,20.0,0.0,0.0,Passed,77.79960810070764
2d915945-6d2c-47d9-8e6f-28a42c948d87,5089c161-0c04-4c08-98f0-c05e9165afb7,37.0,0.0,0.0,Passed,76.27926891919425
2d915945-6d2c-47d9-8e6f-28a42c948d87,ddbcb1f2-c748-443c-a604-5b5122474ab6,44.0,76.0,151.0,Failed,76.27926891919425
