Folder1,Folder2,AST Edit Distance,DFG Edit Distance,PDG Edit Distance,Passed Or Failed,Similarity Score during Execution
5c9edb85-68f9-4767-94ff-30a10cf5dcb0,09aea507-c7cb-4759-b89b-817f0aa3bb67,15.0,0.0,0.0,Passed,1.284771203994751
5c9edb85-68f9-4767-94ff-30a10cf5dcb0,5b0bdcf7-8c33-42bb-adb8-7d3a1bd99b59,12.0,91.0,125.0,Passed,1.255857229232788
5c9edb85-68f9-4767-94ff-30a10cf5dcb0,a71bbc63-9bf9-442a-a37a-82f4da9c6b35,12.0,181.0,270.0,Failed,1.2418999671936035
