Folder1,Folder2,AST Edit Distance,DFG Edit Distance,PDG Edit Distance,Passed Or Failed,ChrF Score
59895478-5a01-41dd-b2df-3ead92d281cb,f57e6ec2-2e41-49a9-9fa9-36f97113dfb1,17.0,0.0,0.0,Passed,81.8976407368212
59895478-5a01-41dd-b2df-3ead92d281cb,fe8a3189-de7a-4872-b7c3-efb7a45650f6,20.0,0.0,0.0,Failed,81.8976407368212
