Folder1,Folder2,AST Edit Distance,DFG Edit Distance,PDG Edit Distance,Passed Or Failed,ROUGE-2
78d9a33d-b681-434e-ae35-8554e10ef13f,13354469-c41a-42bb-a38f-ed8779e98993,0.0,0.0,0.0,Passed,0.49180327868852464
78d9a33d-b681-434e-ae35-8554e10ef13f,915db893-6eaf-4320-af33-b8ea3e4fe3e8,1.0,0.0,0.0,Failed,0.49180327868852464
