Folder1,Folder2,AST Edit Distance,DFG Edit Distance,PDG Edit Distance,Passed Or Failed,ROUGE-2
77886076-0675-490e-9097-fb52713a721b,3832e395-fe7c-41a9-995f-f1d0c97ebc40,2.0,0.0,0.0,Passed,0.7777777777777777
77886076-0675-490e-9097-fb52713a721b,0f726db6-97d4-4a00-ac0c-dbabc13b8355,0.0,0.0,0.0,Passed,0.7222222222222223
77886076-0675-490e-9097-fb52713a721b,4014f109-0685-4708-aa57-51ed32a33397,3.0,0.0,0.0,Failed,0.6666666666666665
