Folder1,Folder2,AST Edit Distance,DFG Edit Distance,PDG Edit Distance,Passed Or Failed,Euclidean Distance
7a6a8f8f-d902-4415-9d64-65ddcd8f6cac,99c266cb-a995-4e8b-9c80-2c8988813a7d,13.0,0.0,0.0,Passed,0.03761124983429909
7a6a8f8f-d902-4415-9d64-65ddcd8f6cac,ca67a99d-54b1-4e34-9ec6-661a9585923e,39.0,0.0,0.0,Passed,0.03761124983429909
7a6a8f8f-d902-4415-9d64-65ddcd8f6cac,3c3a9251-f2ce-440b-8ff0-2f83134af8da,44.0,45.0,0.0,Failed,0.04335862025618553
