Folder1,Folder2,AST Edit Distance,DFG Edit Distance,PDG Edit Distance,Passed Or Failed,Similarity Score during Execution
b28140eb-de7e-4f3a-8c4f-75517205b0e5,b1a77594-3351-45ca-a578-2faaba8de682,1.0,0.0,0.0,Passed,1.2823638916015625
b28140eb-de7e-4f3a-8c4f-75517205b0e5,1393682a-b243-4b0d-994f-a0362c474325,0.0,0.0,0.0,Passed,1.2806661128997803
b28140eb-de7e-4f3a-8c4f-75517205b0e5,9e631603-e59f-4fb9-9e28-98b61d9ac089,0.0,0.0,0.0,Passed,1.2467849254608154
b28140eb-de7e-4f3a-8c4f-75517205b0e5,16b4cc76-340f-42c9-9741-cfc070bec2bf,0.0,0.0,0.0,Passed,1.238467812538147
b28140eb-de7e-4f3a-8c4f-75517205b0e5,0264c691-4c4b-4db4-8343-9f3d981c4a2f,9.0,88.0,133.0,Failed,1.2178407907485962
