Folder1,Folder2,AST Edit Distance,DFG Edit Distance,PDG Edit Distance,Passed Or Failed,ChrF Score
ea64bed6-a9d1-4011-b497-5bda00427d07,d24de050-aa81-4a6d-ac73-dc7d39973cbf,30.0,0.0,0.0,Passed,90.07815113441359
ea64bed6-a9d1-4011-b497-5bda00427d07,fccd24d1-ad84-42fd-9ac3-d94424fc4bc4,21.0,0.0,0.0,Passed,88.85075651275679
ea64bed6-a9d1-4011-b497-5bda00427d07,506cffdb-0b4b-4ced-ad8e-ebc02e8117d9,42.0,0.0,0.0,Passed,86.43854280414752
ea64bed6-a9d1-4011-b497-5bda00427d07,db37fcd0-f850-4cae-bd9c-98f1f619654c,90.0,95.0,158.0,Failed,85.72798309134897
