Folder1,Folder2,AST Edit Distance,DFG Edit Distance,PDG Edit Distance,Passed Or Failed,ChrF Score
f1f51816-b171-4424-9fbc-5c026b019959,9de049ce-576f-427f-b7a3-183677bde41e,21.0,0.0,0.0,Passed,82.03741571755538
f1f51816-b171-4424-9fbc-5c026b019959,f3aecbde-f98f-4b2f-b9df-81deba99e230,78.0,0.0,0.0,Failed,82.03741571755538
