Folder1,Folder2,AST Edit Distance,DFG Edit Distance,PDG Edit Distance,Semantic Similarity Using Roberta,Passed Or Failed,Similarity Score during Execution,Serial Execution,Cosine Similarity,Euclidean Distance,BLEU score,Maximal Safe Radius,Neighbourhood,Number Of Words,Levenshtein_CharacterLevel,Levenshtein_WordLevel,ROUGE-1,ROUGE-2,ROUGE-L,Meteor Score,ChrF Score
813ed0b2-e965-4a1c-8282-b8ced84791ae,0b144943-316b-4ada-973d-58f588954e6f,43.0,0.0,0.0,0.0,Failed,0.44130009412765503,0.0,0.9995325803756714,0.12342166900634766,0.8537026945698583,5.188640790827134,1.0,1.0,23.0,1.0,0.966542750929368,0.951310861423221,0.966542750929368,0.9698591474292408,89.4755828611169
813ed0b2-e965-4a1c-8282-b8ced84791ae,5b9268da-ed00-49eb-af14-94576110512b,44.0,0.0,0.0,0.0,Failed,0.4451919496059418,0.0,0.9995965957641602,0.11580261588096619,0.8537026945698583,5.193094772451064,1.0,1.0,24.0,1.0,0.966542750929368,0.951310861423221,0.966542750929368,0.9689469537167703,89.33352300057051
