Folder1,Folder2,AST Edit Distance,DFG Edit Distance,PDG Edit Distance,Passed Or Failed,Cosine Similarity
f0e8557d-7123-42d4-b289-fe70d719652c,0bd7ad47-ac22-413a-b2c6-82f4a414bb56,2.0,0.0,0.0,Passed,0.9985113739967346
f0e8557d-7123-42d4-b289-fe70d719652c,df02c7c1-a95f-4740-a618-30c54b7de64e,31.0,0.0,0.0,Passed,0.9984280467033386
f0e8557d-7123-42d4-b289-fe70d719652c,b3f43092-a518-4200-8f10-931cfa4d652e,0.0,0.0,0.0,Passed,0.9978945851325989
f0e8557d-7123-42d4-b289-fe70d719652c,9f52ef6a-4b91-4e96-8731-8735e75bc3f4,2.0,155.0,237.0,Failed,0.9978850483894348
