Folder1,Folder2,AST Edit Distance,DFG Edit Distance,PDG Edit Distance,Passed Or Failed,ROUGE-2
1c9ffadc-1396-4e26-8d64-8d68b066e77d,2c65fdab-ee13-4eed-ae7a-9e908f56abe2,26.0,0.0,0.0,Passed,0.4871794871794871
1c9ffadc-1396-4e26-8d64-8d68b066e77d,df5023f0-8aa0-443f-b825-97725dc326f9,26.0,0.0,0.0,Passed,0.4871794871794871
1c9ffadc-1396-4e26-8d64-8d68b066e77d,0e473464-54bd-4548-b98b-adad086081d8,25.0,0.0,0.0,Passed,0.4615384615384615
1c9ffadc-1396-4e26-8d64-8d68b066e77d,0e0ff4c9-b1ed-40c9-a649-14ac5347fb96,27.0,0.0,0.0,Failed,0.44155844155844154
