Folder1,Folder2,AST Edit Distance,DFG Edit Distance,PDG Edit Distance,Passed Or Failed,ROUGE-2
c1e8c258-f29c-454c-8e60-f4c02fa8c3f5,45d58c43-fca1-4852-9118-f07ec27866b4,1.0,0.0,0.0,Passed,0.8235294117647058
c1e8c258-f29c-454c-8e60-f4c02fa8c3f5,6e31ad0b-c291-46e6-92d9-7b7568a46ad9,1.0,0.0,0.0,Passed,0.8235294117647058
c1e8c258-f29c-454c-8e60-f4c02fa8c3f5,7d553bb6-0b6e-4ab0-a567-3bf7766259e5,1.0,0.0,0.0,Passed,0.8235294117647058
c1e8c258-f29c-454c-8e60-f4c02fa8c3f5,a7700193-2c94-4f4c-a2cc-917f968c68ba,15.0,0.0,0.0,Passed,0.8235294117647058
c1e8c258-f29c-454c-8e60-f4c02fa8c3f5,6fb4581f-e91b-451c-b955-784a385808f1,1.0,0.0,0.0,Passed,0.7647058823529413
c1e8c258-f29c-454c-8e60-f4c02fa8c3f5,acf618d6-fe8f-48d1-9c8f-80692cc72c5e,17.0,51.0,72.0,Passed,0.7647058823529413
c1e8c258-f29c-454c-8e60-f4c02fa8c3f5,b85da322-625a-4cde-bd6b-6710a6d29131,0.0,0.0,0.0,Passed,0.7647058823529413
c1e8c258-f29c-454c-8e60-f4c02fa8c3f5,c143e203-88f7-436c-9347-760aa7c445ef,27.0,71.0,105.0,Failed,0.7647058823529413
