Folder1,Folder2,AST Edit Distance,DFG Edit Distance,PDG Edit Distance,Passed Or Failed,ROUGE-2
e0813a74-92be-442c-925f-a5ebed68fa84,b43ae271-c498-4a85-9588-112fbde13781,3.0,8.0,14.0,Passed,0.7999999999999999
e0813a74-92be-442c-925f-a5ebed68fa84,cfed0d96-eb71-429f-bcf0-a46a1f9148d5,5.0,16.0,24.0,Failed,0.7499999999999999
