Folder1,Folder2,AST Edit Distance,DFG Edit Distance,PDG Edit Distance,Passed Or Failed,ROUGE-2
f0355333-5cc0-4414-a16c-cb06b0a5041d,aa9d9350-ed8c-4ba4-856a-544a5fbad38e,0.0,0.0,0.0,Passed,0.75
f0355333-5cc0-4414-a16c-cb06b0a5041d,d42dd8ac-bb38-4315-b325-7d1f144af5a3,2.0,0.0,0.0,Passed,0.75
f0355333-5cc0-4414-a16c-cb06b0a5041d,1843bee0-9249-42ae-8182-621c41fc0e27,0.0,0.0,0.0,Passed,0.6875000000000001
f0355333-5cc0-4414-a16c-cb06b0a5041d,da83c7a4-e0b8-49fa-a25d-4177eb3c81bf,2.0,0.0,0.0,Passed,0.6875000000000001
f0355333-5cc0-4414-a16c-cb06b0a5041d,c9ba3630-c444-48c9-a618-9e0f1fa45416,2.0,1.0,4.0,Passed,0.6451612903225806
f0355333-5cc0-4414-a16c-cb06b0a5041d,1b3a6225-a927-4ad8-bd51-c6b01636a294,0.0,1.0,4.0,Passed,0.6250000000000001
f0355333-5cc0-4414-a16c-cb06b0a5041d,43c541b4-e14a-46d9-b073-33c61500383d,44.0,34.0,53.0,Failed,0.6250000000000001
