Folder1,Folder2,AST Edit Distance,DFG Edit Distance,PDG Edit Distance,Passed Or Failed,Cosine Similarity
056dcf29-f125-4021-99d4-37cb7aedba94,1fe2aaea-0b51-43b1-8ffb-dca54fda7eb5,1.0,0.0,0.0,Passed,0.9975044131278992
056dcf29-f125-4021-99d4-37cb7aedba94,5aa43571-c08b-4538-a3de-6ed4cb136bb4,0.0,10.0,13.0,Passed,0.9975044131278992
056dcf29-f125-4021-99d4-37cb7aedba94,1c3d92c1-0e86-4f59-af3d-fcff4a8951f1,1.0,15.0,21.0,Passed,0.9969607591629028
056dcf29-f125-4021-99d4-37cb7aedba94,cf31ee35-b02b-48f8-b887-1c50d92f650f,0.0,0.0,0.0,Passed,0.9969607591629028
056dcf29-f125-4021-99d4-37cb7aedba94,138f1486-5a03-485d-99c2-8de7dd6753ac,1.0,15.0,21.0,Passed,0.9963968992233276
056dcf29-f125-4021-99d4-37cb7aedba94,f4fdf678-5635-4528-a7cc-375475682bce,0.0,0.0,0.0,Passed,0.9963968992233276
056dcf29-f125-4021-99d4-37cb7aedba94,376d394a-e990-4edd-89cd-cf58ab3ad59d,39.0,35.0,54.0,Failed,0.9963632822036743
