Folder1,Folder2,AST Edit Distance,DFG Edit Distance,PDG Edit Distance,Passed Or Failed,ROUGE-2
a22e41f2-88bc-4e43-8fc9-0d56dac1056a,6a565e23-a0ce-4a7e-baca-a840f67499c8,0.0,0.0,0.0,Passed,0.6666666666666666
a22e41f2-88bc-4e43-8fc9-0d56dac1056a,cab1e457-882c-4ed2-be8b-9c388751a823,0.0,0.0,0.0,Passed,0.4000000000000001
a22e41f2-88bc-4e43-8fc9-0d56dac1056a,59b3d236-217b-4ca7-823d-e4f8cf96ff4d,53.0,13.0,22.0,Failed,0.1568627450980392
