Folder1,Folder2,AST Edit Distance,DFG Edit Distance,PDG Edit Distance,Passed Or Failed,ChrF Score
6d87d517-1c09-4134-8f9a-202c5c01e6d2,486b66fa-6d98-48eb-82ad-7a52e315b6be,3.0,0.0,0.0,Passed,69.27976173977737
6d87d517-1c09-4134-8f9a-202c5c01e6d2,031327c5-2d24-444b-b870-0a3fa003b6b1,1.0,0.0,0.0,Passed,69.16459910879736
6d87d517-1c09-4134-8f9a-202c5c01e6d2,b1c1f48e-81c9-4a9f-947c-95e4871886cb,3.0,0.0,0.0,Failed,67.27726949474169
