Folder1,Folder2,AST Edit Distance,DFG Edit Distance,PDG Edit Distance,Passed Or Failed,Cosine Similarity
b34132d1-c653-4a27-9341-3bc379a10231,526e3ba4-5780-435b-85be-b415dbf7c93d,0.0,4.0,7.0,Passed,0.9979784488677979
b34132d1-c653-4a27-9341-3bc379a10231,a98e1b7f-861e-4634-ad24-d74557307bf4,0.0,4.0,7.0,Failed,0.9979784488677979
