Folder1,Folder2,AST Edit Distance,DFG Edit Distance,PDG Edit Distance,Passed Or Failed,Meteor Score
a06a5d50-a583-447a-8fdd-110a1ac538af,875700d6-e0a5-4a95-8268-5d75af21aa20,0.0,0.0,0.0,Passed,0.8445237166081297
a06a5d50-a583-447a-8fdd-110a1ac538af,f4cc655d-dce4-48f3-b0f6-55909826aeb3,45.0,0.0,0.0,Failed,0.8445237166081297
