Folder1,Folder2,AST Edit Distance,DFG Edit Distance,PDG Edit Distance,Passed Or Failed,BLEU score
6cf7f677-31fa-4a8c-b7a7-575ac846df54,13a40784-daaa-49ee-b0d9-be6e77512318,24.0,0.0,0.0,Passed,0.510032342952127
6cf7f677-31fa-4a8c-b7a7-575ac846df54,164f0e01-9f3d-4dcd-bdf2-9373faebd25c,28.0,0.0,0.0,Passed,0.510032342952127
6cf7f677-31fa-4a8c-b7a7-575ac846df54,3d5ac990-a771-46a3-a960-fc815bbd8f1f,19.0,0.0,0.0,Passed,0.46086624699736534
6cf7f677-31fa-4a8c-b7a7-575ac846df54,dc15af69-fac4-4d9c-aa26-e69279f6e9e8,26.0,0.0,0.0,Passed,0.46086624699736534
6cf7f677-31fa-4a8c-b7a7-575ac846df54,3c769d4f-73b3-413f-bab4-62bff8263423,17.0,69.0,79.0,Passed,0.39229676625327037
6cf7f677-31fa-4a8c-b7a7-575ac846df54,984081b8-eb44-439c-8e9b-3a55ea3d13f5,17.0,0.0,0.0,Passed,0.39229676625327037
6cf7f677-31fa-4a8c-b7a7-575ac846df54,c9455349-df11-4402-a93c-96f683fa6651,28.0,0.0,0.0,Passed,0.39229676625327037
6cf7f677-31fa-4a8c-b7a7-575ac846df54,1702cef1-16c7-4e05-ba8d-48a01bde1db1,27.0,84.0,130.0,Failed,0.37481711772176846
