Folder1,Folder2,AST Edit Distance,DFG Edit Distance,PDG Edit Distance,Passed Or Failed,Euclidean Distance
6944420a-e474-4268-8b9a-1051b330901c,741118f6-6ebb-4977-8d4f-f202eb890921,19.0,0.0,0.0,Passed,0.47050124406814575
6944420a-e474-4268-8b9a-1051b330901c,784b0539-f7d6-4e41-9028-340ffd227a97,10.0,0.0,0.0,Passed,0.47050124406814575
6944420a-e474-4268-8b9a-1051b330901c,a0060ab3-3857-4ced-86ea-3cf32f84726f,30.0,65.0,101.0,Failed,0.47050124406814575
