Folder1,Folder2,AST Edit Distance,DFG Edit Distance,PDG Edit Distance,Passed Or Failed,ChrF Score
364446e9-4867-484f-bdd9-402fb2224a1f,0f35afe9-8868-475a-ae5a-e61230692fbe,6.0,14.0,24.0,Passed,74.64201506010579
364446e9-4867-484f-bdd9-402fb2224a1f,dd2016ef-019b-4723-8215-318178eeeee5,12.0,17.0,21.0,Passed,74.18302585712038
364446e9-4867-484f-bdd9-402fb2224a1f,a42d8bc9-fca8-425b-ac45-839de616ff23,1.0,10.0,16.0,Passed,70.86843776966215
364446e9-4867-484f-bdd9-402fb2224a1f,80045947-5595-4040-965f-0ab3e161baae,15.0,0.0,0.0,Passed,69.94371958148321
364446e9-4867-484f-bdd9-402fb2224a1f,059aad18-904e-463a-9800-5d1563eaf034,49.0,10.0,16.0,Failed,63.64643455680883
