Folder1,Folder2,AST Edit Distance,DFG Edit Distance,PDG Edit Distance,Passed Or Failed,ChrF Score
de5d2e47-5376-4ee5-ab80-21924a842c40,8db252e3-8649-4d88-8d33-2bede3553e7c,0.0,0.0,0.0,Passed,65.75984370177017
de5d2e47-5376-4ee5-ab80-21924a842c40,06befdb3-6dab-40be-8f0e-7499b43bd467,0.0,0.0,0.0,Passed,65.24978218992555
de5d2e47-5376-4ee5-ab80-21924a842c40,9b865dd3-0f4b-4a94-94c1-bd8df73679f5,0.0,0.0,0.0,Passed,64.87628028365097
de5d2e47-5376-4ee5-ab80-21924a842c40,c4ab8df4-c086-41dc-83bf-28703f8d712e,0.0,0.0,0.0,Passed,64.08848457432752
de5d2e47-5376-4ee5-ab80-21924a842c40,a373e791-b480-4393-84cf-382c351e1303,0.0,0.0,0.0,Passed,63.96813811796045
de5d2e47-5376-4ee5-ab80-21924a842c40,37a370ae-a08d-401d-ab65-79f52020e9b6,0.0,0.0,0.0,Passed,60.52138630935385
de5d2e47-5376-4ee5-ab80-21924a842c40,033dee3a-525a-4f90-9ddd-0a56b16ceb6b,0.0,0.0,0.0,Failed,59.78140081155618
