Folder1,Folder2,AST Edit Distance,DFG Edit Distance,PDG Edit Distance,Passed Or Failed,BLEU score
227a450c-df1f-4d2d-b32d-a661e509dfde,303ae26d-6dfd-46fa-91a8-752c5f2702e1,1.0,0.0,0.0,Passed,0.7082233941624599
227a450c-df1f-4d2d-b32d-a661e509dfde,fc4acf76-076a-41ef-8207-f4cf270a8ad9,3.0,0.0,0.0,Passed,0.7082233941624599
227a450c-df1f-4d2d-b32d-a661e509dfde,b95f9785-8baf-4efc-85f6-07509bc58162,23.0,71.0,0.0,Failed,0.7043891152298687
