Folder1,Folder2,AST Edit Distance,DFG Edit Distance,PDG Edit Distance,Passed Or Failed,Euclidean Distance
d93c0f5e-f283-4ef0-ae8b-4a724b543f95,2e094995-7536-498c-9eed-3fe17073a99f,5.0,0.0,0.0,Passed,0.34282854199409485
d93c0f5e-f283-4ef0-ae8b-4a724b543f95,4b5c7256-a95c-4d76-a52f-27ab35bd2496,28.0,0.0,0.0,Failed,0.34282854199409485
