Folder1,Folder2,AST Edit Distance,DFG Edit Distance,PDG Edit Distance,Passed Or Failed,ROUGE-2
7e738d6c-8c66-42af-83ce-98a44356b3ce,05a56f36-5a83-4492-8332-a1ad65747291,0.0,0.0,0.0,Passed,0.8666666666666666
7e738d6c-8c66-42af-83ce-98a44356b3ce,c3e8a5d0-f516-4c33-8431-eb9412101e53,0.0,0.0,0.0,Passed,0.8666666666666666
7e738d6c-8c66-42af-83ce-98a44356b3ce,5667fc7b-e21d-4d9a-b0e7-5b20f636a739,0.0,0.0,0.0,Passed,0.847457627118644
7e738d6c-8c66-42af-83ce-98a44356b3ce,150fc14d-df3b-44a2-a51d-a5ed4925f08c,0.0,0.0,0.0,Passed,0.8333333333333334
7e738d6c-8c66-42af-83ce-98a44356b3ce,3a015293-e407-411e-8be4-00bfc42f60ee,51.0,0.0,0.0,Failed,0.8333333333333334
