Folder1,Folder2,AST Edit Distance,DFG Edit Distance,PDG Edit Distance,Passed Or Failed,Similarity Score during Execution
0d7b1281-f997-4e21-be8a-c977116c2718,0dd343d9-4dd1-4139-9075-088093aa96f3,23.0,0.0,0.0,Passed,1.3674594163894653
0d7b1281-f997-4e21-be8a-c977116c2718,3af11288-2d42-4ea3-862f-9add1626f7a4,1.0,0.0,0.0,Passed,1.340721845626831
0d7b1281-f997-4e21-be8a-c977116c2718,0f1e331d-4500-4506-890f-87a7e6e86fee,3.0,95.0,130.0,Failed,1.3214458227157593
