Folder1,Folder2,AST Edit Distance,DFG Edit Distance,PDG Edit Distance,Passed Or Failed,ROUGE-2
7ae00d18-6128-4832-a736-dba0f94bfbcb,238b4991-6692-45a7-96aa-414aa9926b60,4.0,0.0,0.0,Passed,0.8125000000000001
7ae00d18-6128-4832-a736-dba0f94bfbcb,9d68decb-f681-4bd3-938c-d14536d75aa6,4.0,0.0,0.0,Passed,0.75
7ae00d18-6128-4832-a736-dba0f94bfbcb,1afa60d9-1301-438c-9c6c-fb65ca6b2f57,17.0,0.0,0.0,Passed,0.7096774193548387
7ae00d18-6128-4832-a736-dba0f94bfbcb,dcaf7e09-f748-48d3-9950-c11bf390272e,4.0,0.0,0.0,Passed,0.7096774193548387
7ae00d18-6128-4832-a736-dba0f94bfbcb,09c5670c-25ff-46ef-8a84-dff3ae140593,32.0,0.0,0.0,Failed,0.6875000000000001
