Folder1,Folder2,AST Edit Distance,DFG Edit Distance,PDG Edit Distance,Passed Or Failed,ROUGE-L
36160981-3054-41d8-b058-513d6f9475e6,4e3b8dec-8a74-451e-a62e-0adba16e99df,44.0,39.0,55.0,Passed,0.8235294117647058
36160981-3054-41d8-b058-513d6f9475e6,9d468a8b-5665-4732-b4a6-bed96693c6d8,32.0,27.0,46.0,Passed,0.7647058823529412
36160981-3054-41d8-b058-513d6f9475e6,0a175ed5-c09e-45b9-9cd1-e70b5b72ca59,1.0,5.0,8.0,Passed,0.7058823529411765
36160981-3054-41d8-b058-513d6f9475e6,4f934412-27c0-49e7-b48a-77fdb19ad6e6,32.0,25.0,36.0,Passed,0.7058823529411765
36160981-3054-41d8-b058-513d6f9475e6,b6e85ab7-fa03-4ce4-a060-2fe610ced475,36.0,78.0,122.0,Failed,0.6470588235294118
