Folder1,Folder2,AST Edit Distance,DFG Edit Distance,PDG Edit Distance,Passed Or Failed,Meteor Score
f0355333-5cc0-4414-a16c-cb06b0a5041d,aa9d9350-ed8c-4ba4-856a-544a5fbad38e,0.0,0.0,0.0,Passed,0.7997685185185187
f0355333-5cc0-4414-a16c-cb06b0a5041d,d42dd8ac-bb38-4315-b325-7d1f144af5a3,2.0,0.0,0.0,Passed,0.7997685185185187
f0355333-5cc0-4414-a16c-cb06b0a5041d,1843bee0-9249-42ae-8182-621c41fc0e27,0.0,0.0,0.0,Passed,0.7330578512396695
f0355333-5cc0-4414-a16c-cb06b0a5041d,da83c7a4-e0b8-49fa-a25d-4177eb3c81bf,2.0,0.0,0.0,Passed,0.7330578512396695
f0355333-5cc0-4414-a16c-cb06b0a5041d,de083404-3c29-4a5f-b38e-825ac0a0507f,44.0,34.0,53.0,Failed,0.7330578512396695
