Folder1,Folder2,AST Edit Distance,DFG Edit Distance,PDG Edit Distance,Passed Or Failed,Euclidean Distance
53e317ac-9267-4588-9f1b-7970e2bfd12a,6b53a6ba-7f07-419e-91e5-f6f9cc61e2bc,52.0,0.0,0.0,Passed,0.5143389105796814
53e317ac-9267-4588-9f1b-7970e2bfd12a,9059fab5-4c3a-47e7-810c-38fc081c84a7,60.0,0.0,0.0,Passed,0.5143389105796814
53e317ac-9267-4588-9f1b-7970e2bfd12a,85407e45-d339-46bc-ae7b-a80faf9911d2,43.0,0.0,0.0,Passed,0.6323491930961609
53e317ac-9267-4588-9f1b-7970e2bfd12a,bb5fa773-b8a8-4fdf-9f6f-40c353d939d9,21.0,0.0,0.0,Passed,0.6323491930961609
53e317ac-9267-4588-9f1b-7970e2bfd12a,405bb583-429a-4c99-9d92-46f872b979c4,42.0,82.0,135.0,Failed,0.6333377957344055
