Folder1,Folder2,AST Edit Distance,DFG Edit Distance,PDG Edit Distance,Passed Or Failed,ChrF Score
e93d0eea-7918-4560-9b8c-fa3b34363776,101e1b36-b1e3-412e-94d1-b26c2f6d81d1,35.0,17.0,28.0,Passed,79.9978492695821
e93d0eea-7918-4560-9b8c-fa3b34363776,d42637a9-6819-4498-8183-061c4e31f700,35.0,0.0,0.0,Passed,79.9978492695821
e93d0eea-7918-4560-9b8c-fa3b34363776,eb7cbb73-b0b7-4f63-828e-f5a7f48cd205,35.0,0.0,0.0,Passed,79.512985919328
e93d0eea-7918-4560-9b8c-fa3b34363776,257c78e2-79ea-40ee-b71a-f8321f429db7,27.0,48.0,75.0,Failed,78.9010561056704
