Folder1,Folder2,AST Edit Distance,DFG Edit Distance,PDG Edit Distance,Passed Or Failed,Meteor Score
a1854a3a-0c4c-4618-80b6-a10c56dccecd,ef5e49db-3f16-44a3-be94-05c129d3b29f,32.0,0.0,0.0,Passed,0.6153094951923076
a1854a3a-0c4c-4618-80b6-a10c56dccecd,73b508a4-e1f1-4f7e-a109-911d9b232ff2,32.0,0.0,0.0,Passed,0.5768376068376069
a1854a3a-0c4c-4618-80b6-a10c56dccecd,e149891c-0cc2-457c-bfc6-a8ac6445234f,34.0,0.0,0.0,Passed,0.5768376068376069
a1854a3a-0c4c-4618-80b6-a10c56dccecd,068ec4dc-6207-4ee7-aff5-dab4a7b69fc8,62.0,198.0,258.0,Failed,0.5762393162393163
