Folder1,Folder2,AST Edit Distance,DFG Edit Distance,PDG Edit Distance,Passed Or Failed,Similarity Score during Execution
4cd42d14-fa3e-49b7-a7d7-929c15f0c7a3,dbb8b838-798f-4eac-aeed-ced092f542f9,0.0,0.0,0.0,Passed,1.2718651294708252
4cd42d14-fa3e-49b7-a7d7-929c15f0c7a3,9608f7c0-7850-44c8-81d9-ff788d601fad,0.0,0.0,0.0,Passed,1.2595945596694946
4cd42d14-fa3e-49b7-a7d7-929c15f0c7a3,72a9e998-d41b-4ee1-9a89-236ac7695fb4,0.0,0.0,0.0,Passed,1.2548505067825317
4cd42d14-fa3e-49b7-a7d7-929c15f0c7a3,75ed79da-d2c7-41ab-8da1-6d7ccbadf3b1,39.0,0.0,0.0,Failed,1.2512733936309814
