Folder1,Folder2,AST Edit Distance,DFG Edit Distance,PDG Edit Distance,Passed Or Failed,ROUGE-2
0f3fe6a6-f15f-43d1-b7fb-5e144bf63ce9,3e337c78-f30f-43eb-af82-1b52a4273cf8,16.0,113.0,183.0,Passed,0.6666666666666666
0f3fe6a6-f15f-43d1-b7fb-5e144bf63ce9,440284d2-f086-43ef-80a1-554ef820c6ab,7.0,36.0,50.0,Passed,0.5333333333333333
0f3fe6a6-f15f-43d1-b7fb-5e144bf63ce9,db3789e7-ae1d-456e-9744-ee8db2c373ae,84.0,51.0,70.0,Passed,0.4666666666666667
0f3fe6a6-f15f-43d1-b7fb-5e144bf63ce9,8a8e01ba-a863-48e5-84b1-bd358a280652,65.0,148.0,209.0,Failed,0.4000000000000001
