Folder1,Folder2,AST Edit Distance,DFG Edit Distance,PDG Edit Distance,Passed Or Failed,Cosine Similarity
202f548c-ec95-45e9-a866-5dd01934e351,3acf54ee-22e0-4e0b-b8a9-1cc59e9bbddb,4.0,0.0,0.0,Passed,0.9972130656242371
202f548c-ec95-45e9-a866-5dd01934e351,77569498-f2e7-4ee6-91d0-cdc102a6e8d4,4.0,6.0,13.0,Passed,0.9972130656242371
202f548c-ec95-45e9-a866-5dd01934e351,4e449838-ee4c-4363-894f-42b5145cc7ac,2.0,0.0,0.0,Passed,0.9968075752258301
202f548c-ec95-45e9-a866-5dd01934e351,1f042252-9909-4d11-9304-a0c536010ffe,4.0,0.0,0.0,Passed,0.9968074560165405
202f548c-ec95-45e9-a866-5dd01934e351,880c8c90-f853-4a5e-a266-744c48872dbc,13.0,23.0,41.0,Failed,0.9968074560165405
