Folder1,Folder2,AST Edit Distance,DFG Edit Distance,PDG Edit Distance,Passed Or Failed,BLEU score
9cd3eabc-f518-41b5-9ac8-0cd0085f5a5a,00ff41bd-ddb8-4c49-b1ce-a23ffac7fd2b,0.0,0.0,0.0,Passed,0.37194474424733437
9cd3eabc-f518-41b5-9ac8-0cd0085f5a5a,176ebf8f-27a4-4158-97f6-785e69a963c3,0.0,0.0,0.0,Passed,0.37194474424733437
9cd3eabc-f518-41b5-9ac8-0cd0085f5a5a,4324fc0a-439d-4e19-9b75-53977d5722e6,1.0,0.0,0.0,Passed,0.37194474424733437
9cd3eabc-f518-41b5-9ac8-0cd0085f5a5a,4652a474-de30-4705-8b95-586990cc249d,1.0,12.0,18.0,Failed,0.37194474424733437
