Folder1,Folder2,AST Edit Distance,DFG Edit Distance,PDG Edit Distance,Passed Or Failed,BLEU score
2bfe82f1-f120-42ee-94a8-e3d93ac7a389,32f470ba-c76e-405b-b284-5af176cbdd91,12.0,0.0,0.0,Passed,0.11239503022849538
2bfe82f1-f120-42ee-94a8-e3d93ac7a389,7845ef95-83de-478b-a56b-88d2c2b4a835,16.0,32.0,53.0,Passed,0.11016828325219562
2bfe82f1-f120-42ee-94a8-e3d93ac7a389,635a8e7a-4e38-4ea3-962f-fa26aa0eacc7,14.0,39.0,60.0,Failed,0.1030344295338787
