Folder1,Folder2,AST Edit Distance,DFG Edit Distance,PDG Edit Distance,Passed Or Failed,Similarity Score during Execution
783adfd3-97d8-473f-a78d-4e6cd71478d7,7e23c1c6-477c-48c9-ac29-12f05301bbf4,0.0,0.0,0.0,Passed,0.8194058537483215
783adfd3-97d8-473f-a78d-4e6cd71478d7,caed67a5-73ae-4a1a-ba53-7ea47f9922d5,7.0,0.0,0.0,Passed,0.815813422203064
783adfd3-97d8-473f-a78d-4e6cd71478d7,50407269-988b-49f8-b3a6-cdbef890fff7,1.0,0.0,0.0,Passed,0.8070787191390991
783adfd3-97d8-473f-a78d-4e6cd71478d7,8c5ee6dc-6025-485a-ad29-72f63394e9f0,17.0,0.0,0.0,Passed,0.8026074171066284
783adfd3-97d8-473f-a78d-4e6cd71478d7,1fe15ee6-67d2-4be6-8aa4-06ac1940d5b9,25.0,0.0,0.0,Passed,0.7960295677185059
783adfd3-97d8-473f-a78d-4e6cd71478d7,69244036-767f-4d46-8625-4d9ac3d1163f,47.0,0.0,0.0,Failed,0.794722855091095
