Folder1,Folder2,AST Edit Distance,DFG Edit Distance,PDG Edit Distance,Passed Or Failed,ChrF Score
a1854a3a-0c4c-4618-80b6-a10c56dccecd,73b508a4-e1f1-4f7e-a109-911d9b232ff2,32.0,0.0,0.0,Passed,56.86977111016439
a1854a3a-0c4c-4618-80b6-a10c56dccecd,ef5e49db-3f16-44a3-be94-05c129d3b29f,32.0,0.0,0.0,Passed,56.42833951993752
a1854a3a-0c4c-4618-80b6-a10c56dccecd,74f03d09-858e-4bd7-8203-9b916b8bb8ec,55.0,0.0,0.0,Passed,55.994683908021756
a1854a3a-0c4c-4618-80b6-a10c56dccecd,9be177bd-62c1-4457-ab56-f349c7c9e021,62.0,198.0,258.0,Failed,55.994683908021756
