Folder1,Folder2,AST Edit Distance,DFG Edit Distance,PDG Edit Distance,Semantic Similarity Using Roberta,Passed Or Failed,Similarity Score during Execution,Serial Execution,Cosine Similarity,Euclidean Distance,BLEU score,Maximal Safe Radius
f8229e48-1dd4-4a41-9464-30d24da56c0d,9423a8d5-a8c1-4cf0-9ef1-030a96399b04,55,78,113,0,Passed,1.30741775,0,0.987495184,0.575425386,0.460960349,2.169676685
f8229e48-1dd4-4a41-9464-30d24da56c0d,1d8a237a-edec-42c8-9494-d30f1d01a2f9,45,58,83,0,Passed,1.269491673,6,0.984689951,0.628540099,0.498834944,2.108422971
f8229e48-1dd4-4a41-9464-30d24da56c0d,65a3ee52-9319-43de-805c-242335efd895,31,41,60,0,Passed,1.228366613,5,0.989984214,0.515110672,0.443533955,2.186840701
f8229e48-1dd4-4a41-9464-30d24da56c0d,63f33ca0-c86b-4bb6-83ee-c0f849b0c496,51,80,118,0,Passed,1.143414974,4,0.984363735,0.640992045,0.45307778,2.152168294
f8229e48-1dd4-4a41-9464-30d24da56c0d,53460731-39ca-4afc-8ec9-bd5bb628c0f7,59,39,61,0,Passed,0.981687546,3,0.983321249,0.655808568,0.460960349,2.447328472
f8229e48-1dd4-4a41-9464-30d24da56c0d,3b8f4a69-2438-401f-9c82-316a0277a7cc,58,77,114,0,Failed,0.656058788,0,0.985235691,0.61793977,0.56791611,2.37168771
