Folder1,Folder2,AST Edit Distance,DFG Edit Distance,PDG Edit Distance,Passed Or Failed,Similarity Score during Execution
f8229e48-1dd4-4a41-9464-30d24da56c0d,9423a8d5-a8c1-4cf0-9ef1-030a96399b04,55,78,113,Passed,1.30741775
f8229e48-1dd4-4a41-9464-30d24da56c0d,1d8a237a-edec-42c8-9494-d30f1d01a2f9,45,58,83,Passed,1.269491673
f8229e48-1dd4-4a41-9464-30d24da56c0d,65a3ee52-9319-43de-805c-242335efd895,31,41,60,Passed,1.228366613
f8229e48-1dd4-4a41-9464-30d24da56c0d,63f33ca0-c86b-4bb6-83ee-c0f849b0c496,51,80,118,Failed,1.143414974
