Folder1,Folder2,AST Edit Distance,DFG Edit Distance,PDG Edit Distance,Passed Or Failed,Euclidean Distance
40d16965-290f-4849-a43a-f28b3a8742e9,d4a0a57d-f33e-4607-acf6-acb6d4a93f74,8.0,9.0,12.0,Passed,0.41442275047302246
40d16965-290f-4849-a43a-f28b3a8742e9,a3f07602-290f-45ad-937d-b1f64012da5e,10.0,8.0,15.0,Failed,0.42559298872947693
