Folder1,Folder2,AST Edit Distance,DFG Edit Distance,PDG Edit Distance,Passed Or Failed,Similarity Score during Execution
044bd72b-a426-41ff-a99a-b7f83aaf6f1b,ad8c5bae-edee-47b0-8952-a9e53c292a12,39.0,0.0,0.0,Passed,1.4030400514602661
044bd72b-a426-41ff-a99a-b7f83aaf6f1b,0b676257-d510-4499-88ba-1d39db967e41,39.0,0.0,0.0,Passed,1.3409868478775024
044bd72b-a426-41ff-a99a-b7f83aaf6f1b,517900b7-9b0f-44f8-b82a-182bb6f73f11,49.0,0.0,0.0,Passed,1.3375465869903564
044bd72b-a426-41ff-a99a-b7f83aaf6f1b,bb25bcca-bda0-468b-a7fa-13fc8197f4d2,34.0,0.0,0.0,Passed,1.3217461109161377
044bd72b-a426-41ff-a99a-b7f83aaf6f1b,8b743780-f41b-4ffc-9cee-885911bf2bf4,56.0,0.0,0.0,Failed,1.2816351652145386
