Folder1,Folder2,AST Edit Distance,DFG Edit Distance,PDG Edit Distance,Passed Or Failed,Similarity Score during Execution
18462f9a-0691-44ce-87ea-8f230e28530c,ecfe7afe-c03d-4da9-9d25-720df88bccd4,4.0,31.0,46.0,Passed,1.4262372255325317
18462f9a-0691-44ce-87ea-8f230e28530c,9745c189-0f64-4a3e-8195-d759bd6ae474,19.0,53.0,84.0,Failed,1.4085520505905151
