Folder1,Folder2,AST Edit Distance,DFG Edit Distance,PDG Edit Distance,Passed Or Failed,Meteor Score
59895478-5a01-41dd-b2df-3ead92d281cb,6f44d4e0-231f-4f52-baf1-dfdbf8a481ce,17.0,0.0,0.0,Passed,0.9267617052901832
59895478-5a01-41dd-b2df-3ead92d281cb,91865402-f5e1-41a5-be93-cbc469862574,18.0,0.0,0.0,Passed,0.9267617052901832
59895478-5a01-41dd-b2df-3ead92d281cb,f57e6ec2-2e41-49a9-9fa9-36f97113dfb1,17.0,0.0,0.0,Passed,0.9023677599814712
59895478-5a01-41dd-b2df-3ead92d281cb,fe8a3189-de7a-4872-b7c3-efb7a45650f6,16.0,0.0,0.0,Passed,0.9023677599814712
59895478-5a01-41dd-b2df-3ead92d281cb,95de2d17-c7b4-4278-8fa9-cbac44d63a98,20.0,0.0,0.0,Failed,0.9021985070106362
