Folder1,Folder2,AST Edit Distance,DFG Edit Distance,PDG Edit Distance,Passed Or Failed,ChrF Score
95ab94b9-28b0-4312-95c3-d0c0da056b15,2bf0eff4-2f8f-4df8-affa-895811f1ac53,21.0,0.0,0.0,Passed,74.14166040202437
95ab94b9-28b0-4312-95c3-d0c0da056b15,5aa407f2-e739-4f35-a150-e2a7b232f4c5,40.0,0.0,0.0,Passed,74.14166040202437
95ab94b9-28b0-4312-95c3-d0c0da056b15,01168881-fdce-4c8b-b911-b316b97976af,69.0,0.0,0.0,Failed,69.25666402773984
