Folder1,Folder2,AST Edit Distance,DFG Edit Distance,PDG Edit Distance,Passed Or Failed,Euclidean Distance
6944420a-e474-4268-8b9a-1051b330901c,8f9bd6fd-7494-4097-a55a-8da76b385148,20.0,0.0,0.0,Passed,0.47050124406814575
6944420a-e474-4268-8b9a-1051b330901c,939ba2a1-728c-4d8a-bfdd-e00e51927301,19.0,0.0,0.0,Passed,0.47050124406814575
6944420a-e474-4268-8b9a-1051b330901c,b1c4838f-ca52-4b21-bcc4-e07c2930446c,0.0,0.0,0.0,Passed,0.47050124406814575
6944420a-e474-4268-8b9a-1051b330901c,b4b3d754-e043-4b2b-85eb-bbd66bfb1ae9,34.0,67.0,106.0,Failed,0.47050124406814575
