Folder1,Folder2,AST Edit Distance,DFG Edit Distance,PDG Edit Distance,Passed Or Failed,Similarity Score during Execution
f0355333-5cc0-4414-a16c-cb06b0a5041d,d42dd8ac-bb38-4315-b325-7d1f144af5a3,2.0,0.0,0.0,Passed,1.4024308919906616
f0355333-5cc0-4414-a16c-cb06b0a5041d,aa9d9350-ed8c-4ba4-856a-544a5fbad38e,0.0,0.0,0.0,Passed,1.3808481693267822
f0355333-5cc0-4414-a16c-cb06b0a5041d,8dcc2d40-3608-44ca-a006-98d2dc0ae74a,0.0,0.0,0.0,Passed,1.3564602136611938
f0355333-5cc0-4414-a16c-cb06b0a5041d,da83c7a4-e0b8-49fa-a25d-4177eb3c81bf,2.0,0.0,0.0,Passed,1.3229743242263794
f0355333-5cc0-4414-a16c-cb06b0a5041d,1843bee0-9249-42ae-8182-621c41fc0e27,0.0,0.0,0.0,Passed,1.3136863708496094
f0355333-5cc0-4414-a16c-cb06b0a5041d,4499af07-29c4-4bce-a1fb-ac08137ed268,2.0,0.0,0.0,Passed,1.3094063997268677
f0355333-5cc0-4414-a16c-cb06b0a5041d,a40b0bd6-df8a-4cbd-a628-a758be078905,0.0,0.0,0.0,Passed,1.291434407234192
f0355333-5cc0-4414-a16c-cb06b0a5041d,e917d849-b061-4f07-b655-0d925d7ce38c,0.0,0.0,0.0,Passed,1.2701961994171143
f0355333-5cc0-4414-a16c-cb06b0a5041d,43c541b4-e14a-46d9-b073-33c61500383d,44.0,34.0,53.0,Failed,1.2633206844329834
