Folder1,Folder2,AST Edit Distance,DFG Edit Distance,PDG Edit Distance,Passed Or Failed,Cosine Similarity
7e738d6c-8c66-42af-83ce-98a44356b3ce,c4711817-636d-49c2-b5c5-e6ceb3e26464,0.0,0.0,0.0,Passed,0.9980031847953796
7e738d6c-8c66-42af-83ce-98a44356b3ce,d637fcdd-6847-409b-ab53-f5d6ac155546,0.0,0.0,0.0,Passed,0.9980031847953796
7e738d6c-8c66-42af-83ce-98a44356b3ce,5cd711a8-6a64-4b17-a6c3-ba0e105d5acf,0.0,0.0,0.0,Passed,0.9979060292243958
7e738d6c-8c66-42af-83ce-98a44356b3ce,ca2d1227-51ec-41c5-84a4-28c02db5b394,0.0,0.0,0.0,Passed,0.9979060292243958
7e738d6c-8c66-42af-83ce-98a44356b3ce,5737eb66-b5a7-49f2-b5d0-25995443dbee,0.0,0.0,0.0,Passed,0.9976295232772827
7e738d6c-8c66-42af-83ce-98a44356b3ce,a1597d10-b296-47ca-9cd1-f3cb3f495b9a,0.0,0.0,0.0,Passed,0.9976295232772827
7e738d6c-8c66-42af-83ce-98a44356b3ce,28f13d52-7bbe-4e1a-b0fa-b76de1d9b0e5,51.0,0.0,0.0,Failed,0.9976025223731995
