Folder1,Folder2,AST Edit Distance,DFG Edit Distance,PDG Edit Distance,Passed Or Failed,Euclidean Distance
044bd72b-a426-41ff-a99a-b7f83aaf6f1b,517900b7-9b0f-44f8-b82a-182bb6f73f11,49.0,0.0,0.0,Passed,0.4943816065788269
044bd72b-a426-41ff-a99a-b7f83aaf6f1b,ad8c5bae-edee-47b0-8952-a9e53c292a12,39.0,0.0,0.0,Passed,0.4943816065788269
044bd72b-a426-41ff-a99a-b7f83aaf6f1b,8b743780-f41b-4ffc-9cee-885911bf2bf4,56.0,0.0,0.0,Failed,0.5156558156013489
