Folder1,Folder2,AST Edit Distance,DFG Edit Distance,PDG Edit Distance,Passed Or Failed,BLEU score
26563800-2f28-482b-8dad-705f2c6f3970,07b54d85-a5c5-4775-8d06-6d37f4e61771,0.0,0.0,0.0,Passed,0.702148163209276
26563800-2f28-482b-8dad-705f2c6f3970,a6d0fd29-2247-4a19-9f4e-006381bf3233,0.0,0.0,0.0,Failed,0.2572114682453164
