Folder1,Folder2,AST Edit Distance,DFG Edit Distance,PDG Edit Distance,Passed Or Failed,Cosine Similarity
b7a44cc5-4c32-4aac-87fa-79fde22f178c,6869e44d-4e9c-4e66-aaac-bd2ae6ac8eb2,0.0,0.0,0.0,Passed,0.994791567325592
b7a44cc5-4c32-4aac-87fa-79fde22f178c,dafadbb8-657e-464c-a17f-a47625b0ebaf,0.0,0.0,0.0,Passed,0.994791567325592
b7a44cc5-4c32-4aac-87fa-79fde22f178c,75c61bdf-9de0-46f1-9e50-393b43c99eb0,36.0,79.0,171.0,Failed,0.9944556951522827
