Folder1,Folder2,AST Edit Distance,DFG Edit Distance,PDG Edit Distance,Passed Or Failed,Similarity Score during Execution
4bbaedf7-4852-46a3-8c95-5a1709d49a62,f34b63a6-3d64-4849-9a29-8ecc1c7256f4,2.0,0.0,0.0,Passed,1.1468427181243896
4bbaedf7-4852-46a3-8c95-5a1709d49a62,90f9ee3e-c889-486d-b104-fd849534814f,3.0,0.0,0.0,Failed,1.1149834394454956
