Folder1,Folder2,AST Edit Distance,DFG Edit Distance,PDG Edit Distance,Passed Or Failed,Euclidean Distance
be7a6cab-65d3-4faf-a77e-7bb7a483f9c5,8b3ae77d-0294-48dc-82ec-7faf75e9b809,1.0,26.0,38.0,Passed,0.2063158005475998
be7a6cab-65d3-4faf-a77e-7bb7a483f9c5,fa6f9295-e088-48f4-81fb-596a2db1c6da,5.0,51.0,70.0,Passed,0.2063158005475998
be7a6cab-65d3-4faf-a77e-7bb7a483f9c5,0a7cb76f-0617-49b5-9d74-746e58ebc1cc,51.0,51.0,78.0,Passed,0.21834412217140198
be7a6cab-65d3-4faf-a77e-7bb7a483f9c5,4ac0db0c-1217-445a-a0ac-8e874568c80c,4.0,47.0,75.0,Passed,0.21834412217140198
be7a6cab-65d3-4faf-a77e-7bb7a483f9c5,5c27de05-85f9-4c3d-9d5a-e10961a15c39,3.0,26.0,38.0,Passed,0.22948357462882996
be7a6cab-65d3-4faf-a77e-7bb7a483f9c5,cb3dcf79-b549-413e-9b1a-69d989ad7284,54.0,94.0,139.0,Failed,0.22948357462882996
