Folder1,Folder2,AST Edit Distance,DFG Edit Distance,PDG Edit Distance,Passed Or Failed,BLEU score
7e738d6c-8c66-42af-83ce-98a44356b3ce,31162c51-442f-4ea6-8777-3e79051f93e6,0,0,0,Passed,0.334606975
7e738d6c-8c66-42af-83ce-98a44356b3ce,15c01a16-962c-4844-bd81-5a16c3d7c250,0,0,0,Passed,0.329573858
7e738d6c-8c66-42af-83ce-98a44356b3ce,51bdb869-8490-4ad2-8a50-17af88990e1b,0,0,0,Passed,0.310290814
7e738d6c-8c66-42af-83ce-98a44356b3ce,250fcbe0-0e69-4683-803a-3887008f3b5d,0,0,0,Passed,0.295029413
7e738d6c-8c66-42af-83ce-98a44356b3ce,a213731f-7721-4395-a622-de638a7cf09c,0,28,35,Failed,0.290591616
