Folder1,Folder2,AST Edit Distance,DFG Edit Distance,PDG Edit Distance,Passed Or Failed,Euclidean Distance
7ae00d18-6128-4832-a736-dba0f94bfbcb,dced86f9-f8b9-46f5-a58e-ab9c3208cb57,4.0,0.0,0.0,Passed,0.3598712086677551
7ae00d18-6128-4832-a736-dba0f94bfbcb,eafb2628-be57-4035-bd7c-ed1906ff433c,4.0,0.0,0.0,Passed,0.3598712086677551
7ae00d18-6128-4832-a736-dba0f94bfbcb,9d68decb-f681-4bd3-938c-d14536d75aa6,4.0,0.0,0.0,Passed,0.43534332513809204
7ae00d18-6128-4832-a736-dba0f94bfbcb,5dfc4010-15cf-421d-9c8d-b826e01c80c5,14.0,0.0,0.0,Passed,0.4414544403553009
7ae00d18-6128-4832-a736-dba0f94bfbcb,238b4991-6692-45a7-96aa-414aa9926b60,4.0,0.0,0.0,Passed,0.44224634766578674
7ae00d18-6128-4832-a736-dba0f94bfbcb,dcaf7e09-f748-48d3-9950-c11bf390272e,4.0,0.0,0.0,Passed,0.4549563229084015
7ae00d18-6128-4832-a736-dba0f94bfbcb,e8a0e732-6c01-4601-928f-4ddd044d2c2c,32.0,0.0,0.0,Failed,0.47297757863998413
