Folder1,Folder2,AST Edit Distance,DFG Edit Distance,PDG Edit Distance,Passed Or Failed,Cosine Similarity
31e96693-b560-4dbc-975c-d1d8e9771a1c,a5af4812-8e4c-4085-b466-5abaf395b9d2,0.0,0.0,0.0,Passed,0.9959546327590942
31e96693-b560-4dbc-975c-d1d8e9771a1c,bc9099f6-1fa0-48dc-8571-32a8bfaefcac,1.0,0.0,0.0,Passed,0.9959546327590942
31e96693-b560-4dbc-975c-d1d8e9771a1c,4010d895-bd83-42ba-83a6-e83c10458afe,28.0,119.0,173.0,Failed,0.9950533509254456
