Folder1,Folder2,AST Edit Distance,DFG Edit Distance,PDG Edit Distance,Passed Or Failed,Euclidean Distance
d1a450d5-29d8-498d-a805-d545eea0a137,1a5d1f27-4180-44b0-8e7b-871aa7784c2f,9.0,0.0,0.0,Passed,0.3163840174674988
d1a450d5-29d8-498d-a805-d545eea0a137,3ecc537a-852c-49e0-af18-87b65a429ab7,9.0,0.0,0.0,Passed,0.32956889271736145
d1a450d5-29d8-498d-a805-d545eea0a137,dd1f6176-df54-411a-8203-f43b35b656a8,21.0,36.0,0.0,Failed,0.32956889271736145
