Folder1,Folder2,AST Edit Distance,DFG Edit Distance,PDG Edit Distance,Passed Or Failed,Euclidean Distance
056dcf29-f125-4021-99d4-37cb7aedba94,1fe2aaea-0b51-43b1-8ffb-dca54fda7eb5,1.0,0.0,0.0,Passed,0.3183492124080658
056dcf29-f125-4021-99d4-37cb7aedba94,5aa43571-c08b-4538-a3de-6ed4cb136bb4,0.0,10.0,13.0,Passed,0.3183492124080658
056dcf29-f125-4021-99d4-37cb7aedba94,1c3d92c1-0e86-4f59-af3d-fcff4a8951f1,1.0,15.0,21.0,Passed,0.342114120721817
056dcf29-f125-4021-99d4-37cb7aedba94,cf31ee35-b02b-48f8-b887-1c50d92f650f,39.0,35.0,54.0,Failed,0.342114120721817
