Folder1,Folder2,AST Edit Distance,DFG Edit Distance,PDG Edit Distance,Passed Or Failed,ROUGE-L
86c7f5ff-0571-457b-a18a-073b09004cbe,d2bed437-a84f-4b87-b84f-97aef140453f,10.0,0.0,0.0,Passed,0.8108108108108109
86c7f5ff-0571-457b-a18a-073b09004cbe,e68e6af7-07ed-443e-9b82-02e6497cb9a3,19.0,0.0,0.0,Failed,0.7894736842105262
