Folder1,Folder2,AST Edit Distance,DFG Edit Distance,PDG Edit Distance,Passed Or Failed,Euclidean Distance
e1147d5c-b9dd-459a-b971-17a72557ffcf,64998e86-f09b-43c4-9987-7da085e72bef,9.0,12.0,20.0,Passed,0.5752406716346741
e1147d5c-b9dd-459a-b971-17a72557ffcf,b75bed73-dbf7-494d-ba59-906d003644d4,9.0,12.0,20.0,Passed,0.5873006582260132
e1147d5c-b9dd-459a-b971-17a72557ffcf,c435aff6-a9f1-4c45-abaa-5bcf4ea96ced,9.0,0.0,0.0,Passed,0.5873006582260132
e1147d5c-b9dd-459a-b971-17a72557ffcf,8fa761a5-74c9-411a-97e9-9f49bf72750f,20.0,22.0,37.0,Failed,0.5915772914886475
