Folder1,Folder2,AST Edit Distance,DFG Edit Distance,PDG Edit Distance,Passed Or Failed,Similarity Score during Execution
82ba3dac-f3b0-460c-8b63-083725020082,85187b10-53a5-423f-9d21-91997a5b4d16,23.0,70.0,102.0,Passed,1.0496779680252075
82ba3dac-f3b0-460c-8b63-083725020082,4080ecfb-031c-4992-a612-b793bbf64d8b,20.0,249.0,375.0,Failed,0.923673152923584
