Folder1,Folder2,AST Edit Distance,DFG Edit Distance,PDG Edit Distance,Passed Or Failed,Meteor Score
390dd236-58db-4f67-8878-88203c82d53d,a5472f09-14e6-4978-959e-b4ba3f17876a,5.0,0.0,0.0,Passed,0.8244610381789715
390dd236-58db-4f67-8878-88203c82d53d,6bf7d805-d1ff-4e47-a3ac-324a6f3c7548,32.0,11.0,22.0,Failed,0.7842066957787482
