Folder1,Folder2,AST Edit Distance,DFG Edit Distance,PDG Edit Distance,Passed Or Failed,Similarity Score during Execution
59895478-5a01-41dd-b2df-3ead92d281cb,95de2d17-c7b4-4278-8fa9-cbac44d63a98,17.0,0.0,0.0,Passed,1.3107857704162598
59895478-5a01-41dd-b2df-3ead92d281cb,fe8a3189-de7a-4872-b7c3-efb7a45650f6,16.0,0.0,0.0,Passed,1.2119096517562866
59895478-5a01-41dd-b2df-3ead92d281cb,f57e6ec2-2e41-49a9-9fa9-36f97113dfb1,20.0,0.0,0.0,Failed,1.2056721448898315
