Folder1,Folder2,AST Edit Distance,DFG Edit Distance,PDG Edit Distance,Passed Or Failed,ROUGE-L
3cb49788-3b20-45b4-a570-83490e8eac28,4f64ca6b-0787-450c-909a-53de51e4a2f5,15.0,40.0,62.0,Passed,0.9189189189189189
3cb49788-3b20-45b4-a570-83490e8eac28,3b1b03b5-804c-48f6-b7ad-31dbddf84e8c,16.0,0.0,0.0,Passed,0.8918918918918919
3cb49788-3b20-45b4-a570-83490e8eac28,838a8041-2917-448c-a8fa-859d742e60dc,15.0,40.0,62.0,Passed,0.8918918918918919
3cb49788-3b20-45b4-a570-83490e8eac28,b55da115-4917-472b-8746-3ebcb8f308d9,15.0,0.0,0.0,Passed,0.8918918918918919
3cb49788-3b20-45b4-a570-83490e8eac28,cc95bf7a-842b-475f-b234-952b625f4b65,34.0,50.0,90.0,Failed,0.8918918918918919
