Folder1,Folder2,AST Edit Distance,DFG Edit Distance,PDG Edit Distance,Passed Or Failed,Similarity Score during Execution
c270e439-3cd8-46e7-878c-34dfc3995600,c6c00243-973a-4c04-b446-8a1b27b44366,19.0,0.0,0.0,Passed,1.3120113611221313
c270e439-3cd8-46e7-878c-34dfc3995600,4076e431-3c44-49cd-9f00-6935f6fe585e,34.0,0.0,0.0,Failed,1.2790179252624512
