Folder1,Folder2,AST Edit Distance,DFG Edit Distance,PDG Edit Distance,Passed Or Failed,ChrF Score
f8229e48-1dd4-4a41-9464-30d24da56c0d,3b8f4a69-2438-401f-9c82-316a0277a7cc,59.0,39.0,61.0,Passed,72.33204354311744
f8229e48-1dd4-4a41-9464-30d24da56c0d,1d8a237a-edec-42c8-9494-d30f1d01a2f9,45.0,58.0,83.0,Passed,67.25491268349293
f8229e48-1dd4-4a41-9464-30d24da56c0d,9423a8d5-a8c1-4cf0-9ef1-030a96399b04,51.0,80.0,118.0,Failed,66.09960597463392
