Folder1,Folder2,AST Edit Distance,DFG Edit Distance,PDG Edit Distance,Passed Or Failed,BLEU score
0d2a0bde-4aec-4c04-b24a-b0c966c67dc2,c7baa23b-7f33-4286-9758-d22552b20f2c,36.0,43.0,69.0,Passed,0.2193120809416002
0d2a0bde-4aec-4c04-b24a-b0c966c67dc2,d96454d1-f23c-4702-a1ca-508078d9c0a7,36.0,43.0,69.0,Passed,0.20508607025179987
0d2a0bde-4aec-4c04-b24a-b0c966c67dc2,78a9ddc9-24b7-4293-9ef2-3c920b6a9e52,36.0,43.0,69.0,Passed,0.19395843006407548
0d2a0bde-4aec-4c04-b24a-b0c966c67dc2,2913abf9-c7fa-4193-8b5c-99a065197b85,32.0,57.0,89.0,Failed,0.18602486301741042
