Folder1,Folder2,AST Edit Distance,DFG Edit Distance,PDG Edit Distance,Passed Or Failed,Similarity Score during Execution
c49760f5-fb14-4fbf-aad5-22be4eccf131,7c61493f-f98d-4685-94cf-5c3f6a5d48d0,0.0,0.0,0.0,Passed,0.9484015703201294
c49760f5-fb14-4fbf-aad5-22be4eccf131,ea3f43c0-878d-4f44-8b2f-fe4949718d19,0.0,0.0,0.0,Passed,0.9280237555503845
c49760f5-fb14-4fbf-aad5-22be4eccf131,d85b50d4-1e91-459f-8f7a-2bc61a9d5ade,13.0,0.0,0.0,Failed,0.9172457456588745
