Folder1,Folder2,AST Edit Distance,DFG Edit Distance,PDG Edit Distance,Passed Or Failed,ROUGE-L
16a1cb4e-eb66-4b70-a6a4-d5d55366910d,006af24a-089d-493b-90dc-810d62e900a8,12.0,0.0,0.0,Passed,0.7586206896551724
16a1cb4e-eb66-4b70-a6a4-d5d55366910d,79d04857-4905-45f2-874e-a4fcba04e9d0,25.0,0.0,0.0,Failed,0.7586206896551724
