Folder1,Folder2,AST Edit Distance,DFG Edit Distance,PDG Edit Distance,Passed Or Failed,Euclidean Distance
eb583425-0944-49bc-bc44-02c014597d70,b22b6a40-8451-4f5b-acf2-92b7f620bfe2,40.0,42.0,56.0,Passed,0.4434104561805725
eb583425-0944-49bc-bc44-02c014597d70,e69dcb77-2fe7-479b-a78e-89d40c124a63,40.0,45.0,63.0,Passed,0.4434104561805725
eb583425-0944-49bc-bc44-02c014597d70,28cb597a-8cbb-4f77-a270-5667d1b649cd,7.0,9.0,16.0,Passed,0.4677552878856659
eb583425-0944-49bc-bc44-02c014597d70,951605f4-fca9-4bef-b63a-5e1f035ec5b7,37.0,69.0,87.0,Passed,0.4677552878856659
eb583425-0944-49bc-bc44-02c014597d70,cfee43ef-3005-4e59-9613-5459a5fc01fb,35.0,35.0,50.0,Passed,0.4727538228034973
eb583425-0944-49bc-bc44-02c014597d70,528c1c37-8773-4cce-b354-09292d5bb905,18.0,33.0,34.0,Passed,0.48384445905685425
eb583425-0944-49bc-bc44-02c014597d70,835dc374-1088-4b9c-a968-5dc24473eb74,101.0,49.0,66.0,Passed,0.48384445905685425
eb583425-0944-49bc-bc44-02c014597d70,1ca25620-5e9c-4fdd-94ab-b54edaa824e6,12.0,37.0,38.0,Passed,0.4844329059123993
eb583425-0944-49bc-bc44-02c014597d70,2c882a4a-cdf4-4a60-b1c5-22479ed21271,42.0,78.0,106.0,Failed,0.5037840008735657
