Folder1,Folder2,AST Edit Distance,DFG Edit Distance,PDG Edit Distance,Passed Or Failed,Meteor Score
2cfd9c23-87d8-4022-8107-44e4f81de3b4,45d00b89-b26d-4b29-a457-1c3a91c39460,18.0,0.0,0.0,Passed,0.8993827160493828
2cfd9c23-87d8-4022-8107-44e4f81de3b4,e53c5d0c-9a10-4aee-b1a5-be1b782d6c4a,18.0,0.0,0.0,Passed,0.8993827160493828
2cfd9c23-87d8-4022-8107-44e4f81de3b4,3f5d8ad1-bd8a-4ad0-b233-012237ca09f3,25.0,0.0,0.0,Passed,0.8985368084133517
2cfd9c23-87d8-4022-8107-44e4f81de3b4,cb43f03e-fca4-4479-8fbd-3f0cfd25da74,18.0,61.0,82.0,Failed,0.8985368084133517
