Folder1,Folder2,AST Edit Distance,DFG Edit Distance,PDG Edit Distance,Passed Or Failed,ChrF Score
c49760f5-fb14-4fbf-aad5-22be4eccf131,4ba70f27-390b-430a-bb14-6969acc64fe9,0.0,0.0,0.0,Passed,47.674367389330605
c49760f5-fb14-4fbf-aad5-22be4eccf131,7d44803f-cdeb-4aa1-afcd-374cd95d80b2,0.0,0.0,0.0,Passed,46.75354375444287
c49760f5-fb14-4fbf-aad5-22be4eccf131,d5523106-3627-4c88-ad71-508b3b67e002,13.0,0.0,0.0,Failed,45.41513762946931
