Folder1,Folder2,AST Edit Distance,DFG Edit Distance,PDG Edit Distance,Passed Or Failed,BLEU score
b3a3c0e6-2f42-4081-a219-f8c124309724,14429a31-ce5a-4d3c-920a-fc7772d8b939,47.0,0.0,0.0,Passed,0.865603055254171
b3a3c0e6-2f42-4081-a219-f8c124309724,fc961f75-c5ce-4230-b79a-fe7f2df5eb2e,49.0,0.0,0.0,Passed,0.5769156807980166
b3a3c0e6-2f42-4081-a219-f8c124309724,3f7b4afe-2c2b-4e80-83b9-b9a0bd5daa48,56.0,0.0,0.0,Passed,0.5579745063955603
b3a3c0e6-2f42-4081-a219-f8c124309724,55271fcc-6d0a-4547-bc16-997c959cba8a,58.0,37.0,53.0,Failed,0.5386933265263313
