Folder1,Folder2,AST Edit Distance,DFG Edit Distance,PDG Edit Distance,Passed Or Failed,ROUGE-2
c49760f5-fb14-4fbf-aad5-22be4eccf131,b591a505-251c-4414-9c97-48239aba3029,37.0,0.0,0.0,Passed,0.5000000000000001
c49760f5-fb14-4fbf-aad5-22be4eccf131,bd1f4e53-aff1-42c4-a04e-71dea1fd3821,37.0,0.0,0.0,Passed,0.4736842105263158
c49760f5-fb14-4fbf-aad5-22be4eccf131,e89f2fca-c89b-4fd5-b5f3-0f21fa55f339,38.0,0.0,0.0,Passed,0.4533333333333333
c49760f5-fb14-4fbf-aad5-22be4eccf131,f1c2445c-7616-4f22-bcba-95375128b646,38.0,0.0,0.0,Failed,0.4473684210526316
