Folder1,Folder2,AST Edit Distance,DFG Edit Distance,PDG Edit Distance,Passed Or Failed,Euclidean Distance
789e44b4-b3fa-4532-856d-c9af9bc615db,9fb53a0d-f0d0-448b-bb7a-ad088df9b3fd,1.0,0.0,0.0,Passed,0.24181465804576874
789e44b4-b3fa-4532-856d-c9af9bc615db,afed07a2-8007-4ef4-b4b0-4c374e41de43,0.0,0.0,0.0,Passed,0.2493600994348526
789e44b4-b3fa-4532-856d-c9af9bc615db,644c7a23-e06a-4ca6-a6dd-805aadf8abde,1.0,0.0,0.0,Failed,0.2888699173927307
