Folder1,Folder2,AST Edit Distance,DFG Edit Distance,PDG Edit Distance,Passed Or Failed,ROUGE-2
ee40bdc1-7a6d-4082-ad49-b4227b3beedb,035da4eb-02b3-4b86-9a9f-329b27053147,36.0,0.0,0.0,Passed,0.8219178082191781
ee40bdc1-7a6d-4082-ad49-b4227b3beedb,e720d799-2d12-4962-bbe4-e912b4e4d32b,8.0,0.0,0.0,Passed,0.8219178082191781
ee40bdc1-7a6d-4082-ad49-b4227b3beedb,06275507-14c6-48a1-9c81-471ed80592d8,42.0,0.0,0.0,Failed,0.7945205479452055
