Folder1,Folder2,AST Edit Distance,DFG Edit Distance,PDG Edit Distance,Passed Or Failed,Similarity Score during Execution
6d702183-1cae-40fe-bd0c-c42dfa268893,7d90dc05-60ca-4cf4-928e-2a2efd1d930f,0.0,0.0,0.0,Passed,1.2050197124481201
6d702183-1cae-40fe-bd0c-c42dfa268893,b218cea6-e554-4086-a774-a1eaa6e3dd07,0.0,0.0,0.0,Passed,1.1421003341674805
6d702183-1cae-40fe-bd0c-c42dfa268893,091231f3-ef8c-481e-8e17-e5b1ad302fb8,20.0,21.0,34.0,Failed,1.134922981262207
