Folder1,Folder2,AST Edit Distance,DFG Edit Distance,PDG Edit Distance,Passed Or Failed,ROUGE-L
2547e010-069e-49e3-8005-b57592fb3f5e,02513782-aa4a-4744-8869-4e802c5d0d63,0.0,0.0,0.0,Passed,0.8275862068965517
2547e010-069e-49e3-8005-b57592fb3f5e,d437bd5e-5fde-4d7c-8582-84849a93032c,1.0,0.0,0.0,Failed,0.7857142857142857
