Folder1,Folder2,AST Edit Distance,DFG Edit Distance,PDG Edit Distance,Passed Or Failed,ROUGE-2
bc4d4ae6-9259-49ae-a66e-65214c00e0a0,e7b8d9f1-19d9-4adf-b560-a0c41706602d,2.0,0.0,0.0,Passed,0.6086956521739131
bc4d4ae6-9259-49ae-a66e-65214c00e0a0,b1d96e81-7296-4c05-b230-73b416335829,1.0,26.0,38.0,Failed,0.5833333333333334
