Folder1,Folder2,AST Edit Distance,DFG Edit Distance,PDG Edit Distance,Passed Or Failed,Similarity Score during Execution
e8ba2945-e67e-4315-ab4c-4d5dab3e0e47,a2fdb14e-3526-43d5-9de4-5f90f220d3be,2.0,0.0,0.0,Passed,1.4470075368881226
e8ba2945-e67e-4315-ab4c-4d5dab3e0e47,50d803ce-4bc7-4a2e-89fc-92c30c1202f4,2.0,0.0,0.0,Passed,1.394714117050171
e8ba2945-e67e-4315-ab4c-4d5dab3e0e47,55e8e456-5c61-4590-8973-4e7834f4450e,2.0,0.0,0.0,Passed,1.359500527381897
e8ba2945-e67e-4315-ab4c-4d5dab3e0e47,91d831f0-abd8-4367-a6c2-41f742bdd4c0,0.0,0.0,0.0,Passed,1.351879596710205
e8ba2945-e67e-4315-ab4c-4d5dab3e0e47,f44bca57-d0ca-4653-ad83-aeb5bd86711f,2.0,0.0,0.0,Passed,1.3280495405197144
e8ba2945-e67e-4315-ab4c-4d5dab3e0e47,ec395ab7-b672-4434-b7c9-bb564b30c0ff,2.0,27.0,34.0,Failed,1.3263664245605469
