Folder1,Folder2,AST Edit Distance,DFG Edit Distance,PDG Edit Distance,Passed Or Failed,Euclidean Distance
32ea3c3a-1e54-4b1f-b3ba-e031992ce073,5214ab24-4081-4063-ae82-42f1303432e2,7.0,179.0,260.0,Passed,0.8375424146652222
32ea3c3a-1e54-4b1f-b3ba-e031992ce073,da033133-8392-4e32-ba82-0309010cf49d,22.0,181.0,265.0,Failed,0.8382133841514587
