Folder1,Folder2,AST Edit Distance,DFG Edit Distance,PDG Edit Distance,Passed Or Failed,Similarity Score during Execution
462e6851-eef3-437d-a812-bff602650600,c8997a8c-efe8-467c-8fb3-cd1b8dab3e8e,51.0,48.0,110.0,Passed,1.2340645790100098
462e6851-eef3-437d-a812-bff602650600,ced38446-d654-4162-8409-01ff98189168,51.0,40.0,101.0,Passed,1.2222609519958496
462e6851-eef3-437d-a812-bff602650600,b4fe10aa-b9ed-4ab2-99d6-5b62b031937e,40.0,48.0,100.0,Passed,1.1928294897079468
462e6851-eef3-437d-a812-bff602650600,d4ca963c-f0b1-40e2-b9fe-b5bc31e80375,41.0,34.0,82.0,Passed,1.1175204515457153
462e6851-eef3-437d-a812-bff602650600,7d6382b0-1c8e-4646-bd42-166ad6a2dce4,44.0,66.0,135.0,Passed,1.1074891090393066
462e6851-eef3-437d-a812-bff602650600,50b99d55-41e4-421f-8dc7-b18e6b6c7a6c,49.0,51.0,99.0,Passed,1.1053435802459717
462e6851-eef3-437d-a812-bff602650600,a45040e6-3bde-4edf-b3e3-835129ebe189,32.0,42.0,96.0,Passed,1.0921194553375244
462e6851-eef3-437d-a812-bff602650600,05e59232-37b5-4bd6-872c-da45a6980157,52.0,63.0,145.0,Failed,1.075987696647644
