Folder1,Folder2,AST Edit Distance,DFG Edit Distance,PDG Edit Distance,Passed Or Failed,Meteor Score
0af6c287-adb9-4832-a740-97998cce1197,57fa4dbe-df13-4ec8-938f-59052695e6c2,1.0,39.0,61.0,Passed,0.8748405612244898
0af6c287-adb9-4832-a740-97998cce1197,c8d9155a-f8e9-4a52-9ca4-74122e7e7565,56.0,70.0,115.0,Failed,0.8748405612244898
