Folder1,Folder2,AST Edit Distance,DFG Edit Distance,PDG Edit Distance,Passed Or Failed,Similarity Score during Execution
ba58b740-20cf-4e43-81dc-8311690d3888,53b1ae33-9af5-4073-81e0-3420b3476756,10.0,27.0,39.0,Passed,1.5070760250091553
ba58b740-20cf-4e43-81dc-8311690d3888,b7106b54-ee1c-4e23-92fb-5f48b01074ed,0.0,0.0,0.0,Passed,1.486552119255066
ba58b740-20cf-4e43-81dc-8311690d3888,23aa1338-c71b-438a-80c3-a5ca6f7fc03d,0.0,0.0,0.0,Passed,1.441769003868103
ba58b740-20cf-4e43-81dc-8311690d3888,06c0bcc5-7e8b-4f13-b0b9-d1293e28ba4b,6.0,31.0,41.0,Failed,1.4296314716339111
