Folder1,Folder2,AST Edit Distance,DFG Edit Distance,PDG Edit Distance,Passed Or Failed,ROUGE-2
67d2dcca-680e-478c-9acd-4ee47cd5febf,daa36fe6-82d5-456f-913a-f9ed38149dfb,0.0,0.0,0.0,Passed,1.0
67d2dcca-680e-478c-9acd-4ee47cd5febf,247f5020-7479-4f8d-a308-233e369000c5,5.0,0.0,0.0,Passed,0.8571428571428571
67d2dcca-680e-478c-9acd-4ee47cd5febf,17d7d01e-af82-4b61-8ce3-9e6b40397752,5.0,0.0,0.0,Passed,0.7142857142857143
67d2dcca-680e-478c-9acd-4ee47cd5febf,cc271d03-f7b3-40b9-bfc4-0f1d7ae7d4e1,5.0,0.0,0.0,Passed,0.7142857142857143
67d2dcca-680e-478c-9acd-4ee47cd5febf,6b2269b1-9d74-46cd-999a-0c0e8f9d3ddf,5.0,24.0,38.0,Failed,0.42857142857142855
