Folder1,Folder2,AST Edit Distance,DFG Edit Distance,PDG Edit Distance,Passed Or Failed,Cosine Similarity
34c3ee25-ce3e-498c-b0de-f8124d0c6421,952bd462-321e-49de-8f44-cd6ed59ff988,0.0,0.0,0.0,Passed,0.9943997859954834
34c3ee25-ce3e-498c-b0de-f8124d0c6421,b127337b-19ea-4e0f-bca2-9961bce77911,0.0,0.0,0.0,Passed,0.9943997859954834
34c3ee25-ce3e-498c-b0de-f8124d0c6421,09aa479f-3138-4821-ae65-37d33a7a1536,3.0,0.0,0.0,Passed,0.9940177798271179
34c3ee25-ce3e-498c-b0de-f8124d0c6421,2823e829-5401-4153-ac4c-ed0481a1c3d4,3.0,0.0,0.0,Passed,0.9920634031295776
34c3ee25-ce3e-498c-b0de-f8124d0c6421,59775cb2-f78f-432e-b591-d843b4e33414,3.0,0.0,0.0,Passed,0.9920634031295776
34c3ee25-ce3e-498c-b0de-f8124d0c6421,18eb054f-990a-4054-8d56-a159065ec0f5,0.0,0.0,0.0,Passed,0.9894298911094666
34c3ee25-ce3e-498c-b0de-f8124d0c6421,a933c903-9bd3-4a3b-9425-508920e13f26,8.0,0.0,0.0,Failed,0.9894298911094666
