Folder1,Folder2,AST Edit Distance,DFG Edit Distance,PDG Edit Distance,Passed Or Failed,Meteor Score
5f018ca5-f124-4f72-8a59-6dd5da43131e,0482bb82-c3cf-410a-9523-0c11d44c3d7d,0.0,0.0,0.0,Passed,0.8915568461023007
5f018ca5-f124-4f72-8a59-6dd5da43131e,2454ebf4-fd4f-4957-bde5-8dfb34d62bb8,0.0,0.0,0.0,Passed,0.8915568461023007
5f018ca5-f124-4f72-8a59-6dd5da43131e,519bc01a-f66b-4533-a8f4-2425c93e2ece,0.0,0.0,0.0,Passed,0.8915568461023007
5f018ca5-f124-4f72-8a59-6dd5da43131e,fd56f086-c42d-4ac3-9972-9e67899ed50e,20.0,0.0,0.0,Failed,0.8915568461023007
