Folder1,Folder2,AST Edit Distance,DFG Edit Distance,PDG Edit Distance,Passed Or Failed,Meteor Score
82d323e1-dfb8-478d-9ebd-1e53571dcf42,c042e32f-56ee-40fe-af66-466035d81fbc,40.0,0.0,0.0,Passed,0.8385188012979576
82d323e1-dfb8-478d-9ebd-1e53571dcf42,ee8d706e-f777-41bc-b9bf-2ded5be71eb4,0.0,0.0,0.0,Passed,0.8385188012979576
82d323e1-dfb8-478d-9ebd-1e53571dcf42,d8dca71d-a5a1-496e-8fa8-69aa05130944,25.0,78.0,0.0,Failed,0.8380654705096393
