Folder1,Folder2,AST Edit Distance,DFG Edit Distance,PDG Edit Distance,Passed Or Failed,ChrF Score
26563800-2f28-482b-8dad-705f2c6f3970,f99804a4-1f73-4f88-911e-5ce3e719f034,19.0,0.0,0.0,Passed,70.00614621552273
26563800-2f28-482b-8dad-705f2c6f3970,54080a86-a4a7-4d52-864b-629d3d82e741,22.0,0.0,0.0,Failed,69.46310457630833
