Folder1,Folder2,AST Edit Distance,DFG Edit Distance,PDG Edit Distance,Passed Or Failed,ChrF Score
6100ab0e-73ed-40ae-b6a2-3791afbd992a,471ccfed-fcf3-427d-9c4e-4f1b0917dc98,0.0,0.0,0.0,Passed,70.13661379565887
6100ab0e-73ed-40ae-b6a2-3791afbd992a,52883697-c013-4d61-a01a-6875071896f8,0.0,0.0,0.0,Passed,70.13661379565887
6100ab0e-73ed-40ae-b6a2-3791afbd992a,30d43cdb-b792-435c-982b-cfa3bce8e927,14.0,0.0,0.0,Failed,68.34449304313542
