Folder1,Folder2,AST Edit Distance,DFG Edit Distance,PDG Edit Distance,Passed Or Failed,ROUGE-2
a4447716-22f2-4f75-9d33-86f2d956a56f,003c4190-d318-4739-b077-a53d604b5f2d,21.0,45.0,68.0,Passed,0.14814814814814817
a4447716-22f2-4f75-9d33-86f2d956a56f,161ed16d-e094-48b7-85cb-d78ad514aca4,13.0,47.0,73.0,Passed,0.14545454545454545
a4447716-22f2-4f75-9d33-86f2d956a56f,7f069eae-a689-44d4-814e-b98f66e9ff8b,85.0,78.0,119.0,Failed,0.14545454545454545
