Folder1,Folder2,AST Edit Distance,DFG Edit Distance,PDG Edit Distance,Passed Or Failed,Meteor Score
c49760f5-fb14-4fbf-aad5-22be4eccf131,5f881423-7d38-4fd6-be6a-e0d01e6588b2,19.0,0.0,0.0,Passed,0.38185404339250495
c49760f5-fb14-4fbf-aad5-22be4eccf131,4f85f186-24fb-4696-b5f4-9dc124895d2b,0.0,0.0,0.0,Passed,0.36885268293749013
c49760f5-fb14-4fbf-aad5-22be4eccf131,28ad070e-4a98-4f55-a264-4970aff53084,12.0,0.0,0.0,Passed,0.3653832494659258
c49760f5-fb14-4fbf-aad5-22be4eccf131,9c5a481b-1cc4-486f-93e3-71f79b21867c,0.0,0.0,0.0,Passed,0.3653832494659258
c49760f5-fb14-4fbf-aad5-22be4eccf131,9fac3622-a914-4d21-a9f7-194dcc608381,1.0,63.0,0.0,Failed,0.360766444295104
