Folder1,Folder2,AST Edit Distance,DFG Edit Distance,PDG Edit Distance,Passed Or Failed,ChrF Score
c1d6db95-420e-4b0a-955b-63a2753b4ded,a40ad775-bfef-443e-b01b-fdf9324fcbf4,19.0,33.0,42.0,Passed,41.24061166618219
c1d6db95-420e-4b0a-955b-63a2753b4ded,6be294b9-31a6-4b12-bce7-e2b188f90672,19.0,35.0,54.0,Passed,37.78001258570454
c1d6db95-420e-4b0a-955b-63a2753b4ded,53c36673-39a7-4f20-8ec1-20de764e9f44,27.0,0.0,0.0,Passed,35.362843197405326
c1d6db95-420e-4b0a-955b-63a2753b4ded,a4bd412d-c400-4590-b609-6782db3b1c6b,19.0,81.0,111.0,Failed,34.366814552412066
