Folder1,Folder2,AST Edit Distance,DFG Edit Distance,PDG Edit Distance,Passed Or Failed,Cosine Similarity
c606586d-559b-497b-8db1-e957d3e42996,b2d1d012-1c96-4027-a4d9-6bc85a970e64,0.0,0.0,0.0,Passed,0.9998767375946045
c606586d-559b-497b-8db1-e957d3e42996,b472e315-0ad3-4087-8542-71ea9425c90d,80.0,93.0,233.0,Failed,0.9998767375946045
