Folder1,Folder2,AST Edit Distance,DFG Edit Distance,PDG Edit Distance,Passed Or Failed,Euclidean Distance
7afffde8-b9f8-4895-b07d-6acc811a9a24,0ba55c1b-89dc-4be4-b339-8ecffb86bb1c,1.0,0.0,0.0,Passed,0.29032737016677856
7afffde8-b9f8-4895-b07d-6acc811a9a24,d1fe2773-c6a0-48c0-97e6-9506e3c1e98c,0.0,0.0,0.0,Passed,0.33276766538619995
7afffde8-b9f8-4895-b07d-6acc811a9a24,3c2ec171-3340-41be-a4a1-3a9ed8ee90b8,0.0,0.0,0.0,Passed,0.33285221457481384
7afffde8-b9f8-4895-b07d-6acc811a9a24,ef79e120-0566-4466-9132-b954de5b3fc4,7.0,0.0,0.0,Failed,0.3447471559047699
