Folder1,Folder2,AST Edit Distance,DFG Edit Distance,PDG Edit Distance,Passed Or Failed,Similarity Score during Execution
ccb65103-2c80-4738-b838-5296d2218826,e39e3010-8424-47e5-b22c-7bed3b16444e,39.0,0.0,0.0,Passed,1.49175226688385
ccb65103-2c80-4738-b838-5296d2218826,2b5149ba-9e81-443e-ba61-a5f6099accbb,60.0,0.0,0.0,Failed,1.4276635646820068
