Folder1,Folder2,AST Edit Distance,DFG Edit Distance,PDG Edit Distance,Passed Or Failed,Cosine Similarity
2c67b7d0-a0cf-489f-803a-b8436a088059,d7cb5045-f5ba-492c-8648-1df3794e9a25,8.0,0.0,0.0,Passed,0.9933602213859558
2c67b7d0-a0cf-489f-803a-b8436a088059,a6aa0880-2fbc-41b8-9adb-6ac132eda31e,8.0,0.0,0.0,Failed,0.9933093786239624
