Folder1,Folder2,AST Edit Distance,DFG Edit Distance,PDG Edit Distance,Passed Or Failed,ROUGE-L
f9e6bad7-8154-4a2e-87ea-64354c67d8a8,09451d37-acf7-47c7-9f2d-7b2d89d0a5e2,14.0,41.0,66.0,Passed,0.8181818181818181
f9e6bad7-8154-4a2e-87ea-64354c67d8a8,11429406-c694-4060-930b-e728ec7a9641,35.0,6.0,7.0,Passed,0.8181818181818181
f9e6bad7-8154-4a2e-87ea-64354c67d8a8,393bf00b-ac7e-4718-b13f-174adceaab9c,28.0,40.0,84.0,Failed,0.8181818181818181
