Folder1,Folder2,AST Edit Distance,DFG Edit Distance,PDG Edit Distance,Passed Or Failed,Similarity Score during Execution
c3ebfbea-81cc-4406-836d-ad9a937cf8df,844cc4de-0d15-4c1d-8a7c-922914e36189,27.0,66.0,0.0,Passed,1.0100446939468384
c3ebfbea-81cc-4406-836d-ad9a937cf8df,4190f126-9078-4e02-99fc-cae02619e404,29.0,0.0,0.0,Passed,0.9618790149688721
c3ebfbea-81cc-4406-836d-ad9a937cf8df,840d9917-b524-47c2-98eb-4a9c05a649c3,28.0,0.0,0.0,Passed,0.9498401284217834
c3ebfbea-81cc-4406-836d-ad9a937cf8df,0be4aeb3-3ce8-41fa-84c3-bd5222293528,55.0,112.0,0.0,Failed,0.901187539100647
