Folder1,Folder2,AST Edit Distance,DFG Edit Distance,PDG Edit Distance,Passed Or Failed,Meteor Score
28d4299c-fd33-46ab-9227-94791ee0b0cd,ee0936ab-ecad-4527-bba9-49457436e656,27.0,53.0,87.0,Passed,0.8123150887573964
28d4299c-fd33-46ab-9227-94791ee0b0cd,260a12ef-53e3-4ac0-b6a2-9ab9e1426186,38.0,56.0,86.0,Failed,0.7529699510831587
