Folder1,Folder2,AST Edit Distance,DFG Edit Distance,PDG Edit Distance,Passed Or Failed,Similarity Score during Execution
8a217a54-0510-4abb-9dd8-5b2cabf6b938,815fa232-c6a0-4353-943f-b53155410f15,1.0,70.0,88.0,Passed,1.2499454021453857
8a217a54-0510-4abb-9dd8-5b2cabf6b938,dbc649b2-c7f8-418c-a354-c0dd55d44be9,0.0,35.0,55.0,Passed,1.2274309396743774
8a217a54-0510-4abb-9dd8-5b2cabf6b938,2c5566cb-8a0e-4f13-9f5c-077ad489164f,0.0,0.0,0.0,Passed,1.219688057899475
8a217a54-0510-4abb-9dd8-5b2cabf6b938,441f458e-b267-4468-99c8-75f050787284,14.0,21.0,30.0,Passed,1.1790361404418945
8a217a54-0510-4abb-9dd8-5b2cabf6b938,359bc1bc-1447-4219-accd-82997f15f226,0.0,0.0,0.0,Passed,1.167626142501831
8a217a54-0510-4abb-9dd8-5b2cabf6b938,e6df948f-38c2-49d3-84c0-f3d32c2be678,0.0,76.0,91.0,Failed,1.1673779487609863
