Folder1,Folder2,AST Edit Distance,DFG Edit Distance,PDG Edit Distance,Passed Or Failed,ChrF Score
c1ac44ca-204c-4eff-8b2d-bc1e4e23926e,89430c29-8745-49eb-9662-178a57e72727,4.0,0.0,0.0,Passed,75.4097329543046
c1ac44ca-204c-4eff-8b2d-bc1e4e23926e,fc6a416c-92cf-492e-9271-4720e3e32075,18.0,0.0,0.0,Failed,75.4097329543046
