Folder1,Folder2,AST Edit Distance,DFG Edit Distance,PDG Edit Distance,Passed Or Failed,Euclidean Distance
a4447716-22f2-4f75-9d33-86f2d956a56f,161ed16d-e094-48b7-85cb-d78ad514aca4,13.0,47.0,73.0,Passed,0.9998095035552979
a4447716-22f2-4f75-9d33-86f2d956a56f,7f069eae-a689-44d4-814e-b98f66e9ff8b,85.0,78.0,119.0,Failed,1.0238845348358154
