Folder1,Folder2,AST Edit Distance,DFG Edit Distance,PDG Edit Distance,Passed Or Failed,ROUGE-2
f3692a2b-1093-4020-8d1c-0d2db511ac57,a1e819c4-f989-4cf9-9e93-577cc835edac,4.0,0.0,0.0,Passed,0.8125000000000001
f3692a2b-1093-4020-8d1c-0d2db511ac57,04062dfa-d974-4b15-830c-ed8a97e47e9c,29.0,0.0,0.0,Passed,0.75
f3692a2b-1093-4020-8d1c-0d2db511ac57,fc60fc2e-28a7-46ea-9b8d-3c0b9d1cabee,13.0,0.0,0.0,Passed,0.75
f3692a2b-1093-4020-8d1c-0d2db511ac57,2c4bd457-43a5-4842-93ac-535173d5e154,12.0,0.0,0.0,Passed,0.7096774193548387
f3692a2b-1093-4020-8d1c-0d2db511ac57,bb25c6e9-4b31-43dd-adcb-065a8225b49a,44.0,0.0,0.0,Failed,0.7096774193548387
