Folder1,Folder2,AST Edit Distance,DFG Edit Distance,PDG Edit Distance,Passed Or Failed,Cosine Similarity
b34132d1-c653-4a27-9341-3bc379a10231,0c3553b0-cd97-43da-9293-3130ecef490d,0.0,0.0,0.0,Passed,0.9975360631942749
b34132d1-c653-4a27-9341-3bc379a10231,cd4c3bee-5b39-400c-8686-8d6b8a9e9aab,0.0,0.0,0.0,Passed,0.9970763921737671
b34132d1-c653-4a27-9341-3bc379a10231,19756c2a-f6ab-44d6-9c2f-6f8975b834a8,0.0,0.0,0.0,Passed,0.9968502521514893
b34132d1-c653-4a27-9341-3bc379a10231,ef1b3c78-ef5b-43a8-a24f-212ce1458baf,23.0,0.0,0.0,Failed,0.9968437552452087
