Folder1,Folder2,AST Edit Distance,DFG Edit Distance,PDG Edit Distance,Passed Or Failed,ROUGE-2
5745e8ad-3f8d-4d3f-ac34-b50952d48427,6d6b30ea-f084-43dc-810f-09d3200381a8,10.0,0.0,0.0,Passed,0.25
5745e8ad-3f8d-4d3f-ac34-b50952d48427,c85bf974-38d7-4a91-bb27-6a8ffc9dcb9b,10.0,0.0,0.0,Passed,0.25
5745e8ad-3f8d-4d3f-ac34-b50952d48427,3df8a2d8-0eb5-46f2-b139-1430247638a5,0.0,0.0,0.0,Passed,0.22727272727272727
5745e8ad-3f8d-4d3f-ac34-b50952d48427,4fcc657e-4c7e-4109-bce8-36efbf4f049e,33.0,0.0,0.0,Failed,0.22727272727272727
