Folder1,Folder2,AST Edit Distance,DFG Edit Distance,PDG Edit Distance,Passed Or Failed,Similarity Score during Execution
3cefc181-15a4-4503-930c-6581e979f2fe,0c71b39c-7618-4cca-a7f4-496841fabbf2,4.0,14.0,18.0,Passed,1.2726935148239136
3cefc181-15a4-4503-930c-6581e979f2fe,9cac0b5d-b33d-4971-9fff-6efc1e4502fb,0.0,0.0,0.0,Passed,1.238423228263855
3cefc181-15a4-4503-930c-6581e979f2fe,1aece4f7-f6f1-42c9-9559-8f38f1aa2d21,0.0,0.0,0.0,Passed,1.2299787998199463
3cefc181-15a4-4503-930c-6581e979f2fe,c1a3c559-f9dd-4e89-b69e-180869785f99,2.0,14.0,18.0,Passed,1.194648265838623
3cefc181-15a4-4503-930c-6581e979f2fe,1f25ce69-ca66-460a-977b-3dd2258c1fc5,0.0,0.0,0.0,Passed,1.1879491806030273
3cefc181-15a4-4503-930c-6581e979f2fe,bc6fd65c-0c1d-4c54-8f71-4dcec3f20dce,0.0,0.0,0.0,Passed,1.1819499731063843
3cefc181-15a4-4503-930c-6581e979f2fe,5455b333-9cfe-4e92-8dc4-c32d35656ca9,2.0,37.0,55.0,Failed,1.1757303476333618
