Folder1,Folder2,AST Edit Distance,DFG Edit Distance,PDG Edit Distance,Passed Or Failed,Euclidean Distance
34c3ee25-ce3e-498c-b0de-f8124d0c6421,359d6327-6a15-46fa-b1b3-c51224a70994,24.0,48.0,67.0,Passed,0.83742356300354
34c3ee25-ce3e-498c-b0de-f8124d0c6421,4a2a1c5d-8fad-4bf2-b277-520872b090f9,16.0,60.0,87.0,Failed,0.9126527905464172
