Folder1,Folder2,AST Edit Distance,DFG Edit Distance,PDG Edit Distance,Passed Or Failed,ROUGE-L
306d8a2e-c0d9-4b22-a52b-dad3c492ff87,e2537085-4a62-4375-acd6-a8bfc4292fa8,0.0,0.0,0.0,Passed,0.7692307692307692
306d8a2e-c0d9-4b22-a52b-dad3c492ff87,fc62f5a6-a980-4f5a-9e23-66940ff6cc0d,11.0,7.0,11.0,Passed,0.7692307692307692
306d8a2e-c0d9-4b22-a52b-dad3c492ff87,09843385-373e-40c2-975c-6755535b6142,11.0,0.0,0.0,Passed,0.7407407407407408
306d8a2e-c0d9-4b22-a52b-dad3c492ff87,6b68777d-fcb5-4313-b205-329569826667,19.0,14.0,22.0,Passed,0.7407407407407408
306d8a2e-c0d9-4b22-a52b-dad3c492ff87,72723626-e67a-4ad0-b5a8-fa3e12b9708b,0.0,21.0,35.0,Failed,0.7407407407407408
