Folder1,Folder2,AST Edit Distance,DFG Edit Distance,PDG Edit Distance,Passed Or Failed,Cosine Similarity
7ae00d18-6128-4832-a736-dba0f94bfbcb,dced86f9-f8b9-46f5-a58e-ab9c3208cb57,4.0,0.0,0.0,Passed,0.9936134815216064
7ae00d18-6128-4832-a736-dba0f94bfbcb,eafb2628-be57-4035-bd7c-ed1906ff433c,4.0,0.0,0.0,Passed,0.9936134815216064
7ae00d18-6128-4832-a736-dba0f94bfbcb,9d68decb-f681-4bd3-938c-d14536d75aa6,4.0,0.0,0.0,Passed,0.9906553030014038
7ae00d18-6128-4832-a736-dba0f94bfbcb,5dfc4010-15cf-421d-9c8d-b826e01c80c5,14.0,0.0,0.0,Passed,0.990628719329834
7ae00d18-6128-4832-a736-dba0f94bfbcb,238b4991-6692-45a7-96aa-414aa9926b60,4.0,0.0,0.0,Passed,0.9903562068939209
7ae00d18-6128-4832-a736-dba0f94bfbcb,dcaf7e09-f748-48d3-9950-c11bf390272e,4.0,0.0,0.0,Passed,0.9898157715797424
7ae00d18-6128-4832-a736-dba0f94bfbcb,e8a0e732-6c01-4601-928f-4ddd044d2c2c,4.0,0.0,0.0,Passed,0.9894534945487976
7ae00d18-6128-4832-a736-dba0f94bfbcb,96269872-2926-43ab-998e-127a572c9454,17.0,0.0,0.0,Passed,0.9878994822502136
7ae00d18-6128-4832-a736-dba0f94bfbcb,09c5670c-25ff-46ef-8a84-dff3ae140593,32.0,0.0,0.0,Failed,0.9864952564239502
