Folder1,Folder2,AST Edit Distance,DFG Edit Distance,PDG Edit Distance,Passed Or Failed,ChrF Score
7ecf47f4-05ce-4f40-866a-e04e678326bc,3a9a21fc-1e4e-4fc5-a1f3-2ef3429d6918,35.0,59.0,75.0,Passed,77.81109752819827
7ecf47f4-05ce-4f40-866a-e04e678326bc,b78cdd9f-4fee-4d2d-844d-b987c3326791,35.0,64.0,83.0,Failed,77.81109752819827
