Folder1,Folder2,AST Edit Distance,DFG Edit Distance,PDG Edit Distance,Passed Or Failed,Meteor Score
7aa05129-d80d-4290-a18f-be75df04af8b,75c21f85-4877-4ea2-bf2b-a5aa93f21f14,4.0,0.0,0.0,Passed,0.9285450126796281
7aa05129-d80d-4290-a18f-be75df04af8b,97ba568a-5a8d-44a1-98d0-45d2a0858e95,5.0,52.0,79.0,Failed,0.8928285714285714
