Folder1,Folder2,AST Edit Distance,DFG Edit Distance,PDG Edit Distance,Passed Or Failed,Cosine Similarity
889fe3e1-a5a2-415c-aa3b-b82d49f5d3f3,75ec77ee-dda2-478a-ac00-18f54f8a3acf,0.0,18.0,23.0,Passed,0.9894270896911621
889fe3e1-a5a2-415c-aa3b-b82d49f5d3f3,abd5f6f8-431c-44db-a0bb-f67c76bbb6d0,0.0,34.0,48.0,Passed,0.9891515374183655
889fe3e1-a5a2-415c-aa3b-b82d49f5d3f3,eaf250ef-1447-471c-8963-91be2fd7e8a7,0.0,56.0,81.0,Passed,0.9891515374183655
889fe3e1-a5a2-415c-aa3b-b82d49f5d3f3,2f0f8a84-cf9c-49e1-9f49-f4dd8d384428,0.0,52.0,74.0,Passed,0.9887727499008179
889fe3e1-a5a2-415c-aa3b-b82d49f5d3f3,0fd52620-8d7c-454e-b299-da84ebcb4bb0,0.0,42.0,63.0,Passed,0.9884675741195679
889fe3e1-a5a2-415c-aa3b-b82d49f5d3f3,0bddbbf3-9402-4c00-98e7-7c673eb1594c,1.0,0.0,0.0,Passed,0.9862014055252075
889fe3e1-a5a2-415c-aa3b-b82d49f5d3f3,ba166f4a-2858-4bd1-ac60-a3975c24fce8,3.0,0.0,0.0,Passed,0.9841659069061279
889fe3e1-a5a2-415c-aa3b-b82d49f5d3f3,b96e9165-f636-4684-8935-3997f50c0954,0.0,66.0,95.0,Failed,0.983832597732544
