Folder1,Folder2,AST Edit Distance,DFG Edit Distance,PDG Edit Distance,Passed Or Failed,ChrF Score
c49760f5-fb14-4fbf-aad5-22be4eccf131,041ad9b8-96f2-4daf-a5d7-bebc87d2d305,6.0,0.0,0.0,Passed,48.65713482953778
c49760f5-fb14-4fbf-aad5-22be4eccf131,76151445-73eb-46a5-8066-ca67005abe01,5.0,0.0,0.0,Passed,47.674367389330605
c49760f5-fb14-4fbf-aad5-22be4eccf131,cbe0c277-2f4e-4747-af3c-a8f785549cb4,8.0,0.0,0.0,Passed,47.12180405021712
c49760f5-fb14-4fbf-aad5-22be4eccf131,4415dd26-be7f-470f-8dc8-453704922fb2,8.0,0.0,0.0,Passed,46.75354375444287
c49760f5-fb14-4fbf-aad5-22be4eccf131,ff6546ca-9841-4cfb-bde3-f10e80c17a46,5.0,0.0,0.0,Passed,46.75354375444287
c49760f5-fb14-4fbf-aad5-22be4eccf131,ac7b3aae-9900-4dd3-a947-f711cd155cfd,8.0,0.0,0.0,Passed,46.42391956640142
c49760f5-fb14-4fbf-aad5-22be4eccf131,a69abdc7-cbd2-4225-a45b-d39777e3466d,13.0,0.0,0.0,Passed,45.88738218805533
c49760f5-fb14-4fbf-aad5-22be4eccf131,49a17397-2bc4-475e-b695-64e0bbaa18ae,5.0,0.0,0.0,Passed,45.87666933190228
c49760f5-fb14-4fbf-aad5-22be4eccf131,a9be8032-1041-430c-9ddf-8ce79269f514,17.0,0.0,0.0,Failed,45.41513762946931
