Folder1,Folder2,AST Edit Distance,DFG Edit Distance,PDG Edit Distance,Passed Or Failed,Meteor Score
5d2b1412-68f5-4e39-bfed-344baf765856,13f393f9-ce13-4fbc-ae61-be1296ea2db9,15.0,0.0,0.0,Passed,0.7870242295199167
5d2b1412-68f5-4e39-bfed-344baf765856,171b3186-585a-432f-860c-04214a4b750e,31.0,0.0,0.0,Passed,0.1781037892149003
5d2b1412-68f5-4e39-bfed-344baf765856,5909b849-53dd-4ead-954d-0ecb4933a2f3,49.0,0.0,0.0,Failed,0.07124717832957111
