Folder1,Folder2,AST Edit Distance,DFG Edit Distance,PDG Edit Distance,Passed Or Failed,Similarity Score during Execution
7ef54ba1-9418-453b-a1e4-ebc71169c2cd,f3239f7d-76cd-4c14-ac14-a8d70818e19d,11,0,0,Passed,1.397413135
7ef54ba1-9418-453b-a1e4-ebc71169c2cd,0ef27355-1b99-4077-bd13-53381060db47,10,0,0,Passed,1.35000813
7ef54ba1-9418-453b-a1e4-ebc71169c2cd,9a57f04d-3f1b-4a2c-b5ab-87a9a2c5d686,41,0,0,Passed,1.294156551
7ef54ba1-9418-453b-a1e4-ebc71169c2cd,3418e87f-6ba6-4378-998a-1ad9ef1ace49,11,0,0,Passed,1.188018084
7ef54ba1-9418-453b-a1e4-ebc71169c2cd,9260cd95-55a6-4014-8d03-e97104e781bc,35,21,34,Failed,0.979544759
