Folder1,Folder2,AST Edit Distance,DFG Edit Distance,PDG Edit Distance,Passed Or Failed,Cosine Similarity
b1683175-8341-4370-8734-a83f80883066,fd47020e-0f59-4c56-a75b-55e1c8dc2c82,2.0,0.0,0.0,Passed,0.9902025461196899
b1683175-8341-4370-8734-a83f80883066,46b24f0a-3866-4327-bd49-8ea461f89bbe,0.0,0.0,0.0,Passed,0.9893044233322144
b1683175-8341-4370-8734-a83f80883066,978b6399-6917-41b6-8e27-74b47caf6b07,0.0,0.0,0.0,Passed,0.9883473515510559
b1683175-8341-4370-8734-a83f80883066,e89e3a0c-972b-4d08-a1cd-b58797516808,0.0,0.0,0.0,Passed,0.9873749613761902
b1683175-8341-4370-8734-a83f80883066,fe63ff1b-59e5-4c64-b8d9-df0096e28c33,0.0,0.0,0.0,Passed,0.9854995012283325
b1683175-8341-4370-8734-a83f80883066,0527e5d5-5891-4f07-b273-567590fc9988,0.0,0.0,0.0,Passed,0.9853700995445251
b1683175-8341-4370-8734-a83f80883066,0b80bbad-8431-438f-9b01-a4948d77e3b3,6.0,0.0,0.0,Failed,0.9793390035629272
