Folder1,Folder2,AST Edit Distance,DFG Edit Distance,PDG Edit Distance,Passed Or Failed,Similarity Score during Execution
dc636719-c4e1-422c-b866-c98b00de2714,a966f3a9-5211-4a01-ac27-e670f72bf369,34.0,0.0,0.0,Passed,1.4002164602279663
dc636719-c4e1-422c-b866-c98b00de2714,f609263e-3a02-4287-9233-bfad03cffe3f,20.0,37.0,56.0,Passed,1.3551651239395142
dc636719-c4e1-422c-b866-c98b00de2714,ab99fb64-ccd8-4c6d-b6cb-f720447f9572,49.0,38.0,58.0,Failed,1.3539124727249146
