Folder1,Folder2,AST Edit Distance,DFG Edit Distance,PDG Edit Distance,Passed Or Failed,BLEU score
ea64bed6-a9d1-4011-b497-5bda00427d07,0f02d81b-f450-4196-ab99-67659533fb8d,0.0,0.0,0.0,Passed,0.3357032160731541
ea64bed6-a9d1-4011-b497-5bda00427d07,8f85e92a-e9f6-4a23-a76d-e66690e66c37,5.0,0.0,0.0,Passed,0.3295409057328478
ea64bed6-a9d1-4011-b497-5bda00427d07,ac6e15f8-e78f-4368-ac88-db495f5674fb,23.0,0.0,0.0,Failed,0.32258625244134026
