Folder1,Folder2,AST Edit Distance,DFG Edit Distance,PDG Edit Distance,Passed Or Failed,ChrF Score
7bd8b237-31f2-438b-a9dc-fd29cdae1a1e,102fc1d8-f7ed-4623-a345-524d92afb0f8,4.0,0.0,0.0,Passed,87.62093738484477
7bd8b237-31f2-438b-a9dc-fd29cdae1a1e,9a6eb394-d98c-4241-bbdf-ba2670e83ac7,4.0,0.0,0.0,Passed,87.62093738484477
7bd8b237-31f2-438b-a9dc-fd29cdae1a1e,df0e0518-a891-4b7c-97ce-73201165c4bd,4.0,0.0,0.0,Passed,86.09462100917258
7bd8b237-31f2-438b-a9dc-fd29cdae1a1e,b2df1488-fcec-4497-943d-d3d55e02b8e0,15.0,0.0,0.0,Failed,84.81009576404276
