Folder1,Folder2,AST Edit Distance,DFG Edit Distance,PDG Edit Distance,Passed Or Failed,Meteor Score
59f52c07-bd7a-4148-90e8-dde88a6da518,f6b970e2-b49e-4bf5-9bec-ac24e746757b,5.0,0.0,0.0,Passed,0.837864680322781
59f52c07-bd7a-4148-90e8-dde88a6da518,88139467-fab3-4af8-8caf-f967ae49815e,0.0,0.0,0.0,Passed,0.7819803899213316
59f52c07-bd7a-4148-90e8-dde88a6da518,ee9a73d5-a9a0-45cd-a0db-7a5d8673b4ee,19.0,0.0,0.0,Passed,0.7819803899213316
59f52c07-bd7a-4148-90e8-dde88a6da518,0234007d-3af0-485f-b30d-eac34fabf4a2,0.0,38.0,49.0,Passed,0.7809827841751225
59f52c07-bd7a-4148-90e8-dde88a6da518,0eb386f9-ba9c-4839-af97-bde10e18d21b,24.0,38.0,49.0,Passed,0.7809827841751225
59f52c07-bd7a-4148-90e8-dde88a6da518,60c3de47-13b4-4b32-84a8-99caa62dd3a8,31.0,86.0,110.0,Failed,0.7809827841751225
