Folder1,Folder2,AST Edit Distance,DFG Edit Distance,PDG Edit Distance,Passed Or Failed,Euclidean Distance
7fcd6c9e-07a0-40b4-9d7b-2896e9c0b852,0a78fbad-b677-4196-8d7a-aa08564d95a1,0.0,95.0,132.0,Passed,0.404151052236557
7fcd6c9e-07a0-40b4-9d7b-2896e9c0b852,9aa7026f-064f-41f7-9280-a2b5add90f93,20.0,77.0,105.0,Passed,0.404151052236557
7fcd6c9e-07a0-40b4-9d7b-2896e9c0b852,c59ea82a-180e-44de-bbf9-09df5f8bd47a,1.0,118.0,151.0,Failed,0.404151052236557
