Folder1,Folder2,AST Edit Distance,DFG Edit Distance,PDG Edit Distance,Passed Or Failed,ChrF Score
f611aa1b-f40e-4e04-b4da-816bc503ea62,09c261a2-26d0-4f7a-a5f6-8667e138ad91,0.0,0.0,0.0,Passed,47.285687181092776
f611aa1b-f40e-4e04-b4da-816bc503ea62,7e41a02d-076e-4368-a11b-5b91e1dc3d0c,0.0,0.0,0.0,Passed,47.285687181092776
f611aa1b-f40e-4e04-b4da-816bc503ea62,d984a341-57a5-4d3a-8d13-eb8c9190e440,0.0,0.0,0.0,Passed,46.67944589157301
f611aa1b-f40e-4e04-b4da-816bc503ea62,d6ddb814-ae64-4f36-8cb0-16d9dfefc70a,1.0,4.0,4.0,Passed,44.56126293366608
f611aa1b-f40e-4e04-b4da-816bc503ea62,ee17bcc8-9b10-44d2-acb8-d22b5859eab3,18.0,4.0,12.0,Failed,41.40208186556972
