Folder1,Folder2,AST Edit Distance,DFG Edit Distance,PDG Edit Distance,Passed Or Failed,Meteor Score
5d3321d9-8781-46ce-bc76-ce667ba46a05,aafd5234-7340-454d-8863-5f401cbc87e0,262.0,0.0,0.0,Passed,0.8568948412698413
5d3321d9-8781-46ce-bc76-ce667ba46a05,fbe68e11-9120-42b6-bf1a-2407a84cf0bc,255.0,0.0,0.0,Passed,0.8568948412698413
5d3321d9-8781-46ce-bc76-ce667ba46a05,d0f9363c-da6f-42bf-8b8a-3e0e5494ceb7,298.0,0.0,0.0,Failed,0.7854191263282172
