Folder1,Folder2,AST Edit Distance,DFG Edit Distance,PDG Edit Distance,Passed Or Failed,Cosine Similarity
a06a5d50-a583-447a-8fdd-110a1ac538af,a388387c-d872-4e53-abd2-11ee392230e0,0.0,0.0,0.0,Passed,0.9988893270492554
a06a5d50-a583-447a-8fdd-110a1ac538af,a91c4649-0967-4d20-8a84-f872bafa7f36,45.0,0.0,0.0,Failed,0.9988893270492554
