Folder1,Folder2,AST Edit Distance,DFG Edit Distance,PDG Edit Distance,Passed Or Failed,Cosine Similarity
fd159dc2-2d5a-4a2b-bdb1-b7a0dc916768,3382aae1-00ac-4910-8705-9d462f9edde5,1.0,28.0,41.0,Passed,0.9959974884986877
fd159dc2-2d5a-4a2b-bdb1-b7a0dc916768,840c4b81-3192-432a-a026-6916e8cfd03b,0.0,0.0,0.0,Passed,0.9959974884986877
fd159dc2-2d5a-4a2b-bdb1-b7a0dc916768,bb8426f3-d772-4bd8-8200-acd4ebb1c5b8,10.0,68.0,107.0,Failed,0.9946903586387634
