Folder1,Folder2,AST Edit Distance,DFG Edit Distance,PDG Edit Distance,Passed Or Failed,ROUGE-2
4086dca9-364a-4750-82d3-6e755717aa5f,c0db3d1a-ef39-423d-9f9e-04205e8acc71,35.0,0.0,0.0,Passed,0.7857142857142857
4086dca9-364a-4750-82d3-6e755717aa5f,44a139a7-2fa9-4a53-aaa7-40fe59e26298,35.0,80.0,121.0,Failed,0.7142857142857143
