Folder1,Folder2,AST Edit Distance,DFG Edit Distance,PDG Edit Distance,Passed Or Failed,BLEU score
ac63d312-978f-4e66-9219-e15aefd2465a,20dc02b9-1d9c-405c-85a5-6dc7b6b5a182,16.0,7.0,11.0,Passed,0.77393215404741
ac63d312-978f-4e66-9219-e15aefd2465a,b81c11d9-defb-4b31-8792-ab7e1897793d,31.0,12.0,21.0,Passed,0.7054171471747192
ac63d312-978f-4e66-9219-e15aefd2465a,758e2ab5-98d8-4ae9-89bb-70cb85680a02,44.0,30.0,54.0,Passed,0.5448364887050657
ac63d312-978f-4e66-9219-e15aefd2465a,3e75741d-d6f0-442d-9f40-75bc272ecb04,47.0,0.0,0.0,Passed,0.5123350305765596
ac63d312-978f-4e66-9219-e15aefd2465a,db6ae460-36d5-48a8-961c-70724bb735ae,78.0,0.0,0.0,Passed,0.45001473167435013
ac63d312-978f-4e66-9219-e15aefd2465a,5d233abd-4249-4dd3-831d-e555fb6efa07,35.0,47.0,67.0,Failed,0.42261082166962227
