Folder1,Folder2,AST Edit Distance,DFG Edit Distance,PDG Edit Distance,Passed Or Failed,ROUGE-L
5fc4befd-2c21-4e32-ad75-0f268020b959,3a879f85-8c20-4b17-9912-287936312e43,9.0,57.0,83.0,Passed,0.8333333333333334
5fc4befd-2c21-4e32-ad75-0f268020b959,ac4ad750-3274-4441-a05d-b5b3acfa0b9e,4.0,20.0,33.0,Passed,0.8333333333333334
5fc4befd-2c21-4e32-ad75-0f268020b959,43ec89ae-7450-46bf-9d08-3d306bd79592,5.0,47.0,70.0,Passed,0.8
5fc4befd-2c21-4e32-ad75-0f268020b959,67e4c16e-a42c-422e-ad1b-ea225ff02f1b,4.0,32.0,47.0,Passed,0.8
5fc4befd-2c21-4e32-ad75-0f268020b959,708187e3-09ce-455e-8d47-a75935103303,35.0,69.0,117.0,Failed,0.8
