Folder1,Folder2,AST Edit Distance,DFG Edit Distance,PDG Edit Distance,Passed Or Failed,ChrF Score
7d113005-908f-4281-a36f-c7bb461ac862,c1736205-067d-42db-bee0-c1133f65263e,2.0,0.0,0.0,Passed,85.2411781941331
7d113005-908f-4281-a36f-c7bb461ac862,736ab006-cf45-4bea-b066-3b80d9e3cf67,18.0,0.0,0.0,Passed,83.35421421827026
7d113005-908f-4281-a36f-c7bb461ac862,fdb2d9d4-4a12-402c-bb52-2456ba0cd12c,0.0,0.0,0.0,Passed,83.35421421827026
7d113005-908f-4281-a36f-c7bb461ac862,416a2b94-520f-460f-8ecb-6e608df40685,0.0,0.0,0.0,Passed,83.12678967675478
7d113005-908f-4281-a36f-c7bb461ac862,98c00783-d89f-4435-a944-406cb39463a4,2.0,0.0,0.0,Passed,83.01432898901324
7d113005-908f-4281-a36f-c7bb461ac862,c641c849-3e3d-484a-9b72-e5a4c51f7b52,0.0,0.0,0.0,Passed,83.01432898901324
7d113005-908f-4281-a36f-c7bb461ac862,22cd0089-e0f4-48ec-bc36-e5f67319a518,3.0,48.0,0.0,Failed,82.459463909794
