Folder1,Folder2,AST Edit Distance,DFG Edit Distance,PDG Edit Distance,Passed Or Failed,Cosine Similarity
c49760f5-fb14-4fbf-aad5-22be4eccf131,f8c83934-45b9-4ea2-b02a-9644405cf2cb,12.0,0.0,0.0,Passed,0.9897037148475647
c49760f5-fb14-4fbf-aad5-22be4eccf131,f81c8dc8-339b-4415-a493-fc594c843b1b,2.0,0.0,0.0,Passed,0.9885863065719604
c49760f5-fb14-4fbf-aad5-22be4eccf131,03c20903-cc80-49f2-8e8c-2799f598dc5d,0.0,0.0,0.0,Passed,0.9875629544258118
c49760f5-fb14-4fbf-aad5-22be4eccf131,cb12d84d-5442-40f4-8ed6-e04a71eec828,2.0,0.0,0.0,Passed,0.9872206449508667
c49760f5-fb14-4fbf-aad5-22be4eccf131,a9c46766-f2cc-46b1-bfde-811bd7012e5f,13.0,0.0,0.0,Passed,0.9871108531951904
c49760f5-fb14-4fbf-aad5-22be4eccf131,9017b13f-af18-4db8-8eeb-108ebc2a4b36,20.0,0.0,0.0,Failed,0.9867215752601624
