Folder1,Folder2,AST Edit Distance,DFG Edit Distance,PDG Edit Distance,Passed Or Failed,BLEU score
0827c301-2dc2-411e-997b-cac454cff3d3,342b555d-8269-45bd-a08c-955e69b9fd08,25.0,0.0,0.0,Passed,0.6150379145924425
0827c301-2dc2-411e-997b-cac454cff3d3,39719e1f-d32f-4959-93af-bcc0319e74a6,25.0,0.0,0.0,Passed,0.6150379145924425
0827c301-2dc2-411e-997b-cac454cff3d3,3f6ef87d-cf92-4d3e-a721-2d57dd2d634a,24.0,0.0,0.0,Passed,0.5744855959015294
0827c301-2dc2-411e-997b-cac454cff3d3,4bc32860-d4c9-4e42-a48c-ab2235d4803a,36.0,90.0,166.0,Failed,0.5744855959015294
