Folder1,Folder2,AST Edit Distance,DFG Edit Distance,PDG Edit Distance,Passed Or Failed,Similarity Score during Execution
6f187edc-8365-4f6e-8c59-b8a0446b1907,8466a766-1e66-4d62-9fd1-6a46538f2378,20.0,0.0,0.0,Passed,1.2107714414596558
6f187edc-8365-4f6e-8c59-b8a0446b1907,e16da0d2-ea64-48de-bfcf-f5e626daa4ac,6.0,0.0,0.0,Passed,1.1877362728118896
6f187edc-8365-4f6e-8c59-b8a0446b1907,c22febfc-c044-4f11-8478-5d8fa7d99e4e,20.0,0.0,0.0,Passed,1.1617075204849243
6f187edc-8365-4f6e-8c59-b8a0446b1907,62e7a621-aeb8-4a8b-8ed7-52504e4db1bb,20.0,0.0,0.0,Passed,1.1439400911331177
6f187edc-8365-4f6e-8c59-b8a0446b1907,e90f675d-3af7-4790-b229-298d3671e6fd,23.0,0.0,0.0,Failed,1.1318384408950806
