Folder1,Folder2,AST Edit Distance,DFG Edit Distance,PDG Edit Distance,Passed Or Failed,Cosine Similarity
2d915945-6d2c-47d9-8e6f-28a42c948d87,e0418abb-9938-48e0-950e-68d91feef3bb,20.0,0.0,0.0,Passed,0.9967432618141174
2d915945-6d2c-47d9-8e6f-28a42c948d87,a6f1defa-4482-4d96-ae18-78de75c067a9,51.0,0.0,0.0,Passed,0.9958904385566711
2d915945-6d2c-47d9-8e6f-28a42c948d87,d3a178f1-32c4-4529-863e-f9a112041e52,44.0,76.0,151.0,Failed,0.9958388209342957
