Folder1,Folder2,AST Edit Distance,DFG Edit Distance,PDG Edit Distance,Passed Or Failed,ChrF Score
91cc6c21-60fd-4ef8-8705-a7b1c788d41d,a1d938c5-bae3-463a-8c43-993e6236dc6a,0.0,0.0,0.0,Passed,75.1371217645131
91cc6c21-60fd-4ef8-8705-a7b1c788d41d,c44356af-15e7-49b5-a819-dd29f8f81171,0.0,0.0,0.0,Passed,75.1371217645131
91cc6c21-60fd-4ef8-8705-a7b1c788d41d,c90e6a72-c54d-4df8-b7df-896aef1aea87,35.0,26.0,45.0,Failed,71.78700257657108
