Folder1,Folder2,AST Edit Distance,DFG Edit Distance,PDG Edit Distance,Passed Or Failed,Cosine Similarity
77886076-0675-490e-9097-fb52713a721b,3832e395-fe7c-41a9-995f-f1d0c97ebc40,0.0,0.0,0.0,Passed,0.9946040511131287
77886076-0675-490e-9097-fb52713a721b,4014f109-0685-4708-aa57-51ed32a33397,2.0,0.0,0.0,Passed,0.9942527413368225
77886076-0675-490e-9097-fb52713a721b,0f726db6-97d4-4a00-ac0c-dbabc13b8355,3.0,0.0,0.0,Failed,0.992242693901062
