Folder1,Folder2,AST Edit Distance,DFG Edit Distance,PDG Edit Distance,Passed Or Failed,BLEU score
c587a9d2-1a21-44d4-89c0-34f2669d03ed,a25f019f-7048-4501-86fe-efb911a72c54,25.0,0.0,0.0,Passed,0.5916650557807956
c587a9d2-1a21-44d4-89c0-34f2669d03ed,f029b505-1e1b-4543-8378-f746f58ed996,57.0,77.0,0.0,Failed,0.5916650557807956
