Folder1,Folder2,AST Edit Distance,DFG Edit Distance,PDG Edit Distance,Passed Or Failed,Meteor Score
f4e7ea28-7866-465e-85f1-e68e845ce5f9,5c052e9e-b3c3-4c29-a120-08019fa33971,8.0,31.0,55.0,Passed,0.8110207100591716
f4e7ea28-7866-465e-85f1-e68e845ce5f9,07c6fd9d-faab-4149-ae25-f86ecba8945c,22.0,29.0,58.0,Passed,0.7529699510831587
f4e7ea28-7866-465e-85f1-e68e845ce5f9,bc5b9cd1-8d70-47d9-948b-a17b7fe10e2e,33.0,88.0,153.0,Failed,0.7529699510831587
