Folder1,Folder2,AST Edit Distance,DFG Edit Distance,PDG Edit Distance,Passed Or Failed,Meteor Score
bf9a10c3-17b2-4cb3-a111-b27bc7f30ca9,b957deb2-8f26-4312-b3a0-71c24f650955,12.0,0.0,0.0,Passed,0.7450668939511339
bf9a10c3-17b2-4cb3-a111-b27bc7f30ca9,e605990b-2321-45be-a032-443318a8f5c0,40.0,0.0,0.0,Failed,0.7123229914803292
