Folder1,Folder2,AST Edit Distance,DFG Edit Distance,PDG Edit Distance,Passed Or Failed,ChrF Score
f8229e48-1dd4-4a41-9464-30d24da56c0d,6cea14c4-96b6-441d-8c84-965e90cc94a9,64.0,0.0,0.0,Passed,75.08218898642936
f8229e48-1dd4-4a41-9464-30d24da56c0d,db2e9212-3cec-4595-a29f-8557217ac272,50.0,50.0,79.0,Passed,71.18467001089269
f8229e48-1dd4-4a41-9464-30d24da56c0d,c4ae7ad4-fd18-47cf-8a2f-8c6b10c129b3,20.0,64.0,95.0,Passed,68.63538787073492
f8229e48-1dd4-4a41-9464-30d24da56c0d,589828d8-f97f-4ac6-86e5-34e0fccd27c6,62.0,60.0,91.0,Failed,67.88064264248331
