Folder1,Folder2,AST Edit Distance,DFG Edit Distance,PDG Edit Distance,Passed Or Failed,Similarity Score during Execution
b557aacb-798c-4ccf-85fd-2d18ae49b6a1,b9cb6ead-9fad-4b8b-b2d0-3876cf4d0dcc,2.0,0.0,0.0,Passed,1.3211270570755005
b557aacb-798c-4ccf-85fd-2d18ae49b6a1,070e54ac-f5a6-45d2-a95c-e039d5cab3f3,0.0,0.0,0.0,Passed,1.2461096048355103
b557aacb-798c-4ccf-85fd-2d18ae49b6a1,36fc381a-a743-468f-ad70-de3b4c305b15,1.0,0.0,0.0,Passed,1.2251147031784058
b557aacb-798c-4ccf-85fd-2d18ae49b6a1,716d14f4-06a6-4920-9197-07cedf13cba1,1.0,0.0,0.0,Passed,1.223336935043335
b557aacb-798c-4ccf-85fd-2d18ae49b6a1,b4ff1ae6-18be-40a1-88b2-25e09d79f775,0.0,0.0,0.0,Passed,1.214483618736267
b557aacb-798c-4ccf-85fd-2d18ae49b6a1,4126a954-05ee-4011-82ce-eb58828a551a,0.0,0.0,0.0,Passed,1.2142449617385864
b557aacb-798c-4ccf-85fd-2d18ae49b6a1,17782c36-91ce-43a5-9876-234ea362b8a5,0.0,0.0,0.0,Passed,1.2067680358886719
b557aacb-798c-4ccf-85fd-2d18ae49b6a1,a40b8045-9f8e-4be1-908a-d5be3f8c0e55,37.0,30.0,41.0,Passed,1.1910486221313477
b557aacb-798c-4ccf-85fd-2d18ae49b6a1,59537301-2b4e-4bb4-9253-4bfa0d1d3926,37.0,46.0,69.0,Failed,1.1810468435287476
