Folder1,Folder2,AST Edit Distance,DFG Edit Distance,PDG Edit Distance,Passed Or Failed,Meteor Score
368d5312-0765-4862-ba1a-a9f8f278c2a0,00f227c3-9b0d-4805-b067-635c304ef6e4,12.0,0.0,0.0,Passed,0.8921610388269309
368d5312-0765-4862-ba1a-a9f8f278c2a0,fe6d86bc-2c68-4158-8e37-da4c2db221d8,3.0,50.0,63.0,Passed,0.8921610388269309
368d5312-0765-4862-ba1a-a9f8f278c2a0,60439cbc-e6c3-42dc-b0c8-d57d38c5ad0b,12.0,0.0,0.0,Passed,0.8549834505730811
368d5312-0765-4862-ba1a-a9f8f278c2a0,b581e881-f251-45a7-93f4-b48082879e39,28.0,59.0,79.0,Failed,0.8549834505730811
