Folder1,Folder2,AST Edit Distance,DFG Edit Distance,PDG Edit Distance,Passed Or Failed,Meteor Score
a4447716-22f2-4f75-9d33-86f2d956a56f,003c4190-d318-4739-b077-a53d604b5f2d,21.0,45.0,68.0,Passed,0.28718074055969695
a4447716-22f2-4f75-9d33-86f2d956a56f,7f069eae-a689-44d4-814e-b98f66e9ff8b,85.0,78.0,119.0,Failed,0.28718074055969695
