Folder1,Folder2,AST Edit Distance,DFG Edit Distance,PDG Edit Distance,Passed Or Failed,Similarity Score during Execution
a4447716-22f2-4f75-9d33-86f2d956a56f,003c4190-d318-4739-b077-a53d604b5f2d,21.0,45.0,68.0,Passed,1.093751311302185
a4447716-22f2-4f75-9d33-86f2d956a56f,e4a1bc2f-41df-4d3e-9263-cd61399d94ee,30.0,70.0,99.0,Passed,1.0160497426986694
a4447716-22f2-4f75-9d33-86f2d956a56f,7f069eae-a689-44d4-814e-b98f66e9ff8b,85.0,78.0,119.0,Failed,0.9937843084335327
