Folder1,Folder2,AST Edit Distance,DFG Edit Distance,PDG Edit Distance,Passed Or Failed,Similarity Score during Execution
45956807-2968-42c9-8479-381618b94716,0dd26665-4989-41a5-a4ce-203cc9373bc2,0.0,0.0,0.0,Passed,1.3418678045272827
45956807-2968-42c9-8479-381618b94716,5584ed5f-c408-4527-8bd0-2a909a710f0d,0.0,0.0,0.0,Passed,1.267001986503601
45956807-2968-42c9-8479-381618b94716,a4486b30-9a6b-4b1d-afac-2580b6d5f720,17.0,21.0,29.0,Failed,1.2575989961624146
