Folder1,Folder2,AST Edit Distance,DFG Edit Distance,PDG Edit Distance,Passed Or Failed,BLEU score
7ecf47f4-05ce-4f40-866a-e04e678326bc,89ab4914-9a40-4537-bdcc-2439ac0c2ecd,2.0,0.0,0.0,Passed,0.5330640187089943
7ecf47f4-05ce-4f40-866a-e04e678326bc,fd91b97e-51a7-4967-8fcb-f1470a95bbaa,2.0,0.0,0.0,Passed,0.5330640187089943
7ecf47f4-05ce-4f40-866a-e04e678326bc,02f6ddc9-f58e-42c9-b1d0-44e050726075,3.0,0.0,0.0,Passed,0.48624389134644175
7ecf47f4-05ce-4f40-866a-e04e678326bc,d97d0f5c-85c0-406b-a490-2a1c7165a8de,3.0,0.0,0.0,Passed,0.48624389134644175
7ecf47f4-05ce-4f40-866a-e04e678326bc,3a9a21fc-1e4e-4fc5-a1f3-2ef3429d6918,35.0,59.0,75.0,Passed,0.44903323241491244
7ecf47f4-05ce-4f40-866a-e04e678326bc,b78cdd9f-4fee-4d2d-844d-b987c3326791,35.0,64.0,83.0,Failed,0.44903323241491244
