Folder1,Folder2,AST Edit Distance,DFG Edit Distance,PDG Edit Distance,Semantic Similarity Using Roberta,Passed Or Failed,Similarity Score during Execution,Serial Execution,Cosine Similarity,Euclidean Distance,BLEU score,Maximal Safe Radius
7ef54ba1-9418-453b-a1e4-ebc71169c2cd,f3239f7d-76cd-4c14-ac14-a8d70818e19d,11,0,0,0,Passed,1.397413135,0,0.992365956,0.511133015,0.583404106,2.068623471
7ef54ba1-9418-453b-a1e4-ebc71169c2cd,0ef27355-1b99-4077-bd13-53381060db47,10,0,0,0,Passed,1.35000813,6,0.98995167,0.586250305,0.583404106,2.107991481
7ef54ba1-9418-453b-a1e4-ebc71169c2cd,9a57f04d-3f1b-4a2c-b5ab-87a9a2c5d686,41,0,0,0,Passed,1.294156551,5,0.986736774,0.680590808,0.420711399,1.962244749
7ef54ba1-9418-453b-a1e4-ebc71169c2cd,3418e87f-6ba6-4378-998a-1ad9ef1ace49,11,0,0,0,Passed,1.188018084,4,0.988545835,0.633115709,0.429764136,1.878099254
7ef54ba1-9418-453b-a1e4-ebc71169c2cd,9260cd95-55a6-4014-8d03-e97104e781bc,19,21,34,0,Passed,0.979544759,3,0.991687775,0.54024452,0.447784594,1.851748963
7ef54ba1-9418-453b-a1e4-ebc71169c2cd,5917b5fb-8c72-4e88-aade-d64a8cbaec75,35,21,34,0,Failed,0.562376857,0,0.998982906,0.188044623,0.865603055,1.880445838
