Folder1,Folder2,AST Edit Distance,DFG Edit Distance,PDG Edit Distance,Passed Or Failed,Similarity Score during Execution
7b130242-7492-4817-8d11-bf06d0002aeb,fd46f021-220e-4202-b48b-aa7c8a25dda9,1.0,7.0,11.0,Passed,1.2745441198349
7b130242-7492-4817-8d11-bf06d0002aeb,789546ee-3755-420b-89d6-121e058dfb21,1.0,7.0,11.0,Passed,1.2285702228546143
7b130242-7492-4817-8d11-bf06d0002aeb,be6ec779-09bd-48fd-bcc4-7dbc8a508463,1.0,0.0,0.0,Passed,1.1715235710144043
7b130242-7492-4817-8d11-bf06d0002aeb,fc18f3b7-0da4-4f2b-a6b5-40eb156a826e,1.0,0.0,0.0,Passed,1.1547315120697021
7b130242-7492-4817-8d11-bf06d0002aeb,82c7ff63-6993-4870-b2e4-fe5d355bd5cd,1.0,7.0,11.0,Passed,1.1539909839630127
7b130242-7492-4817-8d11-bf06d0002aeb,14087f36-b9f0-4c9e-8d42-c59a1112c34e,1.0,0.0,0.0,Passed,1.1086080074310303
7b130242-7492-4817-8d11-bf06d0002aeb,d36ea0d8-ff58-4863-aca4-f503f2a85125,39.0,21.0,33.0,Failed,1.1048697233200073
