Folder1,Folder2,AST Edit Distance,DFG Edit Distance,PDG Edit Distance,Passed Or Failed,Meteor Score
c4c783cc-2ed4-481c-bdc1-658029b59568,ec04d5c3-3223-4e9f-a070-f970eae238da,0.0,0.0,0.0,Passed,0.47822966507177034
c4c783cc-2ed4-481c-bdc1-658029b59568,332bd8ef-0e3b-45db-b071-af047c20bf11,0.0,0.0,0.0,Passed,0.43032665839683387
c4c783cc-2ed4-481c-bdc1-658029b59568,68c72078-c03e-4276-9cc1-d54f68c1c279,0.0,0.0,0.0,Passed,0.43032665839683387
c4c783cc-2ed4-481c-bdc1-658029b59568,08969cc5-bec2-41af-a7e7-9b63d1dc19ef,15.0,91.0,130.0,Failed,0.42825920018902475
