Folder1,Folder2,AST Edit Distance,DFG Edit Distance,PDG Edit Distance,Passed Or Failed,Cosine Similarity
5d21bef6-0174-46f4-b018-25a90fd11ce9,5358b7ca-3122-46f9-9eb9-4b39339b5917,4.0,0.0,0.0,Passed,0.9957616925239563
5d21bef6-0174-46f4-b018-25a90fd11ce9,47919112-bd61-4344-b39f-1384c5bd1c1c,11.0,0.0,0.0,Failed,0.9954560995101929
