Folder1,Folder2,AST Edit Distance,DFG Edit Distance,PDG Edit Distance,Passed Or Failed,Meteor Score
ac63d312-978f-4e66-9219-e15aefd2465a,cffc4373-d306-4cc0-abd4-558fe2592190,3.0,118.0,162.0,Passed,0.7330578512396695
ac63d312-978f-4e66-9219-e15aefd2465a,4f301150-8640-441a-9bba-13ff56a15052,8.0,170.0,249.0,Failed,0.7311294765840222
