Folder1,Folder2,AST Edit Distance,DFG Edit Distance,PDG Edit Distance,Passed Or Failed,Cosine Similarity
061687ae-3360-4206-b5e2-5cd419880cff,6121cf03-0cba-4c42-a411-9be404d0c6d5,14.0,28.0,50.0,Passed,0.9989170432090759
061687ae-3360-4206-b5e2-5cd419880cff,88b6578b-6d27-47ba-b01d-f37df9031ae0,24.0,35.0,52.0,Passed,0.9903876185417175
061687ae-3360-4206-b5e2-5cd419880cff,e93e8786-0bde-4751-852a-90fe4da84174,18.0,33.0,49.0,Passed,0.9899630546569824
061687ae-3360-4206-b5e2-5cd419880cff,fb7caae2-34da-4fbf-afab-a1837ff8542b,18.0,55.0,86.0,Failed,0.9882147908210754
