Folder1,Folder2,AST Edit Distance,DFG Edit Distance,PDG Edit Distance,Passed Or Failed,Euclidean Distance
a4447716-22f2-4f75-9d33-86f2d956a56f,0746cc54-80e6-4406-a260-ca347310decd,3.0,0.0,0.0,Passed,0.45994070172309875
a4447716-22f2-4f75-9d33-86f2d956a56f,7b18b1b6-7dc1-4aad-87ae-34f4666ec1ec,65.0,0.0,0.0,Passed,0.45994070172309875
a4447716-22f2-4f75-9d33-86f2d956a56f,0f84c878-58f9-4c0c-81f6-e7eedc1f9c83,37.0,48.0,79.0,Passed,0.5337422490119934
a4447716-22f2-4f75-9d33-86f2d956a56f,eed59e7b-b31e-4726-8000-9f9195f7834c,3.0,73.0,111.0,Failed,0.5337422490119934
