Folder1,Folder2,AST Edit Distance,DFG Edit Distance,PDG Edit Distance,Passed Or Failed,ROUGE-L
afae4f80-ba75-4e24-9325-96dbd41d05d7,2a97370f-a917-4149-95af-53fb348d9b24,0.0,0.0,0.0,Passed,0.7894736842105262
afae4f80-ba75-4e24-9325-96dbd41d05d7,75987ecc-1e37-4cba-ba02-ae3e31b910e5,0.0,0.0,0.0,Passed,0.7894736842105262
afae4f80-ba75-4e24-9325-96dbd41d05d7,8d8bb0f6-ef98-44fb-ba37-d74029ece94a,0.0,0.0,0.0,Passed,0.7894736842105262
afae4f80-ba75-4e24-9325-96dbd41d05d7,c229255e-6310-4bcc-8976-18320affedb3,0.0,0.0,0.0,Passed,0.7894736842105262
afae4f80-ba75-4e24-9325-96dbd41d05d7,a545ddc2-8134-4ae4-a9cf-cd63935e0b19,0.0,0.0,0.0,Passed,0.7567567567567567
afae4f80-ba75-4e24-9325-96dbd41d05d7,b2426e45-a962-4b5d-9ecc-8708bd6be046,0.0,0.0,0.0,Passed,0.7567567567567567
afae4f80-ba75-4e24-9325-96dbd41d05d7,06c08d40-19c5-4224-8f32-e57e80bea124,0.0,7.0,11.0,Failed,0.7368421052631577
