Folder1,Folder2,AST Edit Distance,DFG Edit Distance,PDG Edit Distance,Passed Or Failed,Meteor Score
6cf7f677-31fa-4a8c-b7a7-575ac846df54,13a40784-daaa-49ee-b0d9-be6e77512318,24.0,0.0,0.0,Passed,0.7748062015503878
6cf7f677-31fa-4a8c-b7a7-575ac846df54,164f0e01-9f3d-4dcd-bdf2-9373faebd25c,28.0,0.0,0.0,Passed,0.7748062015503878
6cf7f677-31fa-4a8c-b7a7-575ac846df54,c9455349-df11-4402-a93c-96f683fa6651,28.0,0.0,0.0,Passed,0.7748062015503878
6cf7f677-31fa-4a8c-b7a7-575ac846df54,e66559cb-d5d3-4baa-8885-efae24413875,10.0,0.0,0.0,Passed,0.7748062015503878
6cf7f677-31fa-4a8c-b7a7-575ac846df54,3d5ac990-a771-46a3-a960-fc815bbd8f1f,19.0,0.0,0.0,Passed,0.6971959039142501
6cf7f677-31fa-4a8c-b7a7-575ac846df54,dc15af69-fac4-4d9c-aa26-e69279f6e9e8,26.0,0.0,0.0,Passed,0.6971959039142501
6cf7f677-31fa-4a8c-b7a7-575ac846df54,1702cef1-16c7-4e05-ba8d-48a01bde1db1,28.0,0.0,0.0,Passed,0.6938463010814431
6cf7f677-31fa-4a8c-b7a7-575ac846df54,17a3dd2a-189c-4370-98b0-b8a1dfad5b36,28.0,0.0,0.0,Passed,0.6938463010814431
6cf7f677-31fa-4a8c-b7a7-575ac846df54,2fba6c5c-1a63-4bcf-8ee9-3d910eae03c7,27.0,84.0,130.0,Failed,0.6938463010814431
