Folder1,Folder2,AST Edit Distance,DFG Edit Distance,PDG Edit Distance,Passed Or Failed,ROUGE-2
fd8f511e-42b8-4915-9b1e-03c7121ec7c6,9440c11b-6b13-43ce-9575-1678f3c650ba,30.0,0.0,0.0,Passed,0.8181818181818182
fd8f511e-42b8-4915-9b1e-03c7121ec7c6,7c11ef99-9d5f-43ea-9b61-7c796924aabc,85.0,0.0,0.0,Failed,0.7727272727272727
