Folder1,Folder2,AST Edit Distance,DFG Edit Distance,PDG Edit Distance,Passed Or Failed,ROUGE-2
7afffde8-b9f8-4895-b07d-6acc811a9a24,d1fe2773-c6a0-48c0-97e6-9506e3c1e98c,0.0,0.0,0.0,Passed,0.8125000000000001
7afffde8-b9f8-4895-b07d-6acc811a9a24,4d222241-8f6a-4b71-866c-bfcc3351ecbd,0.0,0.0,0.0,Passed,0.75
7afffde8-b9f8-4895-b07d-6acc811a9a24,0ba55c1b-89dc-4be4-b339-8ecffb86bb1c,1.0,0.0,0.0,Passed,0.7272727272727272
7afffde8-b9f8-4895-b07d-6acc811a9a24,3985760b-c2fa-4444-b2d3-1bfcb5502c40,0.0,0.0,0.0,Passed,0.7096774193548387
7afffde8-b9f8-4895-b07d-6acc811a9a24,2b7560cb-cb28-4bbd-80c0-a678698c33ab,7.0,0.0,0.0,Failed,0.6875000000000001
