Folder1,Folder2,AST Edit Distance,DFG Edit Distance,PDG Edit Distance,Passed Or Failed,BLEU score
36160981-3054-41d8-b058-513d6f9475e6,4e3b8dec-8a74-451e-a62e-0adba16e99df,44.0,39.0,55.0,Passed,0.5961621647299125
36160981-3054-41d8-b058-513d6f9475e6,9d468a8b-5665-4732-b4a6-bed96693c6d8,32.0,27.0,46.0,Passed,0.5438653754915956
36160981-3054-41d8-b058-513d6f9475e6,0a175ed5-c09e-45b9-9cd1-e70b5b72ca59,36.0,78.0,122.0,Failed,0.4850764306036741
