Folder1,Folder2,AST Edit Distance,DFG Edit Distance,PDG Edit Distance,Passed Or Failed,Similarity Score during Execution
c10ffd15-7582-4ea5-be57-b29958803a34,f1cdd2b9-ad59-4dbf-9b69-17f372fe95f9,0.0,0.0,0.0,Passed,1.372283697128296
c10ffd15-7582-4ea5-be57-b29958803a34,795bdcae-1eb1-4663-9681-df64f5b71e30,0.0,0.0,0.0,Passed,1.3336269855499268
c10ffd15-7582-4ea5-be57-b29958803a34,4913049c-7713-4ceb-a5a0-0879497a5c50,0.0,49.0,66.0,Passed,1.310355305671692
c10ffd15-7582-4ea5-be57-b29958803a34,2000f244-2c7c-4403-9f82-99e0c2132c90,0.0,53.0,78.0,Failed,1.3007919788360596
