Folder1,Folder2,AST Edit Distance,DFG Edit Distance,PDG Edit Distance,Passed Or Failed,Euclidean Distance
11fbbecf-0854-4a9e-bfa2-484a21253090,e7fff28a-4fb5-4f64-be15-3a204840bfba,0.0,0.0,0.0,Passed,0.5461832880973816
11fbbecf-0854-4a9e-bfa2-484a21253090,4b4e481d-a275-47a0-8584-3d2ec3116b9f,0.0,0.0,0.0,Passed,0.5939773917198181
11fbbecf-0854-4a9e-bfa2-484a21253090,c4673e3e-866c-4340-9b6c-d3439dd7431e,1.0,0.0,0.0,Failed,0.6071664690971375
