Folder1,Folder2,AST Edit Distance,DFG Edit Distance,PDG Edit Distance,Passed Or Failed,ROUGE-2
ba58b740-20cf-4e43-81dc-8311690d3888,a42458aa-ed38-450e-ab9f-e02cc40b620b,0.0,0.0,0.0,Passed,0.7777777777777777
ba58b740-20cf-4e43-81dc-8311690d3888,3a012b0a-ff9d-4f0c-bcbf-df1e6bce128f,10.0,27.0,39.0,Failed,0.7407407407407408
