Folder1,Folder2,AST Edit Distance,DFG Edit Distance,PDG Edit Distance,Passed Or Failed,Meteor Score
26d0e96c-7b77-4ba8-a267-27883c234695,27e80cf4-dfd3-4d93-8b63-e7412a17bcdd,1.0,16.0,20.0,Passed,0.8930417700578991
26d0e96c-7b77-4ba8-a267-27883c234695,f934c2d8-93b5-4888-bca8-24f7d7db0fee,10.0,33.0,43.0,Failed,0.8930417700578991
