Folder1,Folder2,AST Edit Distance,DFG Edit Distance,PDG Edit Distance,Passed Or Failed,ROUGE-L
c51944bc-5a9b-431a-a8fd-fbaef0ba675b,246b6d0f-e539-47e3-9c25-9fa872e14294,5.0,0.0,0.0,Passed,0.7000000000000001
c51944bc-5a9b-431a-a8fd-fbaef0ba675b,9d46219f-dd77-4d0a-bbd4-f80fb2f9aa50,5.0,0.0,0.0,Passed,0.7000000000000001
c51944bc-5a9b-431a-a8fd-fbaef0ba675b,57285ea6-3702-42dd-a907-786af235cc1f,0.0,0.0,0.0,Passed,0.631578947368421
c51944bc-5a9b-431a-a8fd-fbaef0ba675b,ff1b3d12-28f1-4902-adbf-bf0892902901,25.0,38.0,71.0,Failed,0.631578947368421
