Folder1,Folder2,AST Edit Distance,DFG Edit Distance,PDG Edit Distance,Passed Or Failed,BLEU score
6a247678-a681-42d5-9dfc-c087b0b01c60,011979b5-1460-42c1-9e0a-bad6e71c1d7c,0.0,0.0,0.0,Passed,0.7813318575042217
6a247678-a681-42d5-9dfc-c087b0b01c60,085f7520-565e-45c0-b923-c717be919e21,0.0,0.0,0.0,Passed,0.7813318575042217
6a247678-a681-42d5-9dfc-c087b0b01c60,0b81cb06-a002-4ea3-b146-f6658fff5bfd,0.0,0.0,0.0,Passed,0.7813318575042217
6a247678-a681-42d5-9dfc-c087b0b01c60,2cbc3d73-70a0-4cfe-8720-91b994a15286,0.0,0.0,0.0,Passed,0.7813318575042217
6a247678-a681-42d5-9dfc-c087b0b01c60,2f09393a-77c0-42e5-8cd9-e1d057b7ce41,0.0,0.0,0.0,Passed,0.7813318575042217
6a247678-a681-42d5-9dfc-c087b0b01c60,42560684-d4a6-4dc4-8f52-b906844a043b,49.0,0.0,0.0,Failed,0.7813318575042217
