Folder1,Folder2,AST Edit Distance,DFG Edit Distance,PDG Edit Distance,Passed Or Failed,ChrF Score
7195ab52-cdaf-47d4-a831-ce9c337bef43,73651aab-2d50-42cb-b0f8-dd44c554292e,21.0,0.0,0.0,Passed,86.75269461549252
7195ab52-cdaf-47d4-a831-ce9c337bef43,cbc12f8a-af4c-4bb2-8452-35112be062a9,30.0,0.0,0.0,Passed,86.75269461549252
7195ab52-cdaf-47d4-a831-ce9c337bef43,1cf39270-074c-4218-90d5-7def08677f50,30.0,0.0,0.0,Failed,85.97408959057172
