Folder1,Folder2,AST Edit Distance,DFG Edit Distance,PDG Edit Distance,Passed Or Failed,Meteor Score
5c40abca-66e6-4a94-9ea0-ef29b10ebcce,054595a7-d57a-4ab0-819f-589e63d7ae2b,0.0,0.0,0.0,Passed,0.7241530983479454
5c40abca-66e6-4a94-9ea0-ef29b10ebcce,2e3b816a-1333-4baf-babe-1fbc93fc37d5,14.0,24.0,28.0,Passed,0.7241530983479454
5c40abca-66e6-4a94-9ea0-ef29b10ebcce,37440d38-ca09-4474-8cee-efb4013a09aa,0.0,0.0,0.0,Passed,0.7241530983479454
5c40abca-66e6-4a94-9ea0-ef29b10ebcce,51d82930-f3e2-471e-9a65-8f4911c24bb9,13.0,22.0,32.0,Failed,0.7241530983479454
