Folder1,Folder2,AST Edit Distance,DFG Edit Distance,PDG Edit Distance,Passed Or Failed,Similarity Score during Execution
8137ed2d-667f-406e-9bca-2915f5c3feec,a887f5b8-9267-4c72-9148-0209d0870e81,0.0,0.0,0.0,Passed,1.3623552322387695
8137ed2d-667f-406e-9bca-2915f5c3feec,b2e78b7d-3042-4468-8b51-070d09df04bf,0.0,0.0,0.0,Passed,1.3217326402664185
8137ed2d-667f-406e-9bca-2915f5c3feec,454a495b-9daa-40dc-854c-976fe3f2f392,0.0,0.0,0.0,Passed,1.275860071182251
8137ed2d-667f-406e-9bca-2915f5c3feec,12847633-4d46-4abc-807f-5a211f02004a,0.0,52.0,72.0,Failed,1.2346678972244263
