Folder1,Folder2,AST Edit Distance,DFG Edit Distance,PDG Edit Distance,Passed Or Failed,Cosine Similarity
737c73c8-5b19-4347-aa9a-c3204b495cb0,f232b11c-4c4c-44b0-b63f-7559aa44d2be,11.0,25.0,30.0,Passed,0.9913113117218018
737c73c8-5b19-4347-aa9a-c3204b495cb0,17d6550b-815a-4147-a04f-407e538da5ec,54.0,28.0,51.0,Failed,0.9902853965759277
