Folder1,Folder2,AST Edit Distance,DFG Edit Distance,PDG Edit Distance,Passed Or Failed,Cosine Similarity
13c0708f-db1d-4719-8c9f-e8d69df385e8,d13b8888-d27c-4756-8871-cb88c7db0868,0.0,0.0,0.0,Passed,0.9998599886894226
13c0708f-db1d-4719-8c9f-e8d69df385e8,1dc25bc9-db8f-4bbd-82c9-4c326e781c01,2.0,0.0,0.0,Failed,0.9998092651367188
