Folder1,Folder2,AST Edit Distance,DFG Edit Distance,PDG Edit Distance,Passed Or Failed,Similarity Score during Execution
5fc4befd-2c21-4e32-ad75-0f268020b959,afe5c4d3-f2e4-430f-80ec-cd786ceb462b,5.0,51.0,77.0,Passed,1.344697117805481
5fc4befd-2c21-4e32-ad75-0f268020b959,aec23b13-1759-4c70-818e-64612568ed2d,9.0,22.0,35.0,Passed,1.3261055946350098
5fc4befd-2c21-4e32-ad75-0f268020b959,4393c356-9b59-411a-a65a-691c004930e5,1.0,0.0,0.0,Passed,1.2132551670074463
5fc4befd-2c21-4e32-ad75-0f268020b959,708187e3-09ce-455e-8d47-a75935103303,4.0,0.0,0.0,Passed,1.2096749544143677
5fc4befd-2c21-4e32-ad75-0f268020b959,ff833b0a-e2f5-4656-a63b-5962da156a6f,4.0,68.0,92.0,Passed,1.201446294784546
5fc4befd-2c21-4e32-ad75-0f268020b959,3423e5f1-a3f2-4df4-98dc-34294ddd960b,31.0,54.0,86.0,Passed,1.1835377216339111
5fc4befd-2c21-4e32-ad75-0f268020b959,67e4c16e-a42c-422e-ad1b-ea225ff02f1b,4.0,32.0,47.0,Passed,1.1786763668060303
5fc4befd-2c21-4e32-ad75-0f268020b959,058ad0d8-e1cf-48e8-9824-fd0db9534ce4,5.0,0.0,0.0,Passed,1.1697770357131958
5fc4befd-2c21-4e32-ad75-0f268020b959,0082ade2-ad0e-453f-8470-292b6652f865,35.0,69.0,117.0,Failed,1.151989221572876
