Folder1,Folder2,AST Edit Distance,DFG Edit Distance,PDG Edit Distance,Passed Or Failed,Euclidean Distance
af2758e3-df60-41c2-b2d6-3cd668e6f289,b28bf9f0-82be-4191-b429-f80e0c49e583,1.0,14.0,22.0,Passed,0.3606944978237152
af2758e3-df60-41c2-b2d6-3cd668e6f289,b0da20c4-3e87-4522-862a-9c76746de544,28.0,7.0,11.0,Failed,0.4146254360675812
