Folder1,Folder2,AST Edit Distance,DFG Edit Distance,PDG Edit Distance,Passed Or Failed,Similarity Score during Execution
870aa3d3-0bad-4173-9574-93300dc9dc76,49d2d4c5-a60e-49be-8064-db176a7e444b,0.0,0.0,0.0,Passed,1.4815362691879272
870aa3d3-0bad-4173-9574-93300dc9dc76,aa10beb0-0b49-43d0-a871-6b3d7d0a724d,2.0,7.0,10.0,Passed,1.3266041278839111
870aa3d3-0bad-4173-9574-93300dc9dc76,93f9e999-e807-43bf-ac71-477f7c44f2cd,2.0,8.0,11.0,Passed,0.7921371459960938
870aa3d3-0bad-4173-9574-93300dc9dc76,746542e5-aab3-4d30-a85f-4b77b101a019,25.0,0.0,0.0,Failed,0.7337989807128906
