Folder1,Folder2,AST Edit Distance,DFG Edit Distance,PDG Edit Distance,Passed Or Failed,BLEU score
c51944bc-5a9b-431a-a8fd-fbaef0ba675b,246b6d0f-e539-47e3-9c25-9fa872e14294,5.0,0.0,0.0,Passed,0.388905561152711
c51944bc-5a9b-431a-a8fd-fbaef0ba675b,9d46219f-dd77-4d0a-bbd4-f80fb2f9aa50,5.0,0.0,0.0,Passed,0.388905561152711
c51944bc-5a9b-431a-a8fd-fbaef0ba675b,da9d5168-d28b-4857-9ab8-e1ad3c1cc7db,0.0,0.0,0.0,Passed,0.32702929224554894
c51944bc-5a9b-431a-a8fd-fbaef0ba675b,ec528614-5c51-4e6c-a6d2-2040db173a39,5.0,0.0,0.0,Passed,0.32702929224554894
c51944bc-5a9b-431a-a8fd-fbaef0ba675b,14661225-1832-4ce0-9220-ed2a944b3f48,1.0,20.0,24.0,Passed,0.2749977595322415
c51944bc-5a9b-431a-a8fd-fbaef0ba675b,1f13f023-d117-440e-84dc-7d3ed97d9d7a,25.0,38.0,71.0,Failed,0.2749977595322415
