Folder1,Folder2,AST Edit Distance,DFG Edit Distance,PDG Edit Distance,Passed Or Failed,Similarity Score during Execution
50fbb75f-6e21-4559-8dc7-ed0434921844,e37eda57-8cfc-495a-a4d9-5ef996936744,2.0,0.0,0.0,Passed,0.42597493529319763
50fbb75f-6e21-4559-8dc7-ed0434921844,1c6e3314-a775-4c26-9932-6b0525af7d0d,2.0,25.0,0.0,Failed,0.4220384657382965
