Folder1,Folder2,AST Edit Distance,DFG Edit Distance,PDG Edit Distance,Passed Or Failed,ChrF Score
7aa05129-d80d-4290-a18f-be75df04af8b,e3f993ce-0f5c-4ab5-bcf4-b9bfb130bebf,42.0,0.0,0.0,Passed,86.78916382346671
7aa05129-d80d-4290-a18f-be75df04af8b,97ba568a-5a8d-44a1-98d0-45d2a0858e95,19.0,0.0,0.0,Passed,86.6440372581
7aa05129-d80d-4290-a18f-be75df04af8b,75c21f85-4877-4ea2-bf2b-a5aa93f21f14,5.0,52.0,79.0,Failed,86.53173282081335
