Folder1,Folder2,AST Edit Distance,DFG Edit Distance,PDG Edit Distance,Passed Or Failed,Euclidean Distance
2305bdfd-b4dd-489f-b5eb-5a9a8e61fe14,cc458f5c-fb08-4279-bc61-d4d21490729d,0.0,0.0,0.0,Passed,0.2794269323348999
2305bdfd-b4dd-489f-b5eb-5a9a8e61fe14,19a935a4-7abf-4d8b-b10d-2241de398135,0.0,0.0,0.0,Passed,0.28520092368125916
2305bdfd-b4dd-489f-b5eb-5a9a8e61fe14,d40d5acf-0dfd-4179-8977-bbf728c54b73,1.0,0.0,0.0,Failed,0.28520092368125916
