Folder1,Folder2,AST Edit Distance,DFG Edit Distance,PDG Edit Distance,Passed Or Failed,Similarity Score during Execution
c49760f5-fb14-4fbf-aad5-22be4eccf131,c720a830-6ef1-48e5-9776-5c96c9c77f6c,13.0,0.0,0.0,Passed,0.8865260481834412
c49760f5-fb14-4fbf-aad5-22be4eccf131,9599d561-440e-4d8f-bfad-a8571aa04cca,12.0,0.0,0.0,Passed,0.8730950355529785
c49760f5-fb14-4fbf-aad5-22be4eccf131,e540dda1-add1-4bc2-a78d-882e6a94f63b,13.0,0.0,0.0,Failed,0.8542182445526123
