Folder1,Folder2,AST Edit Distance,DFG Edit Distance,PDG Edit Distance,Passed Or Failed,Cosine Similarity
26d0e96c-7b77-4ba8-a267-27883c234695,8d5fcbb1-f8c9-401b-ac6f-4d51e40e6910,10.0,31.0,45.0,Passed,0.9968488812446594
26d0e96c-7b77-4ba8-a267-27883c234695,c3d54434-a0a9-44d2-b883-85dd73438321,10.0,31.0,45.0,Failed,0.9968488812446594
