Folder1,Folder2,AST Edit Distance,DFG Edit Distance,PDG Edit Distance,Passed Or Failed,ROUGE-L
50fbb75f-6e21-4559-8dc7-ed0434921844,6745a9e3-4cac-4b86-83fe-2d7bfef1c36c,2.0,0.0,0.0,Passed,0.973384030418251
50fbb75f-6e21-4559-8dc7-ed0434921844,b97e2f0c-4266-46d0-88ff-d4f4a00d6fdc,2.0,0.0,0.0,Passed,0.973384030418251
50fbb75f-6e21-4559-8dc7-ed0434921844,d7640309-9230-4cf2-b785-cd95fcd017bb,2.0,0.0,0.0,Passed,0.973384030418251
50fbb75f-6e21-4559-8dc7-ed0434921844,f1a885d7-bd0f-4289-90ba-11297021a6f4,2.0,0.0,0.0,Passed,0.973384030418251
50fbb75f-6e21-4559-8dc7-ed0434921844,fa9a1d64-de40-470e-98f4-950044bdf595,3.0,0.0,0.0,Passed,0.973384030418251
50fbb75f-6e21-4559-8dc7-ed0434921844,1c6e3314-a775-4c26-9932-6b0525af7d0d,2.0,25.0,0.0,Failed,0.9657794676806083
