Folder1,Folder2,AST Edit Distance,DFG Edit Distance,PDG Edit Distance,Passed Or Failed,ChrF Score
a1c0c34e-c582-4191-86a8-a0dffc60cb8e,3aa66f86-8b57-46e5-a587-971981f88950,0.0,0.0,0.0,Passed,82.95848510183275
a1c0c34e-c582-4191-86a8-a0dffc60cb8e,c1d9e926-11c8-49b9-a5a8-bb934e36e88d,24.0,0.0,0.0,Failed,76.2156084166612
