Folder1,Folder2,AST Edit Distance,DFG Edit Distance,PDG Edit Distance,Passed Or Failed,BLEU score
7ef54ba1-9418-453b-a1e4-ebc71169c2cd,5917b5fb-8c72-4e88-aade-d64a8cbaec75,41,0,0,Passed,0.865603055
7ef54ba1-9418-453b-a1e4-ebc71169c2cd,f3239f7d-76cd-4c14-ac14-a8d70818e19d,11,0,0,Passed,0.583404106
7ef54ba1-9418-453b-a1e4-ebc71169c2cd,0ef27355-1b99-4077-bd13-53381060db47,10,0,0,Passed,0.583404106
7ef54ba1-9418-453b-a1e4-ebc71169c2cd,9260cd95-55a6-4014-8d03-e97104e781bc,19,21,34,Passed,0.447784594
7ef54ba1-9418-453b-a1e4-ebc71169c2cd,3418e87f-6ba6-4378-998a-1ad9ef1ace49,35,21,34,Failed,0.429764136
