Folder1,Folder2,AST Edit Distance,DFG Edit Distance,PDG Edit Distance,Passed Or Failed,ChrF Score
3fa77b0f-481b-472a-b326-fbe86f36acc2,8dbb30dc-082b-4f92-bc09-4cfd1439213d,2.0,0.0,0.0,Passed,67.78143010056709
3fa77b0f-481b-472a-b326-fbe86f36acc2,052b46a6-232e-4b6b-a50f-0d872874c826,25.0,0.0,0.0,Passed,66.95043523160899
3fa77b0f-481b-472a-b326-fbe86f36acc2,c0acf830-9da8-421c-94dd-f842a7d2c41d,20.0,0.0,0.0,Passed,66.95043523160899
3fa77b0f-481b-472a-b326-fbe86f36acc2,0f24d4a0-7327-435a-977b-2b7e10bcf70b,2.0,0.0,0.0,Passed,66.56035757508427
3fa77b0f-481b-472a-b326-fbe86f36acc2,34ee6036-b13f-4934-b07a-97cf9dd61ebb,31.0,0.0,0.0,Failed,66.56035757508427
