Folder1,Folder2,AST Edit Distance,DFG Edit Distance,PDG Edit Distance,Passed Or Failed,Meteor Score
0b280966-c53f-4711-81b5-977371fc3606,458ed421-bc61-4160-9489-0e95396d0de2,32.0,22.0,0.0,Passed,0.920940170940171
0b280966-c53f-4711-81b5-977371fc3606,f80bbe21-57e3-4e36-9376-78f1c8207000,55.0,0.0,0.0,Passed,0.8375715193897013
0b280966-c53f-4711-81b5-977371fc3606,bd72343b-1547-4295-bfc3-b861313f57bb,32.0,0.0,0.0,Passed,0.7211538461538461
0b280966-c53f-4711-81b5-977371fc3606,3fa204f6-e411-4700-95f7-ac7c23750ac6,33.0,25.0,0.0,Passed,0.6329534662867996
0b280966-c53f-4711-81b5-977371fc3606,cc084ee8-5610-47ab-a0b6-1d30c93ad618,73.0,0.0,0.0,Failed,0.6329534662867996
