Folder1,Folder2,AST Edit Distance,DFG Edit Distance,PDG Edit Distance,Passed Or Failed,ChrF Score
0f3fe6a6-f15f-43d1-b7fb-5e144bf63ce9,3e337c78-f30f-43eb-af82-1b52a4273cf8,16.0,113.0,183.0,Passed,78.87302938778356
0f3fe6a6-f15f-43d1-b7fb-5e144bf63ce9,440284d2-f086-43ef-80a1-554ef820c6ab,7.0,36.0,50.0,Passed,66.096131068025
0f3fe6a6-f15f-43d1-b7fb-5e144bf63ce9,c1d6a8f2-e90f-4c69-8e0d-7d4c94c8aa70,12.0,148.0,209.0,Passed,62.93869417805242
0f3fe6a6-f15f-43d1-b7fb-5e144bf63ce9,8a8e01ba-a863-48e5-84b1-bd358a280652,65.0,148.0,209.0,Failed,61.863496891899594
