Folder1,Folder2,AST Edit Distance,DFG Edit Distance,PDG Edit Distance,Passed Or Failed,Meteor Score
5c40abca-66e6-4a94-9ea0-ef29b10ebcce,1ee510e0-681f-4ca1-b02d-3f553741b957,28.0,0.0,0.0,Passed,0.939426106012875
5c40abca-66e6-4a94-9ea0-ef29b10ebcce,43d40d7b-e42e-4d04-95c6-68c9f07626fc,27.0,0.0,0.0,Passed,0.939426106012875
5c40abca-66e6-4a94-9ea0-ef29b10ebcce,4a16a278-d244-4f26-b450-0cdefc7449aa,29.0,0.0,0.0,Passed,0.939426106012875
5c40abca-66e6-4a94-9ea0-ef29b10ebcce,5dfc4fd2-6926-45ce-a65f-9460d689485f,30.0,0.0,0.0,Passed,0.939426106012875
5c40abca-66e6-4a94-9ea0-ef29b10ebcce,9ae6bec1-800d-4a5a-941f-23d627e16996,28.0,0.0,0.0,Passed,0.939426106012875
5c40abca-66e6-4a94-9ea0-ef29b10ebcce,cf130f4e-376d-4aca-b215-4dab267d0265,30.0,0.0,0.0,Passed,0.939426106012875
5c40abca-66e6-4a94-9ea0-ef29b10ebcce,5523c573-2bc2-49c5-8f51-46cbbeb18a57,6.0,33.0,38.0,Failed,0.8722846590683451
