Folder1,Folder2,AST Edit Distance,DFG Edit Distance,PDG Edit Distance,Passed Or Failed,ChrF Score
54c96a8e-9917-4139-84a9-55af213d4e23,30352c19-8d85-4c79-8714-5ac20bbf828a,33.0,0.0,0.0,Passed,85.63997153347367
54c96a8e-9917-4139-84a9-55af213d4e23,51cbe6b0-ffaf-4d1e-8e93-7c27cd4938b3,48.0,70.0,121.0,Failed,85.63997153347367
