Folder1,Folder2,AST Edit Distance,DFG Edit Distance,PDG Edit Distance,Passed Or Failed,Euclidean Distance
aeef9f7b-ee2e-4e6f-85f8-b283d09e164e,a8dab726-3d76-4533-b863-b3ca843074fa,1.0,0.0,0.0,Passed,0.4318928122520447
aeef9f7b-ee2e-4e6f-85f8-b283d09e164e,62e4d67a-2e8a-4c50-9784-e251238778b1,2.0,0.0,0.0,Passed,0.4439976215362549
aeef9f7b-ee2e-4e6f-85f8-b283d09e164e,d489ddd6-430d-4664-ad9a-45cc88fe76b9,1.0,0.0,0.0,Passed,0.4439976215362549
aeef9f7b-ee2e-4e6f-85f8-b283d09e164e,3905704b-2433-4ff3-afcb-ab725922df60,10.0,65.0,88.0,Passed,0.4496476650238037
aeef9f7b-ee2e-4e6f-85f8-b283d09e164e,f3e2a952-fcd9-43d4-9c15-0e173c829eed,39.0,86.0,131.0,Failed,0.4496476650238037
