Folder1,Folder2,AST Edit Distance,DFG Edit Distance,PDG Edit Distance,Passed Or Failed,Similarity Score during Execution
39334af6-26e2-439a-ac2f-709e51dfc68d,acc6d0c0-0417-419f-9bd7-dc62f5afe65f,0.0,0.0,0.0,Passed,1.0144035816192627
39334af6-26e2-439a-ac2f-709e51dfc68d,e34ab819-bc39-4f96-9c58-ebaa31a1fee4,2.0,0.0,0.0,Passed,0.9706076979637146
39334af6-26e2-439a-ac2f-709e51dfc68d,c53e3b54-35b8-40eb-b53a-8c6b5b0d4180,2.0,0.0,0.0,Passed,0.966020941734314
39334af6-26e2-439a-ac2f-709e51dfc68d,f6587133-db1b-45a0-b793-5adba0f804e3,22.0,0.0,0.0,Failed,0.9625879526138306
