Folder1,Folder2,AST Edit Distance,DFG Edit Distance,PDG Edit Distance,Passed Or Failed,BLEU score
f0e8557d-7123-42d4-b289-fe70d719652c,9f52ef6a-4b91-4e96-8731-8735e75bc3f4,68.0,71.0,106.0,Passed,0.6355876752713066
f0e8557d-7123-42d4-b289-fe70d719652c,f7daadea-e79f-412b-ac3f-3fe2d9dd97c0,2.0,155.0,237.0,Failed,0.5991145703904118
