Folder1,Folder2,AST Edit Distance,DFG Edit Distance,PDG Edit Distance,Passed Or Failed,Similarity Score during Execution
d4a553ab-d204-4c64-95d0-a3509b70d15e,d41a6954-d16e-4e3f-8eb3-3113d51f95fe,14.0,0.0,0.0,Passed,1.3366544246673584
d4a553ab-d204-4c64-95d0-a3509b70d15e,9691e49c-64f9-4a61-bdd8-515ff011934d,0.0,18.0,23.0,Failed,1.3360339403152466
