Folder1,Folder2,AST Edit Distance,DFG Edit Distance,PDG Edit Distance,Passed Or Failed,BLEU score
c49760f5-fb14-4fbf-aad5-22be4eccf131,f8c83934-45b9-4ea2-b02a-9644405cf2cb,12.0,0.0,0.0,Passed,0.27010074174938287
c49760f5-fb14-4fbf-aad5-22be4eccf131,f81c8dc8-339b-4415-a493-fc594c843b1b,2.0,0.0,0.0,Passed,0.26038053012911716
c49760f5-fb14-4fbf-aad5-22be4eccf131,a9c46766-f2cc-46b1-bfde-811bd7012e5f,13.0,0.0,0.0,Passed,0.24097353617832407
c49760f5-fb14-4fbf-aad5-22be4eccf131,03c20903-cc80-49f2-8e8c-2799f598dc5d,0.0,0.0,0.0,Passed,0.2373488414075553
c49760f5-fb14-4fbf-aad5-22be4eccf131,0c1684c9-1e83-49b6-8499-583a9fbc2193,1.0,0.0,0.0,Passed,0.2373488414075553
c49760f5-fb14-4fbf-aad5-22be4eccf131,569dc648-debf-47e5-9f5c-faafd1f25897,13.0,0.0,0.0,Passed,0.2373488414075553
c49760f5-fb14-4fbf-aad5-22be4eccf131,577978ce-cca1-4c90-b849-cb00ae649d9e,0.0,0.0,0.0,Passed,0.2373488414075553
c49760f5-fb14-4fbf-aad5-22be4eccf131,9017b13f-af18-4db8-8eeb-108ebc2a4b36,20.0,0.0,0.0,Failed,0.2373488414075553
