Folder1,Folder2,AST Edit Distance,DFG Edit Distance,PDG Edit Distance,Passed Or Failed,Similarity Score during Execution
d53d4906-37a2-461f-b0ce-9be4f3daf0e1,adf47b1a-a947-43a6-9fb6-0017afad7b01,0.0,0.0,0.0,Passed,1.3135406970977783
d53d4906-37a2-461f-b0ce-9be4f3daf0e1,a069fe53-d690-49fb-b4d0-5fa58e5cb3d3,0.0,0.0,0.0,Passed,1.2598662376403809
d53d4906-37a2-461f-b0ce-9be4f3daf0e1,105e4e21-dd82-4e75-b78b-446365d58241,0.0,0.0,0.0,Passed,1.243497371673584
d53d4906-37a2-461f-b0ce-9be4f3daf0e1,32f26901-d3d8-4a05-b963-c1af3c1fd8c3,0.0,0.0,0.0,Passed,1.2384328842163086
d53d4906-37a2-461f-b0ce-9be4f3daf0e1,eca0135e-17d5-462d-87a1-674ff10566f7,0.0,25.0,40.0,Failed,1.225091576576233
