Folder1,Folder2,AST Edit Distance,DFG Edit Distance,PDG Edit Distance,Passed Or Failed,Similarity Score during Execution
8563380c-9a68-4af6-b0e2-f3907e3b054a,68a91004-1007-4d49-a2a6-0805bcbaf5c7,24.0,0.0,0.0,Passed,1.3490341901779175
8563380c-9a68-4af6-b0e2-f3907e3b054a,964ac47e-e139-4ce6-8e64-42279b17def9,61.0,0.0,0.0,Passed,1.3288949728012085
8563380c-9a68-4af6-b0e2-f3907e3b054a,c62ec4ac-ee90-4fec-af58-26ad13bebd09,29.0,0.0,0.0,Passed,1.3011159896850586
8563380c-9a68-4af6-b0e2-f3907e3b054a,d086faeb-3a19-48e8-905d-9fa91dee0ad9,26.0,0.0,0.0,Passed,1.2952381372451782
8563380c-9a68-4af6-b0e2-f3907e3b054a,0d0497ed-214b-478b-a304-acfb51d5d79d,21.0,0.0,0.0,Passed,1.2726582288742065
8563380c-9a68-4af6-b0e2-f3907e3b054a,d822a870-90c1-45f2-94a8-1b2709c3b074,3.0,37.0,55.0,Failed,1.2724896669387817
