Folder1,Folder2,AST Edit Distance,DFG Edit Distance,PDG Edit Distance,Passed Or Failed,BLEU score
3fb29e4d-ff4c-4a9d-85db-771142b71562,56cc39e8-2ee6-44bf-a12a-3194042b44e7,16.0,0.0,0.0,Passed,0.6484343212596437
3fb29e4d-ff4c-4a9d-85db-771142b71562,f2b2188d-ed78-4e7b-9fc7-14ca064edd45,22.0,37.0,0.0,Failed,0.5666895344706293
