Folder1,Folder2,AST Edit Distance,DFG Edit Distance,PDG Edit Distance,Passed Or Failed,ChrF Score
ac63d312-978f-4e66-9219-e15aefd2465a,cffc4373-d306-4cc0-abd4-558fe2592190,3.0,118.0,162.0,Passed,75.15273225193884
ac63d312-978f-4e66-9219-e15aefd2465a,45e96900-fa14-4d9a-8265-89bc94374ff3,11.0,97.0,131.0,Passed,74.13621000348789
ac63d312-978f-4e66-9219-e15aefd2465a,e9cadfdb-1de9-4c4d-8f32-a7e442c75dd1,7.0,163.0,236.0,Passed,74.13621000348789
ac63d312-978f-4e66-9219-e15aefd2465a,4f301150-8640-441a-9bba-13ff56a15052,8.0,170.0,249.0,Failed,68.5247341246604
