Folder1,Folder2,AST Edit Distance,DFG Edit Distance,PDG Edit Distance,Passed Or Failed,Meteor Score
c49760f5-fb14-4fbf-aad5-22be4eccf131,51d353e0-bc00-4531-ab9b-a3a15deb5b33,40.0,0.0,0.0,Passed,0.3860207100591716
c49760f5-fb14-4fbf-aad5-22be4eccf131,a66226c4-b763-4917-815f-02df0bd61435,41.0,0.0,0.0,Passed,0.3860207100591716
c49760f5-fb14-4fbf-aad5-22be4eccf131,c582b2a2-2e3c-49a9-820a-240bb9341aba,40.0,0.0,0.0,Passed,0.3860207100591716
c49760f5-fb14-4fbf-aad5-22be4eccf131,90621371-5aa5-485e-9437-75b76d8f5b89,39.0,0.0,0.0,Passed,0.38185404339250495
c49760f5-fb14-4fbf-aad5-22be4eccf131,c7434a03-d7f3-4115-ac60-2c4baf05f797,40.0,0.0,0.0,Passed,0.38185404339250495
c49760f5-fb14-4fbf-aad5-22be4eccf131,14588ec3-58f7-4b93-94ac-34f40b361039,43.0,0.0,0.0,Failed,0.36885268293749013
