Folder1,Folder2,AST Edit Distance,DFG Edit Distance,PDG Edit Distance,Passed Or Failed,Similarity Score during Execution
ad4f9182-b6a5-4213-930f-39b661307d8f,a27bd9ad-c499-46eb-9f01-2578bf2d4170,17.0,41.0,114.0,Passed,1.5164433717727661
ad4f9182-b6a5-4213-930f-39b661307d8f,3f94db0a-8b07-46b7-b4cd-f365a4acf697,0.0,0.0,0.0,Passed,1.5149333477020264
ad4f9182-b6a5-4213-930f-39b661307d8f,f80cb19a-a5e7-4e4a-8cbf-5889ff134170,18.0,41.0,114.0,Failed,1.381356954574585
