Folder1,Folder2,AST Edit Distance,DFG Edit Distance,PDG Edit Distance,Passed Or Failed,Similarity Score during Execution
11fbbecf-0854-4a9e-bfa2-484a21253090,e7fff28a-4fb5-4f64-be15-3a204840bfba,0.0,0.0,0.0,Passed,1.2649705410003662
11fbbecf-0854-4a9e-bfa2-484a21253090,c4673e3e-866c-4340-9b6c-d3439dd7431e,0.0,0.0,0.0,Passed,1.2417089939117432
11fbbecf-0854-4a9e-bfa2-484a21253090,4b4e481d-a275-47a0-8584-3d2ec3116b9f,0.0,0.0,0.0,Passed,1.239220380783081
11fbbecf-0854-4a9e-bfa2-484a21253090,fe4caa56-6b39-4f8c-bcc0-cf8fd9d6fc36,1.0,0.0,0.0,Failed,1.2269257307052612
