Folder1,Folder2,AST Edit Distance,DFG Edit Distance,PDG Edit Distance,Passed Or Failed,ROUGE-L
74aafdd6-a082-4982-bd5b-1349aab77795,3cfb6ca1-8ee1-4722-a1f7-a6e82deb9f38,0.0,0.0,0.0,Passed,0.8000000000000002
74aafdd6-a082-4982-bd5b-1349aab77795,8efb7e03-d261-4f61-804a-26c54af8b68a,0.0,0.0,0.0,Passed,0.8000000000000002
74aafdd6-a082-4982-bd5b-1349aab77795,00612df3-352b-47dc-98b5-e616dd806163,0.0,0.0,0.0,Passed,0.7333333333333334
74aafdd6-a082-4982-bd5b-1349aab77795,1cee4a1e-9249-40c8-8159-b3f4c8660a34,0.0,0.0,0.0,Passed,0.7333333333333334
74aafdd6-a082-4982-bd5b-1349aab77795,25a9a35b-0c6d-49df-ae1c-774b1585e51d,41.0,77.0,113.0,Failed,0.7333333333333334
