Folder1,Folder2,AST Edit Distance,DFG Edit Distance,PDG Edit Distance,Passed Or Failed,ChrF Score
a06a5d50-a583-447a-8fdd-110a1ac538af,fafaac00-942f-4565-a00a-70426d3c2fc5,45.0,0.0,0.0,Passed,87.06965072835541
a06a5d50-a583-447a-8fdd-110a1ac538af,77da58b4-0008-424a-a7ef-beb86d4acda5,0.0,0.0,0.0,Passed,86.39976655117559
a06a5d50-a583-447a-8fdd-110a1ac538af,abb5272d-aa06-4bd5-b00c-a7244250d2f4,45.0,0.0,0.0,Failed,82.2960657211917
