Folder1,Folder2,AST Edit Distance,DFG Edit Distance,PDG Edit Distance,Passed Or Failed,Cosine Similarity
2305bdfd-b4dd-489f-b5eb-5a9a8e61fe14,cc458f5c-fb08-4279-bc61-d4d21490729d,0.0,0.0,0.0,Passed,0.9976096749305725
2305bdfd-b4dd-489f-b5eb-5a9a8e61fe14,19a935a4-7abf-4d8b-b10d-2241de398135,0.0,0.0,0.0,Passed,0.9974616169929504
2305bdfd-b4dd-489f-b5eb-5a9a8e61fe14,d40d5acf-0dfd-4179-8977-bbf728c54b73,0.0,0.0,0.0,Passed,0.9974616169929504
2305bdfd-b4dd-489f-b5eb-5a9a8e61fe14,ec64e4fc-d4cd-4473-bff6-631dd009434b,0.0,0.0,0.0,Passed,0.9973004460334778
2305bdfd-b4dd-489f-b5eb-5a9a8e61fe14,d28752e9-88f9-4b96-a392-8a41bc78a0ce,1.0,0.0,0.0,Failed,0.997227132320404
