Folder1,Folder2,AST Edit Distance,DFG Edit Distance,PDG Edit Distance,Passed Or Failed,Similarity Score during Execution
7b52de54-4ee4-4aa1-9496-2e3782ff60d8,7fe8e73c-4d9d-48aa-9beb-b8d973b660be,28.0,0.0,0.0,Passed,1.0519208908081055
7b52de54-4ee4-4aa1-9496-2e3782ff60d8,3c9b788d-5469-4106-94e3-e05770a383a0,28.0,0.0,0.0,Passed,1.0264153480529785
7b52de54-4ee4-4aa1-9496-2e3782ff60d8,e5a68b0b-cad0-410f-8b77-ba1d0e98c484,28.0,0.0,0.0,Passed,0.9884394407272339
7b52de54-4ee4-4aa1-9496-2e3782ff60d8,65f77e77-e94e-41db-8906-786cbf81fd3d,24.0,0.0,0.0,Passed,0.947234570980072
7b52de54-4ee4-4aa1-9496-2e3782ff60d8,4441cbcc-942e-4867-a2ac-c7306e77863f,27.0,0.0,0.0,Passed,0.9315831065177917
7b52de54-4ee4-4aa1-9496-2e3782ff60d8,bb71ac2f-ad5a-4710-a736-bc4911c9ba6f,46.0,44.0,53.0,Failed,0.9296768307685852
