Folder1,Folder2,AST Edit Distance,DFG Edit Distance,PDG Edit Distance,Passed Or Failed,Euclidean Distance
c4c783cc-2ed4-481c-bdc1-658029b59568,1345f9f3-523e-4fc0-91cc-f4a5de1f730f,0.0,0.0,0.0,Passed,1.493546724319458
c4c783cc-2ed4-481c-bdc1-658029b59568,92f9bc50-0ecb-4d68-97ec-cea54386d71b,0.0,0.0,0.0,Passed,1.5015617609024048
c4c783cc-2ed4-481c-bdc1-658029b59568,08969cc5-bec2-41af-a7e7-9b63d1dc19ef,15.0,91.0,130.0,Failed,1.5035884380340576
