Folder1,Folder2,AST Edit Distance,DFG Edit Distance,PDG Edit Distance,Passed Or Failed,Cosine Similarity
78d9a33d-b681-434e-ae35-8554e10ef13f,de8eb024-6833-45e9-bc87-0a5dfd17926a,0.0,0.0,0.0,Passed,0.9872592687606812
78d9a33d-b681-434e-ae35-8554e10ef13f,13354469-c41a-42bb-a38f-ed8779e98993,0.0,0.0,0.0,Passed,0.9839959144592285
78d9a33d-b681-434e-ae35-8554e10ef13f,915db893-6eaf-4320-af33-b8ea3e4fe3e8,1.0,0.0,0.0,Failed,0.9839959144592285
