Folder1,Folder2,AST Edit Distance,DFG Edit Distance,PDG Edit Distance,Passed Or Failed,BLEU score
3e814c4b-4a00-44bc-8315-da7d4111063a,50738306-ec23-4bb3-8738-de17b6e9737d,2.0,0.0,0.0,Passed,0.5924326811515059
3e814c4b-4a00-44bc-8315-da7d4111063a,fdda9168-eda2-48af-8981-05544f423c1d,2.0,0.0,0.0,Passed,0.5924326811515059
3e814c4b-4a00-44bc-8315-da7d4111063a,482fc208-1d23-413a-90b9-8d1d82c50295,2.0,0.0,0.0,Passed,0.5584360192349812
3e814c4b-4a00-44bc-8315-da7d4111063a,4a0bdfb9-4105-422c-a53a-93666319e0cd,2.0,0.0,0.0,Passed,0.5584360192349812
3e814c4b-4a00-44bc-8315-da7d4111063a,4e47172c-fdc1-4a30-bc1b-eac74a51e0ba,2.0,0.0,0.0,Passed,0.5319774228122344
3e814c4b-4a00-44bc-8315-da7d4111063a,941a3dab-554d-4229-bc90-0ee2a73a6b90,0.0,1.0,4.0,Failed,0.5319774228122344
