Folder1,Folder2,AST Edit Distance,DFG Edit Distance,PDG Edit Distance,Passed Or Failed,BLEU score
202f548c-ec95-45e9-a866-5dd01934e351,3acf54ee-22e0-4e0b-b8a9-1cc59e9bbddb,4.0,0.0,0.0,Passed,0.5330640187089943
202f548c-ec95-45e9-a866-5dd01934e351,77569498-f2e7-4ee6-91d0-cdc102a6e8d4,4.0,6.0,13.0,Passed,0.5330640187089943
202f548c-ec95-45e9-a866-5dd01934e351,bbcb49db-9542-488c-9304-db63c44ce165,13.0,23.0,41.0,Failed,0.48624389134644175
