Folder1,Folder2,AST Edit Distance,DFG Edit Distance,PDG Edit Distance,Passed Or Failed,BLEU score
870aa3d3-0bad-4173-9574-93300dc9dc76,93f9e999-e807-43bf-ac71-477f7c44f2cd,2.0,8.0,11.0,Passed,0.6350288872373993
870aa3d3-0bad-4173-9574-93300dc9dc76,aa10beb0-0b49-43d0-a871-6b3d7d0a724d,2.0,7.0,10.0,Passed,0.387668360469133
870aa3d3-0bad-4173-9574-93300dc9dc76,49d2d4c5-a60e-49be-8064-db176a7e444b,25.0,0.0,0.0,Failed,0.10496114066284219
