Folder1,Folder2,AST Edit Distance,DFG Edit Distance,PDG Edit Distance,Passed Or Failed,Cosine Similarity
b3a3c0e6-2f42-4081-a219-f8c124309724,0dd1da46-7b86-43c7-b566-b77aa3a5afa8,0.0,0.0,0.0,Passed,0.9916349053382874
b3a3c0e6-2f42-4081-a219-f8c124309724,b52f43e1-f3b3-400f-9647-3cd57f0aed29,0.0,0.0,0.0,Passed,0.9916349053382874
b3a3c0e6-2f42-4081-a219-f8c124309724,2f833b84-0ae1-4803-9f02-64a8591c71b4,2.0,0.0,0.0,Failed,0.9915018677711487
