Folder1,Folder2,AST Edit Distance,DFG Edit Distance,PDG Edit Distance,Passed Or Failed,BLEU score
4c63d5c0-776f-45dd-bf05-f15a72182678,437df8ae-7aa9-4e2f-91ec-4abdae29ee26,15.0,0.0,0.0,Passed,0.3699382260470038
4c63d5c0-776f-45dd-bf05-f15a72182678,f7ae762f-c9fe-4cd7-bfa3-be78d7986c23,15.0,0.0,0.0,Passed,0.3699382260470038
4c63d5c0-776f-45dd-bf05-f15a72182678,6c8afb9b-1138-481d-82bb-f5b8fbc39235,23.0,29.0,40.0,Failed,0.3477977092808142
