Folder1,Folder2,AST Edit Distance,DFG Edit Distance,PDG Edit Distance,Passed Or Failed,ChrF Score
94cce6d9-710d-4595-8cc4-b8553683cc0c,e0c421d1-e953-4a40-afd1-02993158e712,30.0,0.0,0.0,Passed,85.1602606193663
94cce6d9-710d-4595-8cc4-b8553683cc0c,f8222df5-807a-4be0-9a98-d9613dcd4e7e,0.0,110.0,140.0,Passed,85.1602606193663
94cce6d9-710d-4595-8cc4-b8553683cc0c,7cbdaabb-7db6-443a-81a4-709d4e0d0f91,30.0,67.0,68.0,Passed,85.15202023498843
94cce6d9-710d-4595-8cc4-b8553683cc0c,e918163b-a52c-4a5c-8631-71d1fd0ee069,30.0,0.0,0.0,Passed,85.15202023498843
94cce6d9-710d-4595-8cc4-b8553683cc0c,a2e0892a-ece7-4395-9b81-88790b39cb63,32.0,0.0,0.0,Passed,84.94975457875496
94cce6d9-710d-4595-8cc4-b8553683cc0c,c57aee80-aa85-4b1d-93b4-fefe41e8223c,0.0,0.0,0.0,Passed,84.94975457875496
94cce6d9-710d-4595-8cc4-b8553683cc0c,f761aa5c-f10f-4b54-aa07-5ae144094b5d,30.0,72.0,79.0,Passed,84.94975457875496
94cce6d9-710d-4595-8cc4-b8553683cc0c,0e19996a-6aaa-48e2-a9fd-439ce50be998,30.0,132.0,167.0,Failed,84.40108033483476
