Folder1,Folder2,AST Edit Distance,DFG Edit Distance,PDG Edit Distance,Passed Or Failed,BLEU score
13406e15-b39c-4656-aa0f-93b37e15078d,74d0eed6-a98c-4b64-8111-19db189deec7,25.0,12.0,21.0,Passed,0.475951558975417
13406e15-b39c-4656-aa0f-93b37e15078d,0b3e33fb-d4c2-48ba-ab84-0527def028a6,20.0,11.0,19.0,Passed,0.42392533465451926
13406e15-b39c-4656-aa0f-93b37e15078d,91a1d503-4c06-48fb-b2ec-8c8e578a9642,37.0,31.0,49.0,Passed,0.09807451229814788
13406e15-b39c-4656-aa0f-93b37e15078d,51b8fb0a-8811-4509-b0e9-ede552f37cf6,41.0,0.0,0.0,Passed,0.08955190742847238
13406e15-b39c-4656-aa0f-93b37e15078d,80a7b011-e115-441c-a446-ae84c63773c3,49.0,148.0,205.0,Failed,0.08955190742847238
