Folder1,Folder2,AST Edit Distance,DFG Edit Distance,PDG Edit Distance,Passed Or Failed,Euclidean Distance
c49760f5-fb14-4fbf-aad5-22be4eccf131,c4bc0811-98f6-4998-aa3f-7f77e1ad5fe0,4.0,0.0,0.0,Passed,0.5426562428474426
c49760f5-fb14-4fbf-aad5-22be4eccf131,92e109c1-4db4-4912-83bc-4cf5f33fa8d0,10.0,0.0,0.0,Passed,0.5725444555282593
c49760f5-fb14-4fbf-aad5-22be4eccf131,58afe36f-8c13-4640-b1f3-07ee9f6a5e54,2.0,0.0,0.0,Passed,0.6058143973350525
c49760f5-fb14-4fbf-aad5-22be4eccf131,46ebf021-ae39-4130-a85c-9183a22bda2e,6.0,0.0,0.0,Passed,0.6133134961128235
c49760f5-fb14-4fbf-aad5-22be4eccf131,0cae25c3-745f-40c1-86a0-54dbf8da156e,11.0,0.0,0.0,Failed,0.6155076622962952
