Folder1,Folder2,AST Edit Distance,DFG Edit Distance,PDG Edit Distance,Passed Or Failed,BLEU score
0b280966-c53f-4711-81b5-977371fc3606,458ed421-bc61-4160-9489-0e95396d0de2,32.0,22.0,0.0,Passed,0.865603055254171
0b280966-c53f-4711-81b5-977371fc3606,f80bbe21-57e3-4e36-9376-78f1c8207000,73.0,0.0,0.0,Failed,0.6455651607183005
