Folder1,Folder2,AST Edit Distance,DFG Edit Distance,PDG Edit Distance,Passed Or Failed,ChrF Score
2a000c65-4c30-4190-b603-14ef6c67dced,27f3ec15-ded9-4368-b181-01a3a9f1e0cb,17.0,0.0,0.0,Passed,74.37270928392229
2a000c65-4c30-4190-b603-14ef6c67dced,f8b451a4-4ae7-49b0-8a9f-629b57bb5e31,2.0,15.0,21.0,Failed,72.02422567892415
