Folder1,Folder2,AST Edit Distance,DFG Edit Distance,PDG Edit Distance,Passed Or Failed,ChrF Score
c49760f5-fb14-4fbf-aad5-22be4eccf131,6fccb670-0294-4256-8a91-b91280ee29e3,42.0,0.0,0.0,Passed,47.674367389330605
c49760f5-fb14-4fbf-aad5-22be4eccf131,c22ed874-990e-4cdc-a26a-ff9560d23f13,40.0,0.0,0.0,Passed,47.12180405021712
c49760f5-fb14-4fbf-aad5-22be4eccf131,57050729-0217-4415-bd37-72bb420e6c4f,42.0,0.0,0.0,Passed,46.75354375444287
c49760f5-fb14-4fbf-aad5-22be4eccf131,1db9f60b-b6cf-4728-b894-6ef28099fc22,40.0,0.0,0.0,Passed,45.53255098324585
c49760f5-fb14-4fbf-aad5-22be4eccf131,6bbf2908-4f24-42aa-a817-94a1e6f87a34,42.0,0.0,0.0,Failed,45.41513762946931
