Folder1,Folder2,AST Edit Distance,DFG Edit Distance,PDG Edit Distance,Passed Or Failed,ROUGE-2
b8943ab6-8c90-4c8e-ae5c-86ee469c4a5c,006edde6-8bcf-4883-88af-0b3b5837fc4d,9.0,50.0,94.0,Passed,0.8333333333333334
b8943ab6-8c90-4c8e-ae5c-86ee469c4a5c,13ee51d1-114c-45e1-8df6-5dba8fabe995,10.0,0.0,0.0,Passed,0.8333333333333334
b8943ab6-8c90-4c8e-ae5c-86ee469c4a5c,1a597558-5047-42d3-8841-9267a2a138e2,1.0,14.0,24.0,Passed,0.8333333333333334
b8943ab6-8c90-4c8e-ae5c-86ee469c4a5c,1d81c410-3a92-4268-b6ce-0756765a9fc0,14.0,33.0,57.0,Passed,0.8333333333333334
b8943ab6-8c90-4c8e-ae5c-86ee469c4a5c,95848bb4-1c51-4a01-98d6-662a10757101,14.0,35.0,50.0,Passed,0.8333333333333334
b8943ab6-8c90-4c8e-ae5c-86ee469c4a5c,fd01b861-2233-42d6-a316-d706a8661753,15.0,22.0,45.0,Passed,0.8333333333333334
b8943ab6-8c90-4c8e-ae5c-86ee469c4a5c,0259f4a9-e611-41d2-bbc6-ec4d7eec0d3f,16.0,94.0,152.0,Failed,0.7777777777777777
