Folder1,Folder2,AST Edit Distance,DFG Edit Distance,PDG Edit Distance,Passed Or Failed,ChrF Score
5c40abca-66e6-4a94-9ea0-ef29b10ebcce,02cb0972-2b3b-44d4-9c20-a88fe23456b1,0.0,0.0,0.0,Passed,78.70808201179511
5c40abca-66e6-4a94-9ea0-ef29b10ebcce,1b3598dc-c5fe-41bc-a4f3-001098b43eff,0.0,0.0,0.0,Passed,78.70808201179511
5c40abca-66e6-4a94-9ea0-ef29b10ebcce,383af601-cb87-4113-9bc8-66b60bd1fb77,0.0,0.0,0.0,Passed,78.70808201179511
5c40abca-66e6-4a94-9ea0-ef29b10ebcce,b210f188-1f59-489b-85bc-261d1143498c,13.0,22.0,30.0,Passed,78.70808201179511
5c40abca-66e6-4a94-9ea0-ef29b10ebcce,d2318897-0369-408e-873f-7c24318c4008,1.0,30.0,42.0,Failed,78.70808201179511
