Folder1,Folder2,AST Edit Distance,DFG Edit Distance,PDG Edit Distance,Passed Or Failed,Meteor Score
091fba36-f522-4e30-b4cb-025ba8d37558,e505aea7-e1e5-4937-99ad-f9b2b47d6a6a,1.0,0.0,0.0,Passed,0.768846153846154
091fba36-f522-4e30-b4cb-025ba8d37558,eb297933-bf10-44fe-bce2-d6fb718ec844,19.0,0.0,0.0,Failed,0.6938463010814431
