Folder1,Folder2,AST Edit Distance,DFG Edit Distance,PDG Edit Distance,Passed Or Failed,Cosine Similarity
1f8b689a-0933-45bc-bde4-9aa0a730c640,4cc01cfb-ac91-41e9-86db-31d3224e993c,0.0,22.0,25.0,Passed,0.9894104599952698
1f8b689a-0933-45bc-bde4-9aa0a730c640,e64c9f3c-76f7-48ae-a083-a9cb96a2301e,0.0,22.0,25.0,Passed,0.9894104599952698
1f8b689a-0933-45bc-bde4-9aa0a730c640,2fa6b898-2c5b-4632-8df0-380aeb8a9b43,0.0,0.0,0.0,Passed,0.9859631657600403
1f8b689a-0933-45bc-bde4-9aa0a730c640,dd86ebb7-f921-46b0-8622-79d9c9eee6a8,1.0,0.0,0.0,Passed,0.9859631657600403
1f8b689a-0933-45bc-bde4-9aa0a730c640,4a68209b-4101-49b3-9a5e-be566978cb95,0.0,0.0,0.0,Passed,0.9830605983734131
1f8b689a-0933-45bc-bde4-9aa0a730c640,baab6428-51db-4368-a8ee-a3a9b0e7b009,0.0,0.0,0.0,Passed,0.9830605983734131
1f8b689a-0933-45bc-bde4-9aa0a730c640,13e249a2-834f-4c60-94d1-7666a9e1dd70,20.0,83.0,127.0,Passed,0.9830556511878967
1f8b689a-0933-45bc-bde4-9aa0a730c640,49c65172-cd71-4261-946d-7b02ab1f43e7,20.0,102.0,151.0,Failed,0.9830556511878967
