Folder1,Folder2,AST Edit Distance,DFG Edit Distance,PDG Edit Distance,Passed Or Failed,Meteor Score
33d27211-07de-4a0c-a84a-3d89425eee0d,20d4718f-7eca-4a1d-a9ef-2d7650391150,0.0,0.0,0.0,Passed,0.899767865345495
33d27211-07de-4a0c-a84a-3d89425eee0d,4e6c48b7-71e7-460c-9485-32aac7bb6920,0.0,0.0,0.0,Passed,0.899767865345495
33d27211-07de-4a0c-a84a-3d89425eee0d,b7106ff8-a755-4c99-bb80-3e2942ade987,0.0,0.0,0.0,Passed,0.899767865345495
33d27211-07de-4a0c-a84a-3d89425eee0d,eb2e916d-795f-4eeb-a99d-83f8cd218c6e,0.0,0.0,0.0,Passed,0.899767865345495
33d27211-07de-4a0c-a84a-3d89425eee0d,283426a8-c063-4e2a-8b5e-74fdff115936,0.0,0.0,0.0,Passed,0.8675717518161248
33d27211-07de-4a0c-a84a-3d89425eee0d,d1b7368b-9218-4cc8-9331-6539e7175f71,0.0,0.0,0.0,Passed,0.8675717518161248
33d27211-07de-4a0c-a84a-3d89425eee0d,097c7985-93de-40bd-9154-5d81520a047f,0.0,0.0,0.0,Passed,0.866755763742783
33d27211-07de-4a0c-a84a-3d89425eee0d,3e685f47-9316-4912-8c31-ad34474c5742,0.0,0.0,0.0,Passed,0.866755763742783
33d27211-07de-4a0c-a84a-3d89425eee0d,ad24bcf2-3df3-4f63-8c36-18d5ae2f510f,38.0,36.0,57.0,Failed,0.866755763742783
