Folder1,Folder2,AST Edit Distance,DFG Edit Distance,PDG Edit Distance,Passed Or Failed,ChrF Score
5c40abca-66e6-4a94-9ea0-ef29b10ebcce,03e9b049-28d4-4893-ae3c-0ec3565f69c3,0.0,0.0,0.0,Passed,78.70808201179511
5c40abca-66e6-4a94-9ea0-ef29b10ebcce,112cf409-e171-4b3e-b54e-30210004cf1b,0.0,0.0,0.0,Passed,78.70808201179511
5c40abca-66e6-4a94-9ea0-ef29b10ebcce,6ac4fa90-b7d4-4d3d-8f71-6f23235f795b,0.0,0.0,0.0,Passed,78.70808201179511
5c40abca-66e6-4a94-9ea0-ef29b10ebcce,a5ccf90c-11f4-4e79-b80f-5b717bd1359b,13.0,22.0,32.0,Failed,78.70808201179511
