Folder1,Folder2,AST Edit Distance,DFG Edit Distance,PDG Edit Distance,Passed Or Failed,ChrF Score
b6a983ff-027a-4d9f-b75a-eba75472f373,a3d095a2-2815-43e1-9cd3-cce405cdcc2a,21.0,0.0,0.0,Passed,77.91473057074293
b6a983ff-027a-4d9f-b75a-eba75472f373,d2e9883f-8024-4daa-9bcb-475406be1b12,36.0,0.0,0.0,Passed,77.91473057074293
b6a983ff-027a-4d9f-b75a-eba75472f373,2d3e59b7-4613-45a5-9980-b5199fb56f70,9.0,0.0,0.0,Passed,76.67966549849027
b6a983ff-027a-4d9f-b75a-eba75472f373,f5400af8-14ae-43cd-99d2-06155c916fb7,1.0,0.0,0.0,Passed,76.67966549849027
b6a983ff-027a-4d9f-b75a-eba75472f373,b57c87a2-cf5c-415f-9bb3-e99fdd86fc40,2.0,0.0,0.0,Passed,75.21161152149341
b6a983ff-027a-4d9f-b75a-eba75472f373,afd42b6f-75ad-4fc4-aeae-53e198f039bc,29.0,18.0,27.0,Failed,71.71808361041758
