Folder1,Folder2,AST Edit Distance,DFG Edit Distance,PDG Edit Distance,Passed Or Failed,BLEU score
056dcf29-f125-4021-99d4-37cb7aedba94,1fe2aaea-0b51-43b1-8ffb-dca54fda7eb5,1.0,0.0,0.0,Passed,0.5540080387705814
056dcf29-f125-4021-99d4-37cb7aedba94,5aa43571-c08b-4538-a3de-6ed4cb136bb4,0.0,10.0,13.0,Passed,0.5540080387705814
056dcf29-f125-4021-99d4-37cb7aedba94,167dfbcf-fbc6-4212-ac49-b3399cff9de9,1.0,9.0,14.0,Passed,0.5093121744590023
056dcf29-f125-4021-99d4-37cb7aedba94,d4dd1f7c-1fe5-49aa-887c-68516e0a1f86,1.0,9.0,14.0,Passed,0.5093121744590023
056dcf29-f125-4021-99d4-37cb7aedba94,138f1486-5a03-485d-99c2-8de7dd6753ac,1.0,15.0,21.0,Passed,0.4482516224331324
056dcf29-f125-4021-99d4-37cb7aedba94,f4fdf678-5635-4528-a7cc-375475682bce,0.0,0.0,0.0,Passed,0.4482516224331324
056dcf29-f125-4021-99d4-37cb7aedba94,0da1fd28-1f41-4635-8fe0-56afbb16d50c,39.0,35.0,54.0,Failed,0.43353471935824023
