Folder1,Folder2,AST Edit Distance,DFG Edit Distance,PDG Edit Distance,Passed Or Failed,ChrF Score
873fbee6-a662-44e0-8763-4a65eca0c77d,aa2da9cf-9489-4f8e-979d-ab82372d788c,0.0,19.0,34.0,Passed,77.12038207571989
873fbee6-a662-44e0-8763-4a65eca0c77d,20499e18-8f02-4ef6-91d3-76f2161bdc46,0.0,7.0,13.0,Passed,75.83138042687114
873fbee6-a662-44e0-8763-4a65eca0c77d,ed331328-ef9b-458f-8aac-074fe8b4d914,14.0,15.0,27.0,Failed,75.83138042687114
