Folder1,Folder2,AST Edit Distance,DFG Edit Distance,PDG Edit Distance,Passed Or Failed,Meteor Score
8b4cc180-388d-41fe-b017-831639089387,9953752c-19ac-4017-a8f1-8ed155c13509,1.0,0.0,0.0,Passed,0.8946457840101986
8b4cc180-388d-41fe-b017-831639089387,f146d1ed-d548-444d-9b74-e34acdb81028,23.0,0.0,0.0,Failed,0.8946457840101986
