Folder1,Folder2,AST Edit Distance,DFG Edit Distance,PDG Edit Distance,Passed Or Failed,Meteor Score
7fcd6c9e-07a0-40b4-9d7b-2896e9c0b852,44ad6c94-52dc-4858-bd1f-1ab4e6569275,20.0,87.0,119.0,Passed,0.5698982689615009
7fcd6c9e-07a0-40b4-9d7b-2896e9c0b852,c1a0ed45-dd0d-43dc-b6a8-098f6c158df6,1.0,118.0,151.0,Failed,0.5698982689615009
