Folder1,Folder2,AST Edit Distance,DFG Edit Distance,PDG Edit Distance,Passed Or Failed,Similarity Score during Execution
889fe3e1-a5a2-415c-aa3b-b82d49f5d3f3,153197ca-d76e-4c26-a348-eb54b923cf7f,0.0,0.0,0.0,Passed,1.1399296522140503
889fe3e1-a5a2-415c-aa3b-b82d49f5d3f3,3b46706d-eaa4-4af9-8805-a17bf0699d89,0.0,0.0,0.0,Passed,1.0628893375396729
889fe3e1-a5a2-415c-aa3b-b82d49f5d3f3,eee46e1b-7ae8-40cd-9134-d30d0b1abb51,0.0,22.0,28.0,Failed,1.052719235420227
