Folder1,Folder2,AST Edit Distance,DFG Edit Distance,PDG Edit Distance,Passed Or Failed,ROUGE-2
ccf0bab8-4b5d-41a5-a60c-3552ede33ad5,76c89a66-fb46-4b0b-a236-4f1627209f71,0.0,0.0,0.0,Passed,0.3783783783783784
ccf0bab8-4b5d-41a5-a60c-3552ede33ad5,94b5bdf6-c458-489c-80e2-c6a103f4e1b3,0.0,0.0,0.0,Passed,0.32432432432432434
ccf0bab8-4b5d-41a5-a60c-3552ede33ad5,9651bb9b-e2d4-4a54-b483-68cbf11ff28c,0.0,0.0,0.0,Passed,0.32432432432432434
ccf0bab8-4b5d-41a5-a60c-3552ede33ad5,0f3f2e75-98b1-4470-9eff-5566d63753da,0.0,0.0,0.0,Passed,0.2777777777777778
ccf0bab8-4b5d-41a5-a60c-3552ede33ad5,093ce229-ae31-4a02-91d7-fdcde3e466c2,0.0,57.0,79.0,Failed,0.2702702702702703
