Folder1,Folder2,AST Edit Distance,DFG Edit Distance,PDG Edit Distance,Passed Or Failed,BLEU score
32ea3c3a-1e54-4b1f-b3ba-e031992ce073,2beb3149-6b51-4a54-8da9-bbf7dbdc97b2,22.0,80.0,114.0,Passed,0.21397863129191902
32ea3c3a-1e54-4b1f-b3ba-e031992ce073,cfcd3d01-9403-42c6-8476-fb4d63ff5f56,0.0,73.0,104.0,Passed,0.21397863129191902
32ea3c3a-1e54-4b1f-b3ba-e031992ce073,ba842201-7335-45fb-88c8-6ef8dacbc810,0.0,73.0,104.0,Passed,0.1954742476373487
32ea3c3a-1e54-4b1f-b3ba-e031992ce073,9af0ca59-981a-41d4-b33b-2707dc531e42,22.0,181.0,265.0,Failed,0.18051524108080522
