Folder1,Folder2,AST Edit Distance,DFG Edit Distance,PDG Edit Distance,Passed Or Failed,Euclidean Distance
575c27e8-8a07-4241-a8f2-438d719d6d1e,cbea0cf3-ab55-4d24-be74-c8cafc64f229,41.0,0.0,0.0,Passed,0.8470538258552551
575c27e8-8a07-4241-a8f2-438d719d6d1e,4097a02c-a738-47a0-beb9-d034882f36bf,39.0,52.0,76.0,Failed,0.8567990064620972
