Folder1,Folder2,AST Edit Distance,DFG Edit Distance,PDG Edit Distance,Passed Or Failed,Meteor Score
0abcf712-aa77-49ec-86ec-180e28896758,0285e68c-8256-4444-a3ab-ab10ac4f450c,31.0,0.0,0.0,Passed,0.8610472541507024
0abcf712-aa77-49ec-86ec-180e28896758,777b2281-b32c-4363-b7af-d67281efae5e,31.0,0.0,0.0,Passed,0.8610472541507024
0abcf712-aa77-49ec-86ec-180e28896758,96cf4153-099f-470f-8565-e5b72257a42c,35.0,0.0,0.0,Passed,0.8610472541507024
0abcf712-aa77-49ec-86ec-180e28896758,dec18c41-6fbc-425c-ba7e-be726d4e2b1b,3.0,0.0,0.0,Passed,0.8610472541507024
0abcf712-aa77-49ec-86ec-180e28896758,f36baf53-09fd-4236-a711-e0b7ed7f04d2,1.0,0.0,0.0,Passed,0.8610472541507024
0abcf712-aa77-49ec-86ec-180e28896758,6981c70b-e48a-4e1b-bde2-4141392c4648,2.0,0.0,0.0,Passed,0.8034248182031433
0abcf712-aa77-49ec-86ec-180e28896758,6bd85c1c-a3f7-4e22-aba4-202f58b17180,21.0,9.0,11.0,Passed,0.8006392212057236
0abcf712-aa77-49ec-86ec-180e28896758,7ce86e6f-05ee-4df8-ac5f-ae296cd5b1d0,61.0,46.0,77.0,Failed,0.8006392212057236
