Folder1,Folder2,AST Edit Distance,DFG Edit Distance,PDG Edit Distance,Passed Or Failed,Cosine Similarity
42a2bc14-4cd0-44eb-a7aa-d1199fa38f64,44cfef83-6e26-487b-9c73-fd96b9fbe73d,0.0,0.0,0.0,Passed,0.9995832443237305
42a2bc14-4cd0-44eb-a7aa-d1199fa38f64,0aa85b7b-d841-4623-b74c-86b330b64e44,0.0,0.0,0.0,Passed,0.9994115829467773
42a2bc14-4cd0-44eb-a7aa-d1199fa38f64,d708e964-0123-4a27-8a53-e3d678fe9a70,57.0,0.0,0.0,Passed,0.999406635761261
42a2bc14-4cd0-44eb-a7aa-d1199fa38f64,26036dd7-a434-4d60-a8f4-b2b3d2cbc57e,0.0,0.0,0.0,Passed,0.9993850588798523
42a2bc14-4cd0-44eb-a7aa-d1199fa38f64,a2d7bd83-706c-4da6-931a-f7702acf022a,1.0,72.0,0.0,Failed,0.9993614554405212
