Folder1,Folder2,AST Edit Distance,DFG Edit Distance,PDG Edit Distance,Passed Or Failed,Similarity Score during Execution
044bd72b-a426-41ff-a99a-b7f83aaf6f1b,caf04f76-b0be-4b79-a3ff-339418bd19e7,44.0,0.0,0.0,Passed,1.5600183010101318
044bd72b-a426-41ff-a99a-b7f83aaf6f1b,05f5c29b-63df-4848-96a4-aa36f9d2c003,23.0,45.0,70.0,Passed,1.4323546886444092
044bd72b-a426-41ff-a99a-b7f83aaf6f1b,a7910463-0bed-4428-a256-57dc27436302,31.0,116.0,178.0,Failed,1.4286807775497437
