Folder1,Folder2,AST Edit Distance,DFG Edit Distance,PDG Edit Distance,Passed Or Failed,Similarity Score during Execution
0795eaa1-ed44-473e-b590-91b62a4db8f4,0c9d80f9-483f-4c91-a95c-de305487167f,0.0,0.0,0.0,Passed,1.3178809881210327
0795eaa1-ed44-473e-b590-91b62a4db8f4,2b8230fa-d6b1-4cca-b4dc-da0c5b444b9f,0.0,0.0,0.0,Passed,1.2215889692306519
0795eaa1-ed44-473e-b590-91b62a4db8f4,d0c902aa-8b36-41eb-8592-f1f1f3425e9c,0.0,0.0,0.0,Passed,1.1731775999069214
0795eaa1-ed44-473e-b590-91b62a4db8f4,a6cdbb91-c777-4495-8c32-0756712de4c1,6.0,0.0,0.0,Passed,1.1712396144866943
0795eaa1-ed44-473e-b590-91b62a4db8f4,a0481af0-f5ae-46d7-96c1-fde6c16736c7,0.0,0.0,0.0,Passed,1.1494386196136475
0795eaa1-ed44-473e-b590-91b62a4db8f4,d58a0e2a-0ef0-4970-8681-b43eb9d9b979,17.0,1.0,2.0,Failed,1.1417876482009888
