Folder1,Folder2,AST Edit Distance,DFG Edit Distance,PDG Edit Distance,Passed Or Failed,BLEU score
390dd236-58db-4f67-8878-88203c82d53d,4f85ff81-ac56-4a2a-98ac-f79a9e1af512,50.0,0.0,0.0,Passed,0.7910350788562233
390dd236-58db-4f67-8878-88203c82d53d,76c34db9-3b78-4626-af47-9b9b1cbad200,49.0,0.0,0.0,Passed,0.7910350788562233
390dd236-58db-4f67-8878-88203c82d53d,fe16eda8-84b2-42dc-84c2-a074c1e4c171,43.0,0.0,0.0,Passed,0.7910350788562233
390dd236-58db-4f67-8878-88203c82d53d,7b130c9b-f676-467a-a4ba-d65490386777,58.0,0.0,0.0,Passed,0.7838756540325348
390dd236-58db-4f67-8878-88203c82d53d,964a0d57-38d7-45da-90fd-e05610ceaa10,12.0,0.0,0.0,Passed,0.7568440125092785
390dd236-58db-4f67-8878-88203c82d53d,99d94a3d-c8cd-4a95-b177-3fe508cd4cbf,15.0,0.0,0.0,Passed,0.7294784925745127
390dd236-58db-4f67-8878-88203c82d53d,2e627e09-cbf8-4f52-92e3-eab8ae42fc69,72.0,98.0,180.0,Failed,0.7099659123095732
