Folder1,Folder2,AST Edit Distance,DFG Edit Distance,PDG Edit Distance,Passed Or Failed,ChrF Score
c10ffd15-7582-4ea5-be57-b29958803a34,48319111-1c51-4466-82be-71b1a2a3ed05,0.0,0.0,0.0,Passed,86.48423560664689
c10ffd15-7582-4ea5-be57-b29958803a34,8adba551-a852-4100-8ed9-46057ef838b9,0.0,53.0,78.0,Failed,84.35187336847427
