Folder1,Folder2,AST Edit Distance,DFG Edit Distance,PDG Edit Distance,Passed Or Failed,ChrF Score
8204dad1-5719-4f07-9466-d050807b4b64,7c294a6c-cb6a-408c-b080-1dd96266491a,1.0,0.0,0.0,Passed,84.10856759973215
8204dad1-5719-4f07-9466-d050807b4b64,d9dac6aa-6081-46dd-9256-ab684953467c,1.0,0.0,0.0,Passed,84.10856759973215
8204dad1-5719-4f07-9466-d050807b4b64,d60865f1-11ec-4f11-8287-4a0b8d75283d,1.0,0.0,0.0,Passed,83.72672693936313
8204dad1-5719-4f07-9466-d050807b4b64,db9b4aa6-598b-4f82-a870-8b0bc640bc04,6.0,0.0,0.0,Failed,83.11028853443273
