Folder1,Folder2,AST Edit Distance,DFG Edit Distance,PDG Edit Distance,Passed Or Failed,Similarity Score during Execution
9de29147-53e8-411f-9d23-e202b4eaf5e8,d972858e-c8ab-41e4-aaff-8914e0ebb35e,32.0,25.0,38.0,Passed,1.4147228002548218
9de29147-53e8-411f-9d23-e202b4eaf5e8,f62d4ee6-6c9f-4ac5-b658-162c160f309d,0.0,0.0,0.0,Passed,1.0095505714416504
9de29147-53e8-411f-9d23-e202b4eaf5e8,758b6fa6-6e4b-47e1-811e-fdc0d47a3423,0.0,0.0,0.0,Passed,0.9580064415931702
9de29147-53e8-411f-9d23-e202b4eaf5e8,6998f9e2-c7e9-4cce-bc04-b8e0f6181250,32.0,29.0,53.0,Passed,0.9319807291030884
9de29147-53e8-411f-9d23-e202b4eaf5e8,0cc08104-17fc-439c-8fc9-c97ee0614d31,32.0,24.0,34.0,Passed,0.9066182971000671
9de29147-53e8-411f-9d23-e202b4eaf5e8,2411c500-305e-4ed2-b206-1c79e51f0d41,61.0,85.0,120.0,Failed,0.8050071001052856
