Folder1,Folder2,AST Edit Distance,DFG Edit Distance,PDG Edit Distance,Passed Or Failed,Cosine Similarity
c4c783cc-2ed4-481c-bdc1-658029b59568,92f9bc50-0ecb-4d68-97ec-cea54386d71b,0.0,0.0,0.0,Passed,0.9155629277229309
c4c783cc-2ed4-481c-bdc1-658029b59568,1345f9f3-523e-4fc0-91cc-f4a5de1f730f,15.0,91.0,130.0,Failed,0.915151834487915
