Folder1,Folder2,AST Edit Distance,DFG Edit Distance,PDG Edit Distance,Passed Or Failed,BLEU score
a8bf53e4-22d6-4d8c-915e-5fe98dc34c8e,88d997e8-9986-4300-af55-71826e7c4d0e,1.0,0.0,0.0,Passed,0.6604031021992535
a8bf53e4-22d6-4d8c-915e-5fe98dc34c8e,cd5b6817-c5ba-4980-bc20-7bd7fb854f08,1.0,0.0,0.0,Passed,0.6604031021992535
a8bf53e4-22d6-4d8c-915e-5fe98dc34c8e,1d9b2fb6-73c6-4a08-ab6c-929c878adf09,1.0,0.0,0.0,Passed,0.6264212925726487
a8bf53e4-22d6-4d8c-915e-5fe98dc34c8e,95bd1355-1e9e-4146-acb6-ef99ba94c90f,1.0,0.0,0.0,Passed,0.6264212925726487
a8bf53e4-22d6-4d8c-915e-5fe98dc34c8e,8053726b-6de4-49c2-b9bb-e233cde2b4d5,43.0,0.0,0.0,Passed,0.6000785551171437
a8bf53e4-22d6-4d8c-915e-5fe98dc34c8e,e9959db1-2b7b-488f-876d-139492cd546f,52.0,0.0,0.0,Failed,0.6000785551171437
