Folder1,Folder2,AST Edit Distance,DFG Edit Distance,PDG Edit Distance,Passed Or Failed,Cosine Similarity
94cce6d9-710d-4595-8cc4-b8553683cc0c,0e1ee7db-c145-45c5-9804-ffca367893bd,23.0,97.0,114.0,Passed,0.9988624453544617
94cce6d9-710d-4595-8cc4-b8553683cc0c,0e19996a-6aaa-48e2-a9fd-439ce50be998,30.0,132.0,167.0,Failed,0.9984290599822998
