Folder1,Folder2,AST Edit Distance,DFG Edit Distance,PDG Edit Distance,Passed Or Failed,Cosine Similarity
261772ec-d399-4d12-9972-7773fcd0643a,377f10b7-879d-4b0e-b330-2a346ca73290,4.0,0.0,0.0,Passed,0.9898694753646851
261772ec-d399-4d12-9972-7773fcd0643a,94b37a23-4936-466e-a4b8-6bd42ff3c110,6.0,0.0,0.0,Failed,0.9898694753646851
