Folder1,Folder2,AST Edit Distance,DFG Edit Distance,PDG Edit Distance,Passed Or Failed,Euclidean Distance
77886076-0675-490e-9097-fb52713a721b,3832e395-fe7c-41a9-995f-f1d0c97ebc40,0.0,0.0,0.0,Passed,0.45386359095573425
77886076-0675-490e-9097-fb52713a721b,4014f109-0685-4708-aa57-51ed32a33397,2.0,0.0,0.0,Passed,0.4845298230648041
77886076-0675-490e-9097-fb52713a721b,0f726db6-97d4-4a00-ac0c-dbabc13b8355,3.0,0.0,0.0,Failed,0.5322180986404419
