Folder1,Folder2,AST Edit Distance,DFG Edit Distance,PDG Edit Distance,Passed Or Failed,Cosine Similarity
f9e6bad7-8154-4a2e-87ea-64354c67d8a8,a164bb5f-08bf-41c3-a30b-e4c8c3ff36e1,16.0,0.0,0.0,Passed,0.9620198011398315
f9e6bad7-8154-4a2e-87ea-64354c67d8a8,19f42023-574c-467c-8db4-7424c7788441,28.0,40.0,84.0,Failed,0.9617007374763489
