Folder1,Folder2,AST Edit Distance,DFG Edit Distance,PDG Edit Distance,Passed Or Failed,Euclidean Distance
3fa77b0f-481b-472a-b326-fbe86f36acc2,052b46a6-232e-4b6b-a50f-0d872874c826,25.0,0.0,0.0,Passed,0.5206370949745178
3fa77b0f-481b-472a-b326-fbe86f36acc2,c0acf830-9da8-421c-94dd-f842a7d2c41d,20.0,0.0,0.0,Passed,0.5206370949745178
3fa77b0f-481b-472a-b326-fbe86f36acc2,8dbb30dc-082b-4f92-bc09-4cfd1439213d,31.0,0.0,0.0,Failed,0.539277970790863
