Folder1,Folder2,AST Edit Distance,DFG Edit Distance,PDG Edit Distance,Passed Or Failed,Similarity Score during Execution
f3692a2b-1093-4020-8d1c-0d2db511ac57,fc60fc2e-28a7-46ea-9b8d-3c0b9d1cabee,13.0,0.0,0.0,Passed,1.298599362373352
f3692a2b-1093-4020-8d1c-0d2db511ac57,04062dfa-d974-4b15-830c-ed8a97e47e9c,29.0,0.0,0.0,Passed,1.2938895225524902
f3692a2b-1093-4020-8d1c-0d2db511ac57,1b27f509-8a49-4939-8b43-397a1b16e03c,13.0,0.0,0.0,Passed,1.291694164276123
f3692a2b-1093-4020-8d1c-0d2db511ac57,2c4bd457-43a5-4842-93ac-535173d5e154,44.0,0.0,0.0,Failed,1.2739078998565674
