Folder1,Folder2,AST Edit Distance,DFG Edit Distance,PDG Edit Distance,Passed Or Failed,Cosine Similarity
a1a74d6d-0e3b-4835-9f21-9fcdd964ab00,fde6dd43-dee7-467b-9ad2-1955c31322e1,0.0,0.0,0.0,Passed,0.9953063726425171
a1a74d6d-0e3b-4835-9f21-9fcdd964ab00,2f1390bd-e5e7-428e-beae-b3344adc1a46,10.0,0.0,0.0,Passed,0.9946045875549316
a1a74d6d-0e3b-4835-9f21-9fcdd964ab00,cde8327e-0f7d-44da-91bf-d35f602c5288,23.0,0.0,0.0,Passed,0.9946045875549316
a1a74d6d-0e3b-4835-9f21-9fcdd964ab00,92881f10-3a1e-4e5d-b8d1-0732b726ef75,0.0,0.0,0.0,Passed,0.9944772124290466
a1a74d6d-0e3b-4835-9f21-9fcdd964ab00,0cd64538-add6-4cbe-b120-21e0b5f3a389,0.0,0.0,0.0,Passed,0.9943066239356995
a1a74d6d-0e3b-4835-9f21-9fcdd964ab00,0ef9e850-9fbb-4dce-aa97-0b400e553225,27.0,20.0,29.0,Failed,0.9943066239356995
