Folder1,Folder2,AST Edit Distance,DFG Edit Distance,PDG Edit Distance,Passed Or Failed,Cosine Similarity
c49760f5-fb14-4fbf-aad5-22be4eccf131,e7928a56-d35f-4418-b84d-4e572d052c4e,12.0,0.0,0.0,Passed,0.9897037148475647
c49760f5-fb14-4fbf-aad5-22be4eccf131,1c5f2001-4f8f-40bd-8cc8-bf38460fb01d,2.0,0.0,0.0,Passed,0.9878074526786804
c49760f5-fb14-4fbf-aad5-22be4eccf131,c2056529-1fc7-4982-9396-528032370b5a,0.0,0.0,0.0,Passed,0.9875629544258118
c49760f5-fb14-4fbf-aad5-22be4eccf131,65d2b586-553b-4099-9ed2-4b49ed3a2d22,12.0,0.0,0.0,Passed,0.9872206449508667
c49760f5-fb14-4fbf-aad5-22be4eccf131,3c386472-d468-4b75-8b41-6f1586cd9bcb,13.0,0.0,0.0,Failed,0.9871108531951904
