Folder1,Folder2,AST Edit Distance,DFG Edit Distance,PDG Edit Distance,Passed Or Failed,Euclidean Distance
f1f51816-b171-4424-9fbc-5c026b019959,0988afcf-dcc3-41b9-a5e9-2bc81043730c,21.0,0.0,0.0,Passed,0.37324947118759155
f1f51816-b171-4424-9fbc-5c026b019959,9de049ce-576f-427f-b7a3-183677bde41e,78.0,0.0,0.0,Failed,0.42215466499328613
