Folder1,Folder2,AST Edit Distance,DFG Edit Distance,PDG Edit Distance,Passed Or Failed,ChrF Score
f483a15a-303a-475f-b07b-16d53eaa85f0,372e6573-2a2a-4132-8e0d-066ca0b75892,0.0,0.0,0.0,Passed,85.96734654263788
f483a15a-303a-475f-b07b-16d53eaa85f0,7d290a63-d169-40ac-95eb-c70408da0028,9.0,0.0,0.0,Failed,85.96734654263788
