Folder1,Folder2,AST Edit Distance,DFG Edit Distance,PDG Edit Distance,Passed Or Failed,Similarity Score during Execution
26563800-2f28-482b-8dad-705f2c6f3970,c27efc69-40ad-4e06-a30e-f03378190156,30.0,0.0,0.0,Passed,1.2824374437332153
26563800-2f28-482b-8dad-705f2c6f3970,9046de25-3864-4e5f-937b-92822954107d,20.0,0.0,0.0,Passed,1.236806035041809
26563800-2f28-482b-8dad-705f2c6f3970,206793b9-545f-4f23-b1f1-0966eab98103,14.0,0.0,0.0,Passed,1.227752923965454
26563800-2f28-482b-8dad-705f2c6f3970,6317b28e-bfff-4ee4-8b76-f97812f15653,40.0,0.0,0.0,Failed,1.2229441404342651
