Folder1,Folder2,AST Edit Distance,DFG Edit Distance,PDG Edit Distance,Passed Or Failed,Meteor Score
ece8557f-6ac2-4b8d-a9d2-f7f20c741624,024f14a0-7a40-4eae-89a4-ccbea18fc176,1.0,0.0,0.0,Passed,0.768846153846154
ece8557f-6ac2-4b8d-a9d2-f7f20c741624,a5d3c3fd-83fd-4d7d-8e39-e0dc7e824f58,0.0,0.0,0.0,Passed,0.768846153846154
ece8557f-6ac2-4b8d-a9d2-f7f20c741624,a9169517-a7bc-493a-b00b-0b51179d622d,1.0,0.0,0.0,Passed,0.768846153846154
ece8557f-6ac2-4b8d-a9d2-f7f20c741624,049b5b24-4369-4890-872b-db63a578ff28,12.0,0.0,0.0,Passed,0.7661538461538462
ece8557f-6ac2-4b8d-a9d2-f7f20c741624,a41cecd6-a8ab-41d6-a3a2-548832c16fb7,13.0,0.0,0.0,Passed,0.7661538461538462
ece8557f-6ac2-4b8d-a9d2-f7f20c741624,a8967cb1-f06e-4ed4-93fe-85bd3af65ca3,36.0,0.0,0.0,Failed,0.7661538461538462
