Folder1,Folder2,AST Edit Distance,DFG Edit Distance,PDG Edit Distance,Passed Or Failed,Similarity Score during Execution
cddeca42-88d3-4ef2-aa7e-217337f21583,79b6c6c7-d2ed-4e05-9743-0e858c7083d8,27.0,0.0,0.0,Passed,1.2579381465911865
cddeca42-88d3-4ef2-aa7e-217337f21583,88e4eda7-5a5e-4309-9d9c-6eba7f83b6aa,0.0,0.0,0.0,Passed,1.2412277460098267
cddeca42-88d3-4ef2-aa7e-217337f21583,2cb8d4b9-46df-4379-a6e7-8ef3bfb43d51,27.0,0.0,0.0,Failed,1.2072529792785645
