Folder1,Folder2,AST Edit Distance,DFG Edit Distance,PDG Edit Distance,Passed Or Failed,Cosine Similarity
ccf0bab8-4b5d-41a5-a60c-3552ede33ad5,94b5bdf6-c458-489c-80e2-c6a103f4e1b3,0.0,0.0,0.0,Passed,0.9670149087905884
ccf0bab8-4b5d-41a5-a60c-3552ede33ad5,c6d08fbe-1886-4683-afc1-804ff5d7c118,0.0,0.0,0.0,Passed,0.9670149087905884
ccf0bab8-4b5d-41a5-a60c-3552ede33ad5,76c89a66-fb46-4b0b-a236-4f1627209f71,0.0,0.0,0.0,Passed,0.9665912985801697
ccf0bab8-4b5d-41a5-a60c-3552ede33ad5,9651bb9b-e2d4-4a54-b483-68cbf11ff28c,0.0,57.0,79.0,Failed,0.961683452129364
