Folder1,Folder2,AST Edit Distance,DFG Edit Distance,PDG Edit Distance,Passed Or Failed,BLEU score
c49760f5-fb14-4fbf-aad5-22be4eccf131,67b094e7-e024-4ebe-8b59-3a492ba5c32d,42.0,0.0,0.0,Passed,0.27010074174938287
c49760f5-fb14-4fbf-aad5-22be4eccf131,e0fceafd-afab-4c43-a16c-1f6946e4577b,40.0,0.0,0.0,Passed,0.26038053012911716
c49760f5-fb14-4fbf-aad5-22be4eccf131,005a0016-dd4f-4eea-9f24-68799dd2ba6a,40.0,0.0,0.0,Passed,0.2373488414075553
c49760f5-fb14-4fbf-aad5-22be4eccf131,3de3313f-c52e-48bb-9ffe-dbe31140c429,39.0,90.0,0.0,Failed,0.2373488414075553
