Folder1,Folder2,AST Edit Distance,DFG Edit Distance,PDG Edit Distance,Passed Or Failed,ROUGE-2
044bd72b-a426-41ff-a99a-b7f83aaf6f1b,517900b7-9b0f-44f8-b82a-182bb6f73f11,49.0,0.0,0.0,Passed,0.7777777777777777
044bd72b-a426-41ff-a99a-b7f83aaf6f1b,ad8c5bae-edee-47b0-8952-a9e53c292a12,39.0,0.0,0.0,Passed,0.7777777777777777
044bd72b-a426-41ff-a99a-b7f83aaf6f1b,0b676257-d510-4499-88ba-1d39db967e41,56.0,0.0,0.0,Failed,0.7222222222222223
