Folder1,Folder2,AST Edit Distance,DFG Edit Distance,PDG Edit Distance,Passed Or Failed,Euclidean Distance
c49760f5-fb14-4fbf-aad5-22be4eccf131,d8db9014-375c-49a5-be86-6815fd7dd39d,7.0,0.0,0.0,Passed,0.5426562428474426
c49760f5-fb14-4fbf-aad5-22be4eccf131,19557fdc-82fd-43b8-b04c-2b1930e43e83,0.0,0.0,0.0,Passed,0.5725444555282593
c49760f5-fb14-4fbf-aad5-22be4eccf131,3c41e940-24a0-486f-bd09-6e8e4ffac390,12.0,0.0,0.0,Passed,0.5725444555282593
c49760f5-fb14-4fbf-aad5-22be4eccf131,4dd8e7ad-d7e1-43a8-8af7-b4b90b410ce6,13.0,0.0,0.0,Passed,0.5907840728759766
c49760f5-fb14-4fbf-aad5-22be4eccf131,541f11f0-f5fe-4e72-ada3-925991ee15c6,1.0,0.0,0.0,Passed,0.5907840728759766
c49760f5-fb14-4fbf-aad5-22be4eccf131,9a7ab407-66d6-4615-b3ca-1bdd850b0a65,12.0,0.0,0.0,Passed,0.5946025252342224
c49760f5-fb14-4fbf-aad5-22be4eccf131,8f5e9d7a-bc86-44ee-b5d2-aae20d7a3d1d,12.0,0.0,0.0,Passed,0.6058143973350525
c49760f5-fb14-4fbf-aad5-22be4eccf131,206fd008-f7cb-4f7f-b2f2-7846d6b63d95,20.0,0.0,0.0,Failed,0.6133134961128235
