Folder1,Folder2,AST Edit Distance,DFG Edit Distance,PDG Edit Distance,Passed Or Failed,Meteor Score
77080d3d-8f07-4a92-a88a-b48213fdd0ad,a3285058-b218-48d6-8777-4d560ff33e42,42.0,10.0,14.0,Passed,0.2845086898395722
77080d3d-8f07-4a92-a88a-b48213fdd0ad,afe9c7aa-1e9f-4e7c-91d9-4889506604e0,37.0,75.0,116.0,Failed,0.2845086898395722
