Folder1,Folder2,AST Edit Distance,DFG Edit Distance,PDG Edit Distance,Passed Or Failed,Euclidean Distance
51707210-2a2a-4669-a07e-273224672e07,a4365218-4506-4318-be2a-114ae65da582,37.0,66.0,96.0,Passed,0.7987210154533386
51707210-2a2a-4669-a07e-273224672e07,a5591618-6213-4b0f-94c3-815d3ed8b4e7,53.0,72.0,100.0,Passed,0.8334097862243652
51707210-2a2a-4669-a07e-273224672e07,bf3d37ca-5308-4929-84b4-3c1419fce0ef,0.0,0.0,0.0,Passed,0.8339475393295288
51707210-2a2a-4669-a07e-273224672e07,7a39963c-d905-4b8a-9a67-de7eb6f22f31,73.0,178.0,279.0,Failed,0.8397762775421143
