Folder1,Folder2,AST Edit Distance,DFG Edit Distance,PDG Edit Distance,Passed Or Failed,Similarity Score during Execution
c49760f5-fb14-4fbf-aad5-22be4eccf131,b3effa1c-9542-4c5e-aabb-3de371a3a60b,12.0,0.0,0.0,Passed,0.9584137797355652
c49760f5-fb14-4fbf-aad5-22be4eccf131,aa062f0e-f4f9-4d7d-95fe-19022aad4e9a,13.0,0.0,0.0,Passed,0.9096850156784058
c49760f5-fb14-4fbf-aad5-22be4eccf131,fdee6066-d2bb-4f6d-96be-01a7fec71fb1,0.0,0.0,0.0,Passed,0.8815839886665344
c49760f5-fb14-4fbf-aad5-22be4eccf131,82c24534-ee5d-4140-884d-cd26bba74b7a,12.0,0.0,0.0,Passed,0.8809926509857178
c49760f5-fb14-4fbf-aad5-22be4eccf131,5c3a1164-113f-406e-8c5f-21b82ed54055,24.0,0.0,0.0,Failed,0.8442100286483765
