Folder1,Folder2,AST Edit Distance,DFG Edit Distance,PDG Edit Distance,Passed Or Failed,BLEU score
050927c8-ed55-43dc-a43c-cbe23bf0ea64,a51d8cfd-4a06-4133-b4b8-671e2662b86a,File Not Found,File Not Found,File Not Found,Passed,3.5330605506896973
050927c8-ed55-43dc-a43c-cbe23bf0ea64,7851f4d3-046f-4d0c-a39b-e9d0b5a40d50,66.0,0.0,0.0,Passed,0.508132748154615
050927c8-ed55-43dc-a43c-cbe23bf0ea64,cb093a18-909f-4472-a80d-2a6425db16f8,63.0,0.0,0.0,Passed,0.508132748154615
050927c8-ed55-43dc-a43c-cbe23bf0ea64,3747fa0b-f546-4a62-8b73-416d0b9309d2,64.0,0.0,0.0,Passed,0.4570861226391982
050927c8-ed55-43dc-a43c-cbe23bf0ea64,4c14936f-3197-4a70-883f-ecbcdec41a9e,84.0,0.0,0.0,Failed,0.4570861226391982
