Folder1,Folder2,AST Edit Distance,DFG Edit Distance,PDG Edit Distance,Passed Or Failed,ROUGE-2
0795eaa1-ed44-473e-b590-91b62a4db8f4,0fb05dfc-d960-4276-bf70-e5d6c3d38400,0.0,0.0,0.0,Passed,1.0
0795eaa1-ed44-473e-b590-91b62a4db8f4,3f6f6350-378c-4668-a30f-5a0f0f077391,0.0,0.0,0.0,Passed,1.0
0795eaa1-ed44-473e-b590-91b62a4db8f4,a0481af0-f5ae-46d7-96c1-fde6c16736c7,0.0,0.0,0.0,Passed,1.0
0795eaa1-ed44-473e-b590-91b62a4db8f4,d0c902aa-8b36-41eb-8592-f1f1f3425e9c,0.0,0.0,0.0,Passed,1.0
0795eaa1-ed44-473e-b590-91b62a4db8f4,0c9d80f9-483f-4c91-a95c-de305487167f,0.0,0.0,0.0,Passed,0.9310344827586207
0795eaa1-ed44-473e-b590-91b62a4db8f4,262f3f27-1258-4365-a45a-aac87db005d1,0.0,0.0,0.0,Passed,0.9310344827586207
0795eaa1-ed44-473e-b590-91b62a4db8f4,2b8230fa-d6b1-4cca-b4dc-da0c5b444b9f,17.0,1.0,2.0,Failed,0.9310344827586207
