Folder1,Folder2,AST Edit Distance,DFG Edit Distance,PDG Edit Distance,Passed Or Failed,Cosine Similarity
4870d8d6-95ec-409d-9e33-9830f5ac3f81,54aa9a15-df85-46b4-ae36-b86e50795d01,40.0,0.0,0.0,Passed,0.9963735938072205
4870d8d6-95ec-409d-9e33-9830f5ac3f81,a664e518-7055-4ea8-bf78-0eaa88f157d9,14.0,39.0,59.0,Failed,0.9958909153938293
