Folder1,Folder2,AST Edit Distance,DFG Edit Distance,PDG Edit Distance,Passed Or Failed,ROUGE-2
50fbb75f-6e21-4559-8dc7-ed0434921844,6745a9e3-4cac-4b86-83fe-2d7bfef1c36c,2.0,0.0,0.0,Passed,0.9655172413793104
50fbb75f-6e21-4559-8dc7-ed0434921844,b97e2f0c-4266-46d0-88ff-d4f4a00d6fdc,2.0,0.0,0.0,Passed,0.9655172413793104
50fbb75f-6e21-4559-8dc7-ed0434921844,d7640309-9230-4cf2-b785-cd95fcd017bb,2.0,0.0,0.0,Passed,0.9655172413793104
50fbb75f-6e21-4559-8dc7-ed0434921844,f1a885d7-bd0f-4289-90ba-11297021a6f4,2.0,25.0,0.0,Failed,0.9655172413793104
