Folder1,Folder2,AST Edit Distance,DFG Edit Distance,PDG Edit Distance,Passed Or Failed,Meteor Score
c49760f5-fb14-4fbf-aad5-22be4eccf131,e6dd1230-eb4c-4158-a9c2-41d3c2e8f229,38.0,0.0,0.0,Passed,0.3860207100591716
c49760f5-fb14-4fbf-aad5-22be4eccf131,bcf54080-f1a5-4f14-9108-52e232582491,37.0,0.0,0.0,Passed,0.36885268293749013
c49760f5-fb14-4fbf-aad5-22be4eccf131,ea28065c-1edc-4083-b20f-f3f1ad993ddb,40.0,0.0,0.0,Passed,0.3653832494659258
c49760f5-fb14-4fbf-aad5-22be4eccf131,cbd0c136-7edf-434a-adcf-5eb5f2358e0a,41.0,0.0,0.0,Passed,0.360766444295104
c49760f5-fb14-4fbf-aad5-22be4eccf131,96586104-723c-40a5-acc9-fba23f66acbf,41.0,0.0,0.0,Failed,0.34011613721758643
