Folder1,Folder2,AST Edit Distance,DFG Edit Distance,PDG Edit Distance,Passed Or Failed,Cosine Similarity
889fe3e1-a5a2-415c-aa3b-b82d49f5d3f3,eee46e1b-7ae8-40cd-9134-d30d0b1abb51,0.0,0.0,0.0,Passed,0.9894270896911621
889fe3e1-a5a2-415c-aa3b-b82d49f5d3f3,e787ec8e-4ccf-4478-9011-84a8580a8692,0.0,0.0,0.0,Passed,0.9892972111701965
889fe3e1-a5a2-415c-aa3b-b82d49f5d3f3,153197ca-d76e-4c26-a348-eb54b923cf7f,0.0,0.0,0.0,Passed,0.9887727499008179
889fe3e1-a5a2-415c-aa3b-b82d49f5d3f3,3b46706d-eaa4-4af9-8805-a17bf0699d89,0.0,0.0,0.0,Passed,0.9841659069061279
889fe3e1-a5a2-415c-aa3b-b82d49f5d3f3,dd8f92fe-6919-4173-990a-8dafa71c049f,0.0,22.0,28.0,Failed,0.9827086329460144
