Folder1,Folder2,AST Edit Distance,DFG Edit Distance,PDG Edit Distance,Passed Or Failed,ChrF Score
51526200-9444-4c57-899e-0917dc4a077b,118eac04-62bb-4175-8186-39a506daf801,0.0,0.0,0.0,Passed,70.82192906042921
51526200-9444-4c57-899e-0917dc4a077b,2f28ddcf-ba07-4656-b87e-2d1347cc73f2,0.0,0.0,0.0,Passed,70.82192906042921
51526200-9444-4c57-899e-0917dc4a077b,0854966c-adab-4418-ab34-8a8c25971ad1,2.0,0.0,0.0,Passed,70.06983112029305
51526200-9444-4c57-899e-0917dc4a077b,89b24af6-e572-44b8-b362-780da05f74b8,0.0,0.0,0.0,Passed,70.06983112029305
51526200-9444-4c57-899e-0917dc4a077b,5c7109c0-edb4-460c-b7ad-c7d1c800c9f7,0.0,0.0,0.0,Passed,69.08148703823339
51526200-9444-4c57-899e-0917dc4a077b,d5458642-0a8e-4d6c-af5e-9be9a54ef7f6,0.0,0.0,0.0,Passed,69.08148703823339
51526200-9444-4c57-899e-0917dc4a077b,5d86e0bb-b389-4595-834d-97c4eda4beb0,72.0,81.0,97.0,Passed,68.17828648844272
51526200-9444-4c57-899e-0917dc4a077b,7ac31e2f-3d73-44c1-b7d5-f7ac0ef87de9,80.0,89.0,96.0,Passed,68.17828648844272
51526200-9444-4c57-899e-0917dc4a077b,68f03a21-4ae4-4e32-a28a-afe8c759bf82,72.0,236.0,310.0,Failed,66.57498193996545
