Folder1,Folder2,AST Edit Distance,DFG Edit Distance,PDG Edit Distance,Passed Or Failed,ROUGE-2
0f343936-0480-4346-850a-c85b42e2551e,f09b794c-ed2d-4eae-a1b8-67e94d5c898b,8.0,0.0,0.0,Passed,0.7213114754098361
0f343936-0480-4346-850a-c85b42e2551e,23ee9c36-1ce9-4861-afce-2ae88f5124bf,8.0,0.0,0.0,Failed,0.7096774193548386
