Folder1,Folder2,AST Edit Distance,DFG Edit Distance,PDG Edit Distance,Passed Or Failed,ROUGE-2
2bfe82f1-f120-42ee-94a8-e3d93ac7a389,894f2f81-75b3-4596-9a63-ad8a6f8cfdb9,0.0,0.0,0.0,Passed,0.11320754716981131
2bfe82f1-f120-42ee-94a8-e3d93ac7a389,14f93573-2d87-4591-808e-ed2c145c1933,14.0,39.0,60.0,Failed,0.10909090909090909
