Folder1,Folder2,AST Edit Distance,DFG Edit Distance,PDG Edit Distance,Passed Or Failed,BLEU score
40b89aa6-4884-4007-b81f-ed210e79c9e6,917fe518-5456-46bc-9fec-204dc0d62189,5.0,0.0,0.0,Passed,0.388905561152711
40b89aa6-4884-4007-b81f-ed210e79c9e6,dad0d402-f605-46eb-b16d-b50a2b133d50,0.0,0.0,0.0,Passed,0.388905561152711
40b89aa6-4884-4007-b81f-ed210e79c9e6,2fc6e824-0b85-4892-85d0-f5d386493ec5,28.0,106.0,165.0,Failed,0.32702929224554894
