Folder1,Folder2,AST Edit Distance,DFG Edit Distance,PDG Edit Distance,Passed Or Failed,Euclidean Distance
f8229e48-1dd4-4a41-9464-30d24da56c0d,65a3ee52-9319-43de-805c-242335efd895,31,41,60,Passed,0.515110672
f8229e48-1dd4-4a41-9464-30d24da56c0d,9423a8d5-a8c1-4cf0-9ef1-030a96399b04,58,77,114,Failed,0.575425386
