Folder1,Folder2,AST Edit Distance,DFG Edit Distance,PDG Edit Distance,Passed Or Failed,Cosine Similarity
b34132d1-c653-4a27-9341-3bc379a10231,3dde3c5b-7bfa-45d7-bd04-e2c634a1adaf,1.0,0.0,0.0,Passed,0.9970763921737671
b34132d1-c653-4a27-9341-3bc379a10231,776a3171-bb97-4318-b261-e54185baa085,23.0,0.0,0.0,Failed,0.9968437552452087
