Folder1,Folder2,AST Edit Distance,DFG Edit Distance,PDG Edit Distance,Passed Or Failed,Meteor Score
4ca1e60c-9df9-400a-957e-87898a0ab3b9,5938a65a-1b2f-4f40-823b-e646b78fc786,30.0,58.0,87.0,Passed,0.36805968178517195
4ca1e60c-9df9-400a-957e-87898a0ab3b9,ec1cf73e-74a1-4d30-a769-dae43fdfb483,39.0,157.0,224.0,Failed,0.2564662228527775
