Folder1,Folder2,AST Edit Distance,DFG Edit Distance,PDG Edit Distance,Passed Or Failed,Cosine Similarity
bb6be792-887e-4773-a5bc-d73d3e8a944b,255ecedf-e06e-4cd7-afe3-5898da120120,19.0,33.0,66.0,Passed,0.9969287514686584
bb6be792-887e-4773-a5bc-d73d3e8a944b,5ea9c890-577e-418c-95cc-f10efa57b0ed,0.0,33.0,48.0,Passed,0.996832013130188
bb6be792-887e-4773-a5bc-d73d3e8a944b,e5b87c8a-ccf5-47bc-8482-a5f286f342dc,18.0,28.0,40.0,Passed,0.996832013130188
bb6be792-887e-4773-a5bc-d73d3e8a944b,369bdbc6-fdb6-445a-b332-2adb3f03089a,20.0,33.0,52.0,Passed,0.9966340065002441
bb6be792-887e-4773-a5bc-d73d3e8a944b,8c3126bc-b7b7-410b-9072-28c54532c6db,0.0,41.0,46.0,Passed,0.9966340065002441
bb6be792-887e-4773-a5bc-d73d3e8a944b,25a3843b-277c-424c-8da1-625f5d81368d,15.0,85.0,111.0,Failed,0.995846688747406
