Folder1,Folder2,AST Edit Distance,DFG Edit Distance,PDG Edit Distance,Passed Or Failed,Similarity Score during Execution
c49760f5-fb14-4fbf-aad5-22be4eccf131,b591a505-251c-4414-9c97-48239aba3029,38.0,0.0,0.0,Passed,0.9487826228141785
c49760f5-fb14-4fbf-aad5-22be4eccf131,bd1f4e53-aff1-42c4-a04e-71dea1fd3821,37.0,0.0,0.0,Passed,0.9067013263702393
c49760f5-fb14-4fbf-aad5-22be4eccf131,f1c2445c-7616-4f22-bcba-95375128b646,38.0,0.0,0.0,Failed,0.8756992816925049
