Folder1,Folder2,AST Edit Distance,DFG Edit Distance,PDG Edit Distance,Passed Or Failed,BLEU score
b6a983ff-027a-4d9f-b75a-eba75472f373,a3d095a2-2815-43e1-9cd3-cce405cdcc2a,21.0,0.0,0.0,Passed,0.4328015276270855
b6a983ff-027a-4d9f-b75a-eba75472f373,d2e9883f-8024-4daa-9bcb-475406be1b12,36.0,0.0,0.0,Passed,0.4328015276270855
b6a983ff-027a-4d9f-b75a-eba75472f373,78114973-b1ab-46f9-b450-a25252839ebc,36.0,0.0,0.0,Passed,0.3595290285752277
b6a983ff-027a-4d9f-b75a-eba75472f373,afd42b6f-75ad-4fc4-aeae-53e198f039bc,29.0,18.0,27.0,Failed,0.3595290285752277
