Folder1,Folder2,AST Edit Distance,DFG Edit Distance,PDG Edit Distance,Passed Or Failed,Similarity Score during Execution
c49760f5-fb14-4fbf-aad5-22be4eccf131,1e903689-07e5-4451-ac10-969f30a32f5b,13.0,0.0,0.0,Passed,0.9398513436317444
c49760f5-fb14-4fbf-aad5-22be4eccf131,fcd1fa8e-77d3-467d-aed5-e1ee6184d75e,12.0,0.0,0.0,Passed,0.9182752370834351
c49760f5-fb14-4fbf-aad5-22be4eccf131,f3553e8d-33c5-449c-bdd4-793c5311c02b,3.0,0.0,0.0,Passed,0.8651788234710693
c49760f5-fb14-4fbf-aad5-22be4eccf131,ead6a06f-761b-4594-8de2-c63ea9e31c0f,13.0,0.0,0.0,Passed,0.8462010025978088
c49760f5-fb14-4fbf-aad5-22be4eccf131,f34f0615-f002-4c4a-b61a-e73a8ce642da,13.0,0.0,0.0,Passed,0.8438873291015625
c49760f5-fb14-4fbf-aad5-22be4eccf131,d0fed69d-0aa8-4d6f-a3fd-8507e143cf4e,12.0,0.0,0.0,Passed,0.8384546041488647
c49760f5-fb14-4fbf-aad5-22be4eccf131,90f8b0ce-0442-4715-bf38-9ef9bbdbf27f,20.0,0.0,0.0,Failed,0.8357320427894592
