Folder1,Folder2,AST Edit Distance,DFG Edit Distance,PDG Edit Distance,Passed Or Failed,Euclidean Distance
e6a03e70-6220-4999-91f6-c575af1ad0fd,39af54cc-0ec0-4e3e-a940-c0ca1cdab318,0.0,0.0,0.0,Passed,0.40085023641586304
e6a03e70-6220-4999-91f6-c575af1ad0fd,4ca90f4b-d95d-45e6-8e76-2872a08729f0,0.0,0.0,0.0,Passed,0.40085023641586304
e6a03e70-6220-4999-91f6-c575af1ad0fd,077dc4d1-7c55-41c0-bc55-455ca9960444,12.0,0.0,0.0,Failed,0.4811515510082245
