Folder1,Folder2,AST Edit Distance,DFG Edit Distance,PDG Edit Distance,Passed Or Failed,BLEU score
82ba3dac-f3b0-460c-8b63-083725020082,29654b20-461a-43cb-bb0e-7b3f639e328c,23.0,74.0,106.0,Passed,0.18446634567936282
82ba3dac-f3b0-460c-8b63-083725020082,34ee666b-76bd-42cb-86b9-c74d73d7e661,20.0,75.0,114.0,Passed,0.18446634567936282
82ba3dac-f3b0-460c-8b63-083725020082,7a1830ad-e2ca-460a-9422-a9d4490d619a,1.0,66.0,98.0,Passed,0.18446634567936282
82ba3dac-f3b0-460c-8b63-083725020082,85187b10-53a5-423f-9d21-91997a5b4d16,23.0,70.0,102.0,Passed,0.18446634567936282
82ba3dac-f3b0-460c-8b63-083725020082,5180feb0-81e5-49d4-87c7-fa128d60f7ed,0.0,0.0,0.0,Passed,0.17275527065450066
82ba3dac-f3b0-460c-8b63-083725020082,a5bf3e5f-0435-4eaa-a293-ff9cee536c01,17.0,0.0,0.0,Passed,0.17275527065450066
82ba3dac-f3b0-460c-8b63-083725020082,746de6ef-4684-4095-ba56-7aa7a25cdc78,17.0,0.0,0.0,Passed,0.15781578914067182
82ba3dac-f3b0-460c-8b63-083725020082,8b780eab-b23d-4ba2-aed4-08dca2213a2c,23.0,0.0,0.0,Passed,0.15781578914067182
82ba3dac-f3b0-460c-8b63-083725020082,3f39afa1-3cb0-4edd-ae32-076fb9bf6472,20.0,249.0,375.0,Failed,0.14925295834800492
