Folder1,Folder2,AST Edit Distance,DFG Edit Distance,PDG Edit Distance,Passed Or Failed,Similarity Score during Execution
4bc7607e-ac09-43d7-96cf-aba90db5a23e,4c7b2d79-db5d-4491-9172-5efa8130feda,27.0,0.0,0.0,Passed,1.4979861974716187
4bc7607e-ac09-43d7-96cf-aba90db5a23e,193a4141-3bf5-4fcc-8097-55ba8b201825,27.0,0.0,0.0,Passed,1.3987871408462524
4bc7607e-ac09-43d7-96cf-aba90db5a23e,58ddeb3f-abb6-4ac4-bba0-273c0728bac6,27.0,0.0,0.0,Passed,1.2972934246063232
4bc7607e-ac09-43d7-96cf-aba90db5a23e,43eb8055-2427-4dc4-834d-583ddebd0a1e,27.0,0.0,0.0,Passed,1.225653886795044
4bc7607e-ac09-43d7-96cf-aba90db5a23e,fc8afaf7-113f-4237-a59b-a8f45644e98c,27.0,0.0,0.0,Passed,1.1999309062957764
4bc7607e-ac09-43d7-96cf-aba90db5a23e,15ec32b9-09e3-41fc-ad57-6a9b7a613cda,27.0,0.0,0.0,Passed,1.1988744735717773
4bc7607e-ac09-43d7-96cf-aba90db5a23e,4cf6cd48-3286-42b0-aafb-6c82614fe863,27.0,0.0,0.0,Passed,1.1853331327438354
4bc7607e-ac09-43d7-96cf-aba90db5a23e,eb51351f-133b-434e-aff9-398b5291fddc,27.0,0.0,0.0,Passed,1.1784257888793945
4bc7607e-ac09-43d7-96cf-aba90db5a23e,42591076-9d03-48c4-89ac-457e0746e29c,46.0,0.0,0.0,Failed,1.1723788976669312
