Folder1,Folder2,AST Edit Distance,DFG Edit Distance,PDG Edit Distance,Passed Or Failed,Cosine Similarity
b34132d1-c653-4a27-9341-3bc379a10231,079751cc-0931-4d4d-9b14-fc12f57788bf,0.0,0.0,0.0,Passed,0.9970763921737671
b34132d1-c653-4a27-9341-3bc379a10231,25ad6c9c-38c0-4d94-8adc-aa0467406028,23.0,0.0,0.0,Failed,0.9968437552452087
