Folder1,Folder2,AST Edit Distance,DFG Edit Distance,PDG Edit Distance,Passed Or Failed,BLEU score
cb515825-f920-4592-a049-dfae574606dc,4faced7f-f19a-483c-a706-5b8cf0d8609b,0.0,0.0,0.0,Passed,0.5280972216470737
cb515825-f920-4592-a049-dfae574606dc,f1848863-43e0-4acb-8159-1a1c7c217e63,24.0,0.0,0.0,Passed,0.5280972216470737
cb515825-f920-4592-a049-dfae574606dc,f0132e16-8517-4007-b54e-58dfef57f86d,41.0,0.0,0.0,Failed,0.4886965118239958
