Folder1,Folder2,AST Edit Distance,DFG Edit Distance,PDG Edit Distance,Passed Or Failed,ChrF Score
c49760f5-fb14-4fbf-aad5-22be4eccf131,4cc4f1d1-dffd-48c9-bad7-16da702f5acf,0.0,0.0,0.0,Passed,47.674367389330605
c49760f5-fb14-4fbf-aad5-22be4eccf131,a19a495f-539c-4331-a59b-4c080dcdd70a,8.0,0.0,0.0,Passed,47.12180405021712
c49760f5-fb14-4fbf-aad5-22be4eccf131,9497a11e-771a-4913-909c-90f27c2793b6,12.0,0.0,0.0,Failed,46.81537224327849
