Folder1,Folder2,AST Edit Distance,DFG Edit Distance,PDG Edit Distance,Passed Or Failed,Euclidean Distance
e5627bb5-4db6-4121-970f-42d4e8c88c36,42afc7ec-6760-4ae9-9b89-734650ace52b,0.0,0.0,0.0,Passed,0.2604733407497406
e5627bb5-4db6-4121-970f-42d4e8c88c36,d033c960-ba8f-4c89-ae42-92f210bc72c2,1.0,0.0,0.0,Passed,0.2604733407497406
e5627bb5-4db6-4121-970f-42d4e8c88c36,0546f75f-5972-4535-9c94-a242e851e665,26.0,0.0,0.0,Failed,0.26899072527885437
