Folder1,Folder2,AST Edit Distance,DFG Edit Distance,PDG Edit Distance,Passed Or Failed,Meteor Score
c254e163-160c-4beb-a457-965a70ac3788,20aae199-aff5-4b9c-a934-72ddc64ea8d6,0.0,0.0,0.0,Passed,0.8799586776859505
c254e163-160c-4beb-a457-965a70ac3788,a318f061-aa60-4c2e-8791-7f8d918a4b50,1.0,0.0,0.0,Failed,0.8799586776859505
