Folder1,Folder2,AST Edit Distance,DFG Edit Distance,PDG Edit Distance,Passed Or Failed,ChrF Score
6f187edc-8365-4f6e-8c59-b8a0446b1907,12e83619-9b58-4315-bdd8-a428f43a79d0,6.0,0.0,0.0,Passed,80.48813219819733
6f187edc-8365-4f6e-8c59-b8a0446b1907,f7cc7e2a-c13c-4c04-a382-1a359fb6d550,20.0,0.0,0.0,Passed,80.48813219819733
6f187edc-8365-4f6e-8c59-b8a0446b1907,0ba990d7-c643-44c7-b06e-ae9368edef53,20.0,0.0,0.0,Passed,80.159228790614
6f187edc-8365-4f6e-8c59-b8a0446b1907,46ae8b70-4ea3-4bd3-8a4c-d2203b4382de,20.0,0.0,0.0,Passed,80.159228790614
6f187edc-8365-4f6e-8c59-b8a0446b1907,1dcc7914-d9b0-494a-a1e8-f9f1d94989ac,20.0,0.0,0.0,Passed,80.07945952418007
6f187edc-8365-4f6e-8c59-b8a0446b1907,faeff29f-b9ee-4a02-ab73-7f1159b1d096,23.0,0.0,0.0,Failed,80.07945952418007
