Folder1,Folder2,AST Edit Distance,DFG Edit Distance,PDG Edit Distance,Passed Or Failed,ChrF Score
26d0e96c-7b77-4ba8-a267-27883c234695,e1afb48c-82e2-4871-a552-3fa199638bb0,0.0,0.0,0.0,Passed,86.25999304681581
26d0e96c-7b77-4ba8-a267-27883c234695,d0dc1d3c-eaec-412f-9659-80d3c15ec467,58.0,0.0,0.0,Failed,79.79551932400047
