Folder1,Folder2,AST Edit Distance,DFG Edit Distance,PDG Edit Distance,Passed Or Failed,Euclidean Distance
a8bca7fc-37ad-4265-a4e4-35a01967b684,b9c7ad48-6138-4e72-a54e-bb67ac8259d3,18.0,49.0,73.0,Passed,0.2202504724264145
a8bca7fc-37ad-4265-a4e4-35a01967b684,05e50b83-dc1d-4a10-9ac9-f11e6e8f5cd5,14.0,83.0,117.0,Failed,0.23001685738563538
