Folder1,Folder2,AST Edit Distance,DFG Edit Distance,PDG Edit Distance,Passed Or Failed,ROUGE-2
5fc4befd-2c21-4e32-ad75-0f268020b959,3a879f85-8c20-4b17-9912-287936312e43,9.0,57.0,83.0,Passed,0.8235294117647058
5fc4befd-2c21-4e32-ad75-0f268020b959,ac4ad750-3274-4441-a05d-b5b3acfa0b9e,4.0,20.0,33.0,Passed,0.8235294117647058
5fc4befd-2c21-4e32-ad75-0f268020b959,3bb6d811-f5cb-4a08-b5ed-9429464142bf,4.0,20.0,33.0,Passed,0.7647058823529413
5fc4befd-2c21-4e32-ad75-0f268020b959,9be44d8f-89f7-4def-b8ab-210f8b930005,13.0,0.0,0.0,Passed,0.7647058823529413
5fc4befd-2c21-4e32-ad75-0f268020b959,aec23b13-1759-4c70-818e-64612568ed2d,9.0,22.0,35.0,Passed,0.7647058823529413
5fc4befd-2c21-4e32-ad75-0f268020b959,afe5c4d3-f2e4-430f-80ec-cd786ceb462b,5.0,51.0,77.0,Passed,0.7647058823529413
5fc4befd-2c21-4e32-ad75-0f268020b959,43ec89ae-7450-46bf-9d08-3d306bd79592,5.0,47.0,70.0,Passed,0.7272727272727273
5fc4befd-2c21-4e32-ad75-0f268020b959,67e4c16e-a42c-422e-ad1b-ea225ff02f1b,4.0,32.0,47.0,Passed,0.7272727272727273
5fc4befd-2c21-4e32-ad75-0f268020b959,708187e3-09ce-455e-8d47-a75935103303,35.0,69.0,117.0,Failed,0.7272727272727273
