Folder1,Folder2,AST Edit Distance,DFG Edit Distance,PDG Edit Distance,Passed Or Failed,Meteor Score
0532836a-34fc-4a44-b8b7-599d3926c16b,0a97c27b-008c-4ba1-8fcb-341b8d681c50,2.0,0.0,0.0,Passed,0.9472097851689408
0532836a-34fc-4a44-b8b7-599d3926c16b,89a4e688-5309-4042-b05c-a5c388ec632e,2.0,28.0,43.0,Failed,0.9352780193193156
