Folder1,Folder2,AST Edit Distance,DFG Edit Distance,PDG Edit Distance,Passed Or Failed,Meteor Score
5c40abca-66e6-4a94-9ea0-ef29b10ebcce,03e9b049-28d4-4893-ae3c-0ec3565f69c3,0.0,0.0,0.0,Passed,0.7241530983479454
5c40abca-66e6-4a94-9ea0-ef29b10ebcce,112cf409-e171-4b3e-b54e-30210004cf1b,0.0,0.0,0.0,Passed,0.7241530983479454
5c40abca-66e6-4a94-9ea0-ef29b10ebcce,5c95876b-cec1-483c-83b0-62e302da9cec,13.0,22.0,32.0,Failed,0.7241530983479454
