Folder1,Folder2,AST Edit Distance,DFG Edit Distance,PDG Edit Distance,Passed Or Failed,Euclidean Distance
c49760f5-fb14-4fbf-aad5-22be4eccf131,500cfd94-504f-4847-8fc4-7e09eec34cc6,2.0,0.0,0.0,Passed,0.6133134961128235
c49760f5-fb14-4fbf-aad5-22be4eccf131,7c71a7e4-2f51-453f-a720-5a3aa6b2aee6,0.0,0.0,0.0,Passed,0.6191551685333252
c49760f5-fb14-4fbf-aad5-22be4eccf131,cd9e3cf1-bf2d-45fc-922e-6bfb6cff577f,8.0,100.0,0.0,Failed,0.627220869064331
