Folder1,Folder2,AST Edit Distance,DFG Edit Distance,PDG Edit Distance,Passed Or Failed,ROUGE-L
1facb8e7-30fa-4411-8fd7-ead79deddc1f,0fdd16d3-0ec5-4118-b04a-2688c85043f8,5.0,0.0,0.0,Passed,0.85
1facb8e7-30fa-4411-8fd7-ead79deddc1f,b209e6a5-9ca7-4a4a-a588-7a5a429e2451,9.0,0.0,0.0,Passed,0.85
1facb8e7-30fa-4411-8fd7-ead79deddc1f,42b2671c-4ae4-4fb2-b629-2489b19a67c6,8.0,0.0,0.0,Passed,0.8205128205128205
1facb8e7-30fa-4411-8fd7-ead79deddc1f,836281c7-960e-435b-9613-578333d07037,4.0,0.0,0.0,Passed,0.8205128205128205
1facb8e7-30fa-4411-8fd7-ead79deddc1f,131233dd-d99e-4872-9d02-59ec24a41cc4,9.0,76.0,127.0,Failed,0.7999999999999999
