Folder1,Folder2,AST Edit Distance,DFG Edit Distance,PDG Edit Distance,Passed Or Failed,Euclidean Distance
ac63d312-978f-4e66-9219-e15aefd2465a,b81c11d9-defb-4b31-8792-ab7e1897793d,31.0,12.0,21.0,Passed,0.28278955817222595
ac63d312-978f-4e66-9219-e15aefd2465a,20dc02b9-1d9c-405c-85a5-6dc7b6b5a182,35.0,47.0,67.0,Failed,0.309070348739624
