Folder1,Folder2,AST Edit Distance,DFG Edit Distance,PDG Edit Distance,Passed Or Failed,ChrF Score
26563800-2f28-482b-8dad-705f2c6f3970,293160be-3931-47a8-b347-1a4ed2ad2a85,29.0,0.0,0.0,Passed,70.13765689913353
26563800-2f28-482b-8dad-705f2c6f3970,1826596f-3902-4706-aa95-a2ee367fc80a,38.0,0.0,0.0,Failed,70.09733571284559
