Folder1,Folder2,AST Edit Distance,DFG Edit Distance,PDG Edit Distance,Passed Or Failed,ROUGE-2
e2277ad9-9f56-4336-807f-d451c26271c5,146572ed-0e10-4899-9c35-6e883341cec3,26.0,37.0,46.0,Passed,0.8333333333333334
e2277ad9-9f56-4336-807f-d451c26271c5,64de58c6-523b-41ca-84df-509ad5b0ea25,2.0,29.0,38.0,Passed,0.8333333333333334
e2277ad9-9f56-4336-807f-d451c26271c5,cbcc8385-6706-40a2-9fd2-c03e98ab09c8,0.0,0.0,0.0,Passed,0.8333333333333334
e2277ad9-9f56-4336-807f-d451c26271c5,dc623e8a-3dff-40f3-b4cc-96298d84f558,0.0,35.0,41.0,Passed,0.8333333333333334
e2277ad9-9f56-4336-807f-d451c26271c5,02b18e7d-db6e-4edb-abcf-75d7db509535,41.0,90.0,136.0,Failed,0.7777777777777777
