Folder1,Folder2,AST Edit Distance,DFG Edit Distance,PDG Edit Distance,Passed Or Failed,Cosine Similarity
88765076-8a0e-4dcf-86db-d9c292e1c619,4ffc3e1a-a352-44ef-ba67-76e3e48c58ca,17.0,0.0,0.0,Passed,0.9913415908813477
88765076-8a0e-4dcf-86db-d9c292e1c619,826d974d-560e-424c-9b0a-d7bb1b971a79,8.0,0.0,0.0,Passed,0.9913415908813477
88765076-8a0e-4dcf-86db-d9c292e1c619,3ba1056f-dc4e-42cd-a7a7-d46dbaa577da,14.0,28.0,43.0,Failed,0.9912214279174805
