Folder1,Folder2,AST Edit Distance,DFG Edit Distance,PDG Edit Distance,Passed Or Failed,Similarity Score during Execution
050927c8-ed55-43dc-a43c-cbe23bf0ea64,cb093a18-909f-4472-a80d-2a6425db16f8,63.0,0.0,0.0,Passed,1.2907902002334595
050927c8-ed55-43dc-a43c-cbe23bf0ea64,c5ec0931-3aa3-4f12-b463-dda50ca58bb2,66.0,0.0,0.0,Passed,1.275577425956726
050927c8-ed55-43dc-a43c-cbe23bf0ea64,3747fa0b-f546-4a62-8b73-416d0b9309d2,64.0,0.0,0.0,Passed,1.2697707414627075
050927c8-ed55-43dc-a43c-cbe23bf0ea64,bb454072-17cf-4a8a-a70d-a39f5db1b96a,81.0,0.0,0.0,Passed,1.2448681592941284
050927c8-ed55-43dc-a43c-cbe23bf0ea64,7851f4d3-046f-4d0c-a39b-e9d0b5a40d50,66.0,0.0,0.0,Passed,1.2293429374694824
050927c8-ed55-43dc-a43c-cbe23bf0ea64,4c14936f-3197-4a70-883f-ecbcdec41a9e,84.0,0.0,0.0,Failed,1.2218289375305176
