Folder1,Folder2,AST Edit Distance,DFG Edit Distance,PDG Edit Distance,Passed Or Failed,ROUGE-L
1ea56590-e9fb-4c0d-8b26-71296a16f99f,0130b835-2a17-4a9c-b946-b9a647ba401a,20.0,0.0,0.0,Passed,0.7722772277227722
1ea56590-e9fb-4c0d-8b26-71296a16f99f,089e1d25-e1bc-4a6e-adee-09e3c0d43956,26.0,0.0,0.0,Failed,0.7722772277227722
