Folder1,Folder2,AST Edit Distance,DFG Edit Distance,PDG Edit Distance,Passed Or Failed,Meteor Score
c0d5d2f0-ad34-4160-954c-cdbd7f419c66,22e3dc1e-6fc8-4413-b553-f4b3193fe715,0.0,0.0,0.0,Passed,0.7557837949994812
c0d5d2f0-ad34-4160-954c-cdbd7f419c66,920e6fca-509c-43d6-9df7-60dcbc59c947,22.0,39.0,57.0,Passed,0.7557837949994812
c0d5d2f0-ad34-4160-954c-cdbd7f419c66,c25d1819-26d0-4cf6-8ec1-5f40256dc177,32.0,49.0,66.0,Passed,0.7557837949994812
c0d5d2f0-ad34-4160-954c-cdbd7f419c66,e057d5fb-3f8a-424e-8108-09bfa28ad00f,37.0,52.0,66.0,Failed,0.7557837949994812
