Folder1,Folder2,AST Edit Distance,DFG Edit Distance,PDG Edit Distance,Passed Or Failed,Similarity Score during Execution
63bac013-600d-4a45-820f-17ecb5c1ee4b,b057b840-7143-4fd3-9f8b-f9168e29d303,0.0,0.0,0.0,Passed,1.2853004932403564
63bac013-600d-4a45-820f-17ecb5c1ee4b,16e04415-2c85-446a-8a60-f3454d0e42e3,0.0,0.0,0.0,Passed,1.2662159204483032
63bac013-600d-4a45-820f-17ecb5c1ee4b,63f71df3-515a-4587-91fe-1c72a6503ef0,0.0,0.0,0.0,Passed,1.1648602485656738
63bac013-600d-4a45-820f-17ecb5c1ee4b,cd23d256-9bf8-4a08-b5f9-6f9ea70865e7,0.0,0.0,0.0,Passed,1.099056363105774
63bac013-600d-4a45-820f-17ecb5c1ee4b,ba6050b5-0fca-4380-9a60-2149f14b37b1,0.0,0.0,0.0,Passed,1.0723176002502441
63bac013-600d-4a45-820f-17ecb5c1ee4b,e14d4bdf-c8db-4800-a7fa-84b27a36255a,23.0,35.0,51.0,Failed,1.067747712135315
