Folder1,Folder2,AST Edit Distance,DFG Edit Distance,PDG Edit Distance,Passed Or Failed,BLEU score
21e6c41c-c9c7-480e-a3c4-7d9bfb0d2765,fdc4f16d-c3ad-4941-a2b7-28afae3e93d3,38.0,0.0,0.0,Passed,0.7910350788562233
21e6c41c-c9c7-480e-a3c4-7d9bfb0d2765,4e6c665c-0564-48fb-9ac7-3e536713c4ac,67.0,0.0,0.0,Failed,0.7838756540325348
