Folder1,Folder2,AST Edit Distance,DFG Edit Distance,PDG Edit Distance,Passed Or Failed,ChrF Score
c72d4d53-ab06-457e-84e4-0109e0537dad,155c08dc-5584-4ddd-bcde-738143097082,22.0,0.0,0.0,Passed,79.53358662287961
c72d4d53-ab06-457e-84e4-0109e0537dad,53029952-28bf-458a-81a6-d07862106187,23.0,0.0,0.0,Failed,79.53358662287961
