Folder1,Folder2,AST Edit Distance,DFG Edit Distance,PDG Edit Distance,Passed Or Failed,Similarity Score during Execution
e6a03e70-6220-4999-91f6-c575af1ad0fd,e02d8ff1-99b0-4969-ab61-534f6b95a669,28.0,25.0,40.0,Passed,3.7615443301632285
e6a03e70-6220-4999-91f6-c575af1ad0fd,e16be8ef-2ddd-41df-8386-c55aa570d4c2,4.0,18.0,23.0,Passed,3.423668726591233
e6a03e70-6220-4999-91f6-c575af1ad0fd,aba67970-c286-4b31-97d4-10eea844bc9e,12.0,16.0,24.0,Passed,2.8540627017096507
e6a03e70-6220-4999-91f6-c575af1ad0fd,65f017b4-330f-4ffa-b325-4b17fe2eb00c,18.0,28.0,51.0,Failed,2.538211660102786
