Folder1,Folder2,AST Edit Distance,DFG Edit Distance,PDG Edit Distance,Passed Or Failed,Meteor Score
8204dad1-5719-4f07-9466-d050807b4b64,7c294a6c-cb6a-408c-b080-1dd96266491a,1.0,0.0,0.0,Passed,0.8845790315544569
8204dad1-5719-4f07-9466-d050807b4b64,d9dac6aa-6081-46dd-9256-ab684953467c,1.0,0.0,0.0,Passed,0.8845790315544569
8204dad1-5719-4f07-9466-d050807b4b64,0d5f388a-5943-4e9e-917e-a132f81e5446,6.0,0.0,0.0,Failed,0.8458359821996186
