Folder1,Folder2,AST Edit Distance,DFG Edit Distance,PDG Edit Distance,Passed Or Failed,BLEU score
2864aee3-f444-4ddb-9cee-3cbd0aeca0b9,05fa6182-578f-46bf-a541-daf3a16b7adf,53.0,79.0,114.0,Passed,0.09932963116689855
2864aee3-f444-4ddb-9cee-3cbd0aeca0b9,497e5851-5b8c-4243-836e-c74d61dd0f14,63.0,74.0,112.0,Passed,0.09932963116689855
2864aee3-f444-4ddb-9cee-3cbd0aeca0b9,b229d84d-1ebb-4603-b683-2d9a13c1f3f9,32.0,0.0,0.0,Passed,0.09932963116689855
2864aee3-f444-4ddb-9cee-3cbd0aeca0b9,cdf5b64a-9435-4fae-a303-370684ad0310,45.0,124.0,186.0,Failed,0.09932963116689855
