Folder1,Folder2,AST Edit Distance,DFG Edit Distance,PDG Edit Distance,Passed Or Failed,Cosine Similarity
ea64bed6-a9d1-4011-b497-5bda00427d07,d24de050-aa81-4a6d-ac73-dc7d39973cbf,30.0,0.0,0.0,Passed,1.0000001192092896
ea64bed6-a9d1-4011-b497-5bda00427d07,506cffdb-0b4b-4ced-ad8e-ebc02e8117d9,42.0,0.0,0.0,Passed,0.9997107982635498
ea64bed6-a9d1-4011-b497-5bda00427d07,d0c1f12c-bb4e-4981-bb34-4961bc9ef0f3,70.0,0.0,0.0,Passed,0.9996025562286377
ea64bed6-a9d1-4011-b497-5bda00427d07,0eeb7261-868d-4a62-a46f-c2634a2f88b5,79.0,0.0,0.0,Passed,0.9993003010749817
ea64bed6-a9d1-4011-b497-5bda00427d07,fccd24d1-ad84-42fd-9ac3-d94424fc4bc4,21.0,0.0,0.0,Passed,0.9992719292640686
ea64bed6-a9d1-4011-b497-5bda00427d07,76da8e94-3721-4a0f-a7db-ab46c96ee049,21.0,0.0,0.0,Passed,0.9991851449012756
ea64bed6-a9d1-4011-b497-5bda00427d07,53746970-38d6-4568-ab8b-0b65c241f53e,55.0,0.0,0.0,Passed,0.9991299510002136
ea64bed6-a9d1-4011-b497-5bda00427d07,93cdefa7-017f-4747-97da-df78fd24156f,46.0,0.0,0.0,Passed,0.9988184571266174
ea64bed6-a9d1-4011-b497-5bda00427d07,90544cc5-8d06-4845-8640-2ac020050d14,90.0,95.0,158.0,Failed,0.9985175728797913
