Folder1,Folder2,AST Edit Distance,DFG Edit Distance,PDG Edit Distance,Passed Or Failed,ROUGE-L
fd60bd6a-8ab6-420c-9d96-917a6e46dc62,78ccd483-aec9-4e79-ae6f-ebda19d79c31,32.0,0.0,0.0,Passed,0.8999999999999999
fd60bd6a-8ab6-420c-9d96-917a6e46dc62,f9ff3892-4bd9-4cea-b0ea-9c4ce96ac37b,32.0,0.0,0.0,Passed,0.8999999999999999
fd60bd6a-8ab6-420c-9d96-917a6e46dc62,e81f2d0e-680e-4fcc-803b-f0aa8620bc0f,42.0,0.0,0.0,Failed,0.8833333333333333
