Folder1,Folder2,AST Edit Distance,DFG Edit Distance,PDG Edit Distance,Passed Or Failed,Meteor Score
06ab4885-3456-4426-9952-9324a809f44b,9f8ab06c-33a3-472b-9f4c-94d9e9d8b08a,7.0,0.0,0.0,Passed,0.7818381430363865
06ab4885-3456-4426-9952-9324a809f44b,7f338f78-6d89-4e95-b6a4-f441c5abbd3e,8.0,0.0,0.0,Passed,0.7790796909308345
06ab4885-3456-4426-9952-9324a809f44b,2017ef5b-bf82-4357-89da-82dcb12f9fb6,8.0,0.0,0.0,Passed,0.776091495451694
06ab4885-3456-4426-9952-9324a809f44b,354f2fa2-5113-4778-a6ac-3f1f8e7942e6,21.0,0.0,0.0,Passed,0.776091495451694
06ab4885-3456-4426-9952-9324a809f44b,35771843-9a35-4844-9f88-31426a29e655,8.0,0.0,0.0,Passed,0.776091495451694
06ab4885-3456-4426-9952-9324a809f44b,47cc748e-46a3-4d01-815f-f6d89194f727,21.0,0.0,0.0,Passed,0.776091495451694
06ab4885-3456-4426-9952-9324a809f44b,6d3b75ea-9d15-414b-a9e3-2529c52a0d54,21.0,0.0,0.0,Passed,0.776091495451694
06ab4885-3456-4426-9952-9324a809f44b,844d1568-9ca5-43aa-b76b-c3ea46a4a3dc,28.0,0.0,0.0,Failed,0.776091495451694
