Folder1,Folder2,AST Edit Distance,DFG Edit Distance,PDG Edit Distance,Passed Or Failed,ChrF Score
f4e7ea28-7866-465e-85f1-e68e845ce5f9,07c6fd9d-faab-4149-ae25-f86ecba8945c,22.0,29.0,58.0,Passed,78.9010561056704
f4e7ea28-7866-465e-85f1-e68e845ce5f9,bc5b9cd1-8d70-47d9-948b-a17b7fe10e2e,33.0,88.0,153.0,Failed,78.9010561056704
