Folder1,Folder2,AST Edit Distance,DFG Edit Distance,PDG Edit Distance,Passed Or Failed,Euclidean Distance
51526200-9444-4c57-899e-0917dc4a077b,5d86e0bb-b389-4595-834d-97c4eda4beb0,72.0,81.0,97.0,Passed,0.4938947260379791
51526200-9444-4c57-899e-0917dc4a077b,7ac31e2f-3d73-44c1-b7d5-f7ac0ef87de9,72.0,236.0,310.0,Failed,0.4938947260379791
