Folder1,Folder2,AST Edit Distance,DFG Edit Distance,PDG Edit Distance,Passed Or Failed,Cosine Similarity
6de1a2a0-df7c-4d43-91f7-17f59e47ccdf,610cb109-05f8-4f49-b928-c5c7927321ab,15.0,53.0,67.0,Passed,0.9976199865341187
6de1a2a0-df7c-4d43-91f7-17f59e47ccdf,d57c1b80-8c4b-4e81-9317-aece6089efa4,14.0,91.0,125.0,Passed,0.9976199865341187
6de1a2a0-df7c-4d43-91f7-17f59e47ccdf,15df4291-1b9f-4703-b217-04c4cc9028db,9.0,0.0,0.0,Passed,0.9973060488700867
6de1a2a0-df7c-4d43-91f7-17f59e47ccdf,a5130050-8200-4480-ae01-bd500369ba68,0.0,0.0,0.0,Passed,0.9973060488700867
6de1a2a0-df7c-4d43-91f7-17f59e47ccdf,e2f62483-51f5-42bc-81c9-09b07bf8725e,7.0,0.0,0.0,Passed,0.9967461824417114
6de1a2a0-df7c-4d43-91f7-17f59e47ccdf,3ee5fa54-6ff3-4d56-a998-03a9b0c5a08d,5.0,0.0,0.0,Passed,0.9963871836662292
6de1a2a0-df7c-4d43-91f7-17f59e47ccdf,6ad9a304-cd91-4b98-87e7-fc0b76024fb6,1.0,0.0,0.0,Passed,0.9963871836662292
6de1a2a0-df7c-4d43-91f7-17f59e47ccdf,06b53250-4af4-49c9-896f-a67d7301ec5f,33.0,83.0,132.0,Failed,0.995483934879303
