Folder1,Folder2,AST Edit Distance,DFG Edit Distance,PDG Edit Distance,Passed Or Failed,ROUGE-2
91cc6c21-60fd-4ef8-8705-a7b1c788d41d,5947358f-6efa-4f38-8fe9-17322e6a7df1,0.0,0.0,0.0,Passed,0.8235294117647058
91cc6c21-60fd-4ef8-8705-a7b1c788d41d,72b1a2e5-5ed5-4ce4-8e64-49f279fcc4ad,11.0,0.0,0.0,Passed,0.8235294117647058
91cc6c21-60fd-4ef8-8705-a7b1c788d41d,6ba98a45-2a06-4962-a525-b199c4312e84,0.0,0.0,0.0,Passed,0.7647058823529413
91cc6c21-60fd-4ef8-8705-a7b1c788d41d,7b374843-a35e-4968-befd-35bf815c3820,62.0,79.0,133.0,Failed,0.7647058823529413
