Folder1,Folder2,AST Edit Distance,DFG Edit Distance,PDG Edit Distance,Passed Or Failed,BLEU score
c72d4d53-ab06-457e-84e4-0109e0537dad,2b2af37a-1854-4904-9381-004a983c9c2b,0.0,0.0,0.0,Passed,0.4858557088232157
c72d4d53-ab06-457e-84e4-0109e0537dad,833a92b3-a1b1-44bd-83a6-af8bffac42e0,22.0,0.0,0.0,Failed,0.4858557088232157
