Folder1,Folder2,AST Edit Distance,DFG Edit Distance,PDG Edit Distance,Passed Or Failed,Cosine Similarity
7afffde8-b9f8-4895-b07d-6acc811a9a24,0ba55c1b-89dc-4be4-b339-8ecffb86bb1c,1.0,0.0,0.0,Passed,0.9970348477363586
7afffde8-b9f8-4895-b07d-6acc811a9a24,2b7560cb-cb28-4bbd-80c0-a678698c33ab,0.0,0.0,0.0,Passed,0.9960852265357971
7afffde8-b9f8-4895-b07d-6acc811a9a24,3c2ec171-3340-41be-a4a1-3a9ed8ee90b8,0.0,0.0,0.0,Passed,0.9960818886756897
7afffde8-b9f8-4895-b07d-6acc811a9a24,d1fe2773-c6a0-48c0-97e6-9506e3c1e98c,0.0,0.0,0.0,Passed,0.9960311055183411
7afffde8-b9f8-4895-b07d-6acc811a9a24,72f3ee20-1ec7-4497-b456-94a1045b4626,0.0,0.0,0.0,Passed,0.9958813786506653
7afffde8-b9f8-4895-b07d-6acc811a9a24,9b6cab58-8119-49e8-9725-16bac983df83,7.0,0.0,0.0,Failed,0.9958669543266296
