Folder1,Folder2,AST Edit Distance,DFG Edit Distance,PDG Edit Distance,Passed Or Failed,Cosine Similarity
6944420a-e474-4268-8b9a-1051b330901c,05acc5ef-4781-4a6c-9aef-ef2876b7b791,0.0,0.0,0.0,Passed,0.9930376410484314
6944420a-e474-4268-8b9a-1051b330901c,ce890f29-8e30-4493-ba70-a822dd8f33a0,10.0,4.0,7.0,Passed,0.9930376410484314
6944420a-e474-4268-8b9a-1051b330901c,358c8096-8f03-4de8-80ab-0bd6923bb2a7,8.0,0.0,0.0,Passed,0.9928665161132812
6944420a-e474-4268-8b9a-1051b330901c,81ebcd67-8aad-4054-9622-b7e05e4ceab8,0.0,0.0,0.0,Passed,0.9928665161132812
6944420a-e474-4268-8b9a-1051b330901c,beb19a59-9e61-49ec-842b-d60ca5dc5631,19.0,5.0,9.0,Passed,0.9928665161132812
6944420a-e474-4268-8b9a-1051b330901c,c67738ab-212a-477d-a256-8698615b6e4e,30.0,65.0,101.0,Failed,0.9928665161132812
