Folder1,Folder2,AST Edit Distance,DFG Edit Distance,PDG Edit Distance,Passed Or Failed,Cosine Similarity
8993edf3-6707-4056-9e2d-025b21e553c6,0d484e8c-7673-4ade-b46a-faa668f247a3,14.0,0.0,0.0,Passed,0.9888433814048767
8993edf3-6707-4056-9e2d-025b21e553c6,7c88b246-351f-4667-a366-e02acd431d01,14.0,0.0,0.0,Passed,0.987472653388977
8993edf3-6707-4056-9e2d-025b21e553c6,dffe584a-8454-458b-b12c-536172803fff,14.0,0.0,0.0,Passed,0.987472653388977
8993edf3-6707-4056-9e2d-025b21e553c6,890e99eb-6c36-4cb8-909d-b3f7649b33c5,14.0,0.0,0.0,Passed,0.9864763021469116
8993edf3-6707-4056-9e2d-025b21e553c6,f7140706-a1c4-4786-9a1c-8481cc952d29,14.0,0.0,0.0,Passed,0.9864763021469116
8993edf3-6707-4056-9e2d-025b21e553c6,d10a568c-f8ab-42f7-8841-806027f40548,14.0,0.0,0.0,Passed,0.985987663269043
8993edf3-6707-4056-9e2d-025b21e553c6,ec8c6e17-e65d-4f93-b2a3-3c86a3ddb3dc,14.0,0.0,0.0,Passed,0.985987663269043
8993edf3-6707-4056-9e2d-025b21e553c6,9abe3863-b129-4824-8c17-2622853d3f6d,14.0,0.0,0.0,Failed,0.985846757888794
