Folder1,Folder2,AST Edit Distance,DFG Edit Distance,PDG Edit Distance,Passed Or Failed,Euclidean Distance
6d702183-1cae-40fe-bd0c-c42dfa268893,b218cea6-e554-4086-a774-a1eaa6e3dd07,0.0,0.0,0.0,Passed,0.0
6d702183-1cae-40fe-bd0c-c42dfa268893,7d90dc05-60ca-4cf4-928e-2a2efd1d930f,0.0,0.0,0.0,Passed,0.2968986928462982
6d702183-1cae-40fe-bd0c-c42dfa268893,9a2d468a-3813-4eae-9f22-7c9a599aaba8,26.0,0.0,0.0,Passed,0.40829038619995117
6d702183-1cae-40fe-bd0c-c42dfa268893,75128185-fed2-4de3-a4b0-133c29dcf732,22.0,0.0,0.0,Passed,0.7857024669647217
6d702183-1cae-40fe-bd0c-c42dfa268893,091231f3-ef8c-481e-8e17-e5b1ad302fb8,20.0,21.0,34.0,Failed,0.8681502342224121
