Folder1,Folder2,AST Edit Distance,DFG Edit Distance,PDG Edit Distance,Passed Or Failed,BLEU score
75c27bbf-71df-438c-9b5a-fe95e1cb31e0,ac72f294-e106-4b20-a964-caf012d061ce,36.0,0.0,0.0,Passed,0.5303784722436514
75c27bbf-71df-438c-9b5a-fe95e1cb31e0,e94fe9cc-5771-4669-89b8-b93759ad7c50,42.0,0.0,0.0,Passed,0.5303784722436514
75c27bbf-71df-438c-9b5a-fe95e1cb31e0,70b4696d-5940-4768-bd8c-fe611ba9a134,61.0,0.0,0.0,Failed,0.45869538998376264
