Folder1,Folder2,AST Edit Distance,DFG Edit Distance,PDG Edit Distance,Passed Or Failed,Meteor Score
5db4dfa6-4a60-459a-bf45-a0122cd433aa,20ae356b-d1a7-4455-aa20-612a0ac823c7,0.0,12.0,18.0,Passed,0.9189072290283363
5db4dfa6-4a60-459a-bf45-a0122cd433aa,4431fc2f-b3c8-49d7-8dc3-39aae2729fda,0.0,0.0,0.0,Passed,0.9189072290283363
5db4dfa6-4a60-459a-bf45-a0122cd433aa,97656f84-3f17-4f5d-b036-2ff1cf992e62,0.0,18.0,27.0,Failed,0.9189072290283363
