Folder1,Folder2,AST Edit Distance,DFG Edit Distance,PDG Edit Distance,Passed Or Failed,Euclidean Distance
133d0796-ef7a-43b7-a760-1455eac61958,dbe9856c-1182-4af7-b0ee-e24b8b4e46b0,2.0,0.0,0.0,Passed,0.21531572937965393
133d0796-ef7a-43b7-a760-1455eac61958,89393aae-91d2-44fc-8917-e5ef8f138faa,2.0,0.0,0.0,Passed,0.2158907800912857
133d0796-ef7a-43b7-a760-1455eac61958,dccccf36-29fd-45c1-bc26-1c8bc515c3d8,2.0,0.0,0.0,Passed,0.22900435328483582
133d0796-ef7a-43b7-a760-1455eac61958,05611173-036b-4115-9756-6a3ef5fab312,0.0,6.0,9.0,Failed,0.241088405251503
