Folder1,Folder2,AST Edit Distance,DFG Edit Distance,PDG Edit Distance,Passed Or Failed,BLEU score
77080d3d-8f07-4a92-a88a-b48213fdd0ad,7a32484b-c85b-4fce-9d0e-2ec57c7ce3a7,48.0,41.0,62.0,Passed,0.1169237773543333
77080d3d-8f07-4a92-a88a-b48213fdd0ad,9ea66c77-9bff-471b-9b8e-af628084e280,37.0,75.0,116.0,Failed,0.10793425015705661
