Folder1,Folder2,AST Edit Distance,DFG Edit Distance,PDG Edit Distance,Passed Or Failed,Euclidean Distance
0fac9ada-839c-4936-89ad-46e0ab929c20,af74f21c-bfac-43a4-9e0f-b8528a93977f,32.0,0.0,0.0,Passed,0.19087184965610504
0fac9ada-839c-4936-89ad-46e0ab929c20,ce1d5b8e-ca8b-4aae-a10c-c6557a2b3a05,0.0,0.0,0.0,Passed,0.19087184965610504
0fac9ada-839c-4936-89ad-46e0ab929c20,f1ead151-739c-4f71-8d45-c103967e04ab,33.0,0.0,0.0,Failed,0.21190765500068665
