Folder1,Folder2,AST Edit Distance,DFG Edit Distance,PDG Edit Distance,Passed Or Failed,Similarity Score during Execution
77080d3d-8f07-4a92-a88a-b48213fdd0ad,be08c28a-9e57-4757-ba42-a0f4bed573d7,47,47,72,Passed,1.215423703
77080d3d-8f07-4a92-a88a-b48213fdd0ad,0b195996-e6bb-4cd1-b842-6ed4d03f3977,33,20,32,Passed,1.208311915
77080d3d-8f07-4a92-a88a-b48213fdd0ad,6c6eae6b-29c4-4f5d-8637-ad60aa7cfe3c,23,37,58,Passed,1.182298779
77080d3d-8f07-4a92-a88a-b48213fdd0ad,43d8c27d-af09-45cd-825e-11c3f6ca8681,19,85,122,Failed,1.164598227
