Folder1,Folder2,AST Edit Distance,DFG Edit Distance,PDG Edit Distance,Passed Or Failed,ChrF Score
b34132d1-c653-4a27-9341-3bc379a10231,19756c2a-f6ab-44d6-9c2f-6f8975b834a8,0.0,0.0,0.0,Passed,57.69702233381771
b34132d1-c653-4a27-9341-3bc379a10231,0c3553b0-cd97-43da-9293-3130ecef490d,23.0,0.0,0.0,Failed,57.63421218710684
