Folder1,Folder2,AST Edit Distance,DFG Edit Distance,PDG Edit Distance,Passed Or Failed,ROUGE-L
4ca1e60c-9df9-400a-957e-87898a0ab3b9,6534a2ad-9be2-47b0-be73-fce9f5a608e5,0.0,0.0,0.0,Passed,0.7999999999999999
4ca1e60c-9df9-400a-957e-87898a0ab3b9,fd90d3be-9fbb-40c2-a844-15622867d8be,1.0,0.0,0.0,Passed,0.7999999999999999
4ca1e60c-9df9-400a-957e-87898a0ab3b9,28388217-6425-4fbc-8675-83b3306db099,1.0,0.0,0.0,Passed,0.7692307692307693
4ca1e60c-9df9-400a-957e-87898a0ab3b9,4e3c87ef-86af-4599-b1c3-1f0ebc933527,2.0,0.0,0.0,Failed,0.7692307692307693
