Folder1,Folder2,AST Edit Distance,DFG Edit Distance,PDG Edit Distance,Passed Or Failed,Euclidean Distance
a06a5d50-a583-447a-8fdd-110a1ac538af,17d27347-a145-4563-8f2c-14906557764b,0.0,0.0,0.0,Passed,0.19111500680446625
a06a5d50-a583-447a-8fdd-110a1ac538af,dca5d301-3149-4b71-a1dc-387f761c7ad5,0.0,0.0,0.0,Passed,0.19111500680446625
a06a5d50-a583-447a-8fdd-110a1ac538af,dccf9ebe-f249-42c9-a6ba-2a1d2989d502,45.0,0.0,0.0,Failed,0.20082896947860718
