Folder1,Folder2,AST Edit Distance,DFG Edit Distance,PDG Edit Distance,Passed Or Failed,Similarity Score during Execution
889fe3e1-a5a2-415c-aa3b-b82d49f5d3f3,3c1fd3ca-ecf2-4d2e-9c70-1a5bb8dfd000,10.0,73.0,89.0,Passed,1.2690907716751099
889fe3e1-a5a2-415c-aa3b-b82d49f5d3f3,3a48b820-cd54-4c42-b192-4bf2f08a663a,11.0,45.0,49.0,Passed,1.2596970796585083
889fe3e1-a5a2-415c-aa3b-b82d49f5d3f3,3b09c6cd-b2b4-41ab-82b2-bf21efcca951,9.0,43.0,51.0,Passed,1.051084280014038
889fe3e1-a5a2-415c-aa3b-b82d49f5d3f3,4db91eea-8c5c-4276-8552-c21cc55ec17f,9.0,95.0,121.0,Failed,1.002880334854126
