Folder1,Folder2,AST Edit Distance,DFG Edit Distance,PDG Edit Distance,Passed Or Failed,BLEU score
5c40abca-66e6-4a94-9ea0-ef29b10ebcce,4a16a278-d244-4f26-b450-0cdefc7449aa,29.0,0.0,0.0,Passed,0.501310627231278
5c40abca-66e6-4a94-9ea0-ef29b10ebcce,9ae6bec1-800d-4a5a-941f-23d627e16996,28.0,0.0,0.0,Passed,0.501310627231278
5c40abca-66e6-4a94-9ea0-ef29b10ebcce,eed69d71-46d2-48cd-ae50-fac955ca669b,31.0,0.0,0.0,Passed,0.501310627231278
5c40abca-66e6-4a94-9ea0-ef29b10ebcce,c51882a1-0601-47d7-8112-af0d57104279,28.0,0.0,0.0,Passed,0.49210835714870726
5c40abca-66e6-4a94-9ea0-ef29b10ebcce,ce3113c6-0aff-4da5-89ba-304dbee83531,30.0,0.0,0.0,Passed,0.49210835714870726
5c40abca-66e6-4a94-9ea0-ef29b10ebcce,1ee510e0-681f-4ca1-b02d-3f553741b957,28.0,0.0,0.0,Passed,0.45125959759490053
5c40abca-66e6-4a94-9ea0-ef29b10ebcce,6564042a-0ce7-485c-9669-96aefe4526fc,6.0,33.0,38.0,Failed,0.45125959759490053
