Folder1,Folder2,AST Edit Distance,DFG Edit Distance,PDG Edit Distance,Passed Or Failed,Euclidean Distance
ccb2f531-e099-436a-a756-9ba2d51c36e8,178b2943-426f-4465-9119-716856120c2d,0.0,0.0,0.0,Passed,1.168243646621704
ccb2f531-e099-436a-a756-9ba2d51c36e8,77a68a29-907c-4ac3-9fdc-cda6c3e5b9d3,8.0,0.0,0.0,Failed,1.168243646621704
