Folder1,Folder2,AST Edit Distance,DFG Edit Distance,PDG Edit Distance,Passed Or Failed,ChrF Score
4bc7607e-ac09-43d7-96cf-aba90db5a23e,45b57bf3-0482-471d-82eb-e99b5e676b1a,27.0,0.0,0.0,Passed,52.826452659993485
4bc7607e-ac09-43d7-96cf-aba90db5a23e,08749f03-0ddf-4ad0-9bf8-92a49944eb43,46.0,0.0,0.0,Failed,52.23648852732238
