Folder1,Folder2,AST Edit Distance,DFG Edit Distance,PDG Edit Distance,Passed Or Failed,BLEU score
bc58205b-a8c7-4bc3-9786-0c72d2e016e1,d2cff5e9-6c45-4845-955e-123f2104616c,0.0,0.0,0.0,Passed,0.4246163317880345
bc58205b-a8c7-4bc3-9786-0c72d2e016e1,fc69d9e7-5f21-41dc-bf26-9fb9a048d517,2.0,0.0,0.0,Passed,0.4246163317880345
bc58205b-a8c7-4bc3-9786-0c72d2e016e1,48f9d7c3-3027-4101-91b9-e3d59e3590a6,21.0,0.0,0.0,Passed,0.3665882729601238
bc58205b-a8c7-4bc3-9786-0c72d2e016e1,6010d24b-71ea-434e-897b-3990ad8a2948,0.0,0.0,0.0,Passed,0.3665882729601238
bc58205b-a8c7-4bc3-9786-0c72d2e016e1,3cacdc3a-b8e7-4aa9-9be6-7ce63d86d464,33.0,118.0,133.0,Passed,0.31872714733206725
bc58205b-a8c7-4bc3-9786-0c72d2e016e1,d6256283-6187-4d26-9c0e-47bcb722e034,114.0,115.0,140.0,Failed,0.31872714733206725
