Folder1,Folder2,AST Edit Distance,DFG Edit Distance,PDG Edit Distance,Passed Or Failed,Meteor Score
31e96693-b560-4dbc-975c-d1d8e9771a1c,67cf7849-6fa3-4dd4-8f4e-a9eb3c4c3d93,0.0,0.0,0.0,Passed,0.8458359821996186
31e96693-b560-4dbc-975c-d1d8e9771a1c,a5af4812-8e4c-4085-b466-5abaf395b9d2,0.0,0.0,0.0,Passed,0.8458359821996186
31e96693-b560-4dbc-975c-d1d8e9771a1c,b805dd8a-ce1e-4429-9408-fca0a57ea2e3,1.0,0.0,0.0,Passed,0.8458359821996186
31e96693-b560-4dbc-975c-d1d8e9771a1c,bc9099f6-1fa0-48dc-8571-32a8bfaefcac,1.0,0.0,0.0,Passed,0.8458359821996186
31e96693-b560-4dbc-975c-d1d8e9771a1c,15a86f07-7596-40a9-a7c6-bf0b9e09ca2d,0.0,0.0,0.0,Passed,0.768846153846154
31e96693-b560-4dbc-975c-d1d8e9771a1c,82381447-a82d-4925-8f2f-929e78b0d1d2,0.0,0.0,0.0,Passed,0.768846153846154
31e96693-b560-4dbc-975c-d1d8e9771a1c,0f7bcca8-e2a7-48eb-9ad6-9ed5d823a7cd,0.0,0.0,0.0,Passed,0.7661538461538462
31e96693-b560-4dbc-975c-d1d8e9771a1c,4010d895-bd83-42ba-83a6-e83c10458afe,3.0,48.0,64.0,Passed,0.7661538461538462
31e96693-b560-4dbc-975c-d1d8e9771a1c,4244a579-3068-4e92-a188-2cd31e2006eb,28.0,119.0,173.0,Failed,0.7661538461538462
