Folder1,Folder2,AST Edit Distance,DFG Edit Distance,PDG Edit Distance,Passed Or Failed,ROUGE-2
ece8557f-6ac2-4b8d-a9d2-f7f20c741624,024f14a0-7a40-4eae-89a4-ccbea18fc176,1.0,0.0,0.0,Passed,0.7142857142857143
ece8557f-6ac2-4b8d-a9d2-f7f20c741624,a9169517-a7bc-493a-b00b-0b51179d622d,1.0,0.0,0.0,Passed,0.7142857142857143
ece8557f-6ac2-4b8d-a9d2-f7f20c741624,ddda3e93-ffd2-41ae-8228-a718768c205a,1.0,0.0,0.0,Passed,0.6666666666666666
ece8557f-6ac2-4b8d-a9d2-f7f20c741624,f598c3d0-b6db-46f8-90e5-2e571624431e,0.0,0.0,0.0,Passed,0.6666666666666666
ece8557f-6ac2-4b8d-a9d2-f7f20c741624,049b5b24-4369-4890-872b-db63a578ff28,12.0,0.0,0.0,Passed,0.6428571428571429
ece8557f-6ac2-4b8d-a9d2-f7f20c741624,a41cecd6-a8ab-41d6-a3a2-548832c16fb7,36.0,0.0,0.0,Failed,0.6428571428571429
