Folder1,Folder2,AST Edit Distance,DFG Edit Distance,PDG Edit Distance,Passed Or Failed,Meteor Score
5ea2ee82-94b9-4151-8f83-7bbc33d0dad7,14c1fc5a-20e5-4b14-8d2e-45d0d3d07174,18.0,0.0,0.0,Passed,0.5518675539336697
5ea2ee82-94b9-4151-8f83-7bbc33d0dad7,5170cada-cee5-4901-bdf5-47ba3b4679a5,45.0,0.0,0.0,Passed,0.5518675539336697
5ea2ee82-94b9-4151-8f83-7bbc33d0dad7,ddb374c3-4410-4b9d-acb0-6dda0d640b8e,19.0,0.0,0.0,Passed,0.5518675539336697
5ea2ee82-94b9-4151-8f83-7bbc33d0dad7,f00ac33c-fe9a-483e-828f-46b9f83d06ee,19.0,0.0,0.0,Passed,0.5518675539336697
5ea2ee82-94b9-4151-8f83-7bbc33d0dad7,f165e9d6-924a-42af-9c55-bbf7f007a234,19.0,0.0,0.0,Passed,0.5518675539336697
5ea2ee82-94b9-4151-8f83-7bbc33d0dad7,0fe8e026-c3d5-42bb-9c10-eb103940cf9a,19.0,0.0,0.0,Passed,0.5445958999678009
5ea2ee82-94b9-4151-8f83-7bbc33d0dad7,157def33-302e-4ee9-8f32-19ea3bfd2abc,40.0,0.0,0.0,Passed,0.5303766528256324
5ea2ee82-94b9-4151-8f83-7bbc33d0dad7,a5ef517e-1251-4e35-b89b-540120b869a6,64.0,93.0,144.0,Failed,0.5303766528256324
