Folder1,Folder2,AST Edit Distance,DFG Edit Distance,PDG Edit Distance,Passed Or Failed,Meteor Score
ee40bdc1-7a6d-4082-ad49-b4227b3beedb,035da4eb-02b3-4b86-9a9f-329b27053147,36.0,0.0,0.0,Passed,0.8683677674312431
ee40bdc1-7a6d-4082-ad49-b4227b3beedb,e12ef966-0cc2-4a40-b819-b0ce51871f76,27.0,0.0,0.0,Passed,0.8683677674312431
ee40bdc1-7a6d-4082-ad49-b4227b3beedb,e720d799-2d12-4962-bbe4-e912b4e4d32b,8.0,0.0,0.0,Passed,0.8683677674312431
ee40bdc1-7a6d-4082-ad49-b4227b3beedb,2e2d45b7-3e18-441a-b824-25afe66cf0d5,42.0,0.0,0.0,Failed,0.8388730610952834
