Folder1,Folder2,AST Edit Distance,DFG Edit Distance,PDG Edit Distance,Passed Or Failed,Similarity Score during Execution
0f3fe6a6-f15f-43d1-b7fb-5e144bf63ce9,b25d80b5-c336-4a70-9355-b37f4d6cd451,31.0,0.0,0.0,Passed,1.3329135179519653
0f3fe6a6-f15f-43d1-b7fb-5e144bf63ce9,da4a3a05-6718-4e89-8ef7-7e056f040564,1.0,0.0,0.0,Passed,1.3246952295303345
0f3fe6a6-f15f-43d1-b7fb-5e144bf63ce9,9caeb330-3693-4b6f-acb5-f93ba6c64cbd,16.0,0.0,0.0,Passed,1.323724627494812
0f3fe6a6-f15f-43d1-b7fb-5e144bf63ce9,fd6992ef-2b66-4b1f-9451-684295530f50,35.0,71.0,106.0,Failed,1.2999932765960693
