Folder1,Folder2,AST Edit Distance,DFG Edit Distance,PDG Edit Distance,Passed Or Failed,Similarity Score during Execution
0493153d-ba46-4682-9333-fe17de5a6350,c4bacfeb-ac26-4d67-9b6a-c124748b41e8,1.0,36.0,40.0,Passed,1.2633439302444458
0493153d-ba46-4682-9333-fe17de5a6350,e50963c7-5780-4534-adc4-527ac102b8d9,0.0,48.0,58.0,Failed,1.2622359991073608
