Folder1,Folder2,AST Edit Distance,DFG Edit Distance,PDG Edit Distance,Passed Or Failed,Meteor Score
c49760f5-fb14-4fbf-aad5-22be4eccf131,3084fb1d-de3d-4ade-b0a9-eee2bd8e6b37,1.0,0.0,0.0,Passed,0.3860207100591716
c49760f5-fb14-4fbf-aad5-22be4eccf131,60442f0c-f9c2-4206-af32-de9aecffb4a3,0.0,0.0,0.0,Passed,0.3860207100591716
c49760f5-fb14-4fbf-aad5-22be4eccf131,4e5fd48f-91f3-4253-bd61-3afcdac34fcb,12.0,0.0,0.0,Passed,0.3653832494659258
c49760f5-fb14-4fbf-aad5-22be4eccf131,eeed469f-8a5a-4d41-994d-46fb55b979ea,0.0,0.0,0.0,Passed,0.360766444295104
c49760f5-fb14-4fbf-aad5-22be4eccf131,3614e8d4-2aa7-4548-b0b5-8931ce2b1519,13.0,0.0,0.0,Failed,0.34011613721758643
