Folder1,Folder2,AST Edit Distance,DFG Edit Distance,PDG Edit Distance,Passed Or Failed,Cosine Similarity
0795eaa1-ed44-473e-b590-91b62a4db8f4,0fb05dfc-d960-4276-bf70-e5d6c3d38400,0.0,0.0,0.0,Passed,1.0
0795eaa1-ed44-473e-b590-91b62a4db8f4,3f6f6350-378c-4668-a30f-5a0f0f077391,0.0,0.0,0.0,Passed,1.0
0795eaa1-ed44-473e-b590-91b62a4db8f4,a0481af0-f5ae-46d7-96c1-fde6c16736c7,0.0,0.0,0.0,Passed,1.0
0795eaa1-ed44-473e-b590-91b62a4db8f4,a6cdbb91-c777-4495-8c32-0756712de4c1,6.0,0.0,0.0,Passed,1.0
0795eaa1-ed44-473e-b590-91b62a4db8f4,2b8230fa-d6b1-4cca-b4dc-da0c5b444b9f,0.0,0.0,0.0,Passed,0.9997897744178772
0795eaa1-ed44-473e-b590-91b62a4db8f4,339341a2-20e0-4d9d-916e-3a2a7c5e6c0d,0.0,0.0,0.0,Passed,0.9996659159660339
0795eaa1-ed44-473e-b590-91b62a4db8f4,35c313f5-e1b1-4a34-bf5b-d812415f3fe9,17.0,1.0,2.0,Failed,0.9996628165245056
