Folder1,Folder2,AST Edit Distance,DFG Edit Distance,PDG Edit Distance,Passed Or Failed,Euclidean Distance
f0e8557d-7123-42d4-b289-fe70d719652c,0bd7ad47-ac22-413a-b2c6-82f4a414bb56,2.0,0.0,0.0,Passed,0.21575187146663666
f0e8557d-7123-42d4-b289-fe70d719652c,df02c7c1-a95f-4740-a618-30c54b7de64e,31.0,0.0,0.0,Passed,0.22266842424869537
f0e8557d-7123-42d4-b289-fe70d719652c,b3f43092-a518-4200-8f10-931cfa4d652e,0.0,0.0,0.0,Passed,0.2534278333187103
f0e8557d-7123-42d4-b289-fe70d719652c,9f52ef6a-4b91-4e96-8731-8735e75bc3f4,68.0,71.0,106.0,Passed,0.25470349192619324
f0e8557d-7123-42d4-b289-fe70d719652c,6c720a07-abd3-4a54-b1f3-dd8dfe393320,2.0,155.0,237.0,Failed,0.26473361253738403
