Folder1,Folder2,AST Edit Distance,DFG Edit Distance,PDG Edit Distance,Passed Or Failed,Euclidean Distance
80fdcf96-c17f-4cb3-82a4-bb4ddd7305b4,1a86cc96-0f23-47c1-b72e-5a1a2ddbcd37,40.0,0.0,0.0,Passed,0.27355870604515076
80fdcf96-c17f-4cb3-82a4-bb4ddd7305b4,a80528d8-301d-4f36-83ce-2d0f06671dbd,33.0,0.0,0.0,Passed,0.2810854911804199
80fdcf96-c17f-4cb3-82a4-bb4ddd7305b4,1177cb7f-cb95-42db-9795-250d3d00a743,40.0,0.0,0.0,Failed,0.32199352979660034
