Folder1,Folder2,AST Edit Distance,DFG Edit Distance,PDG Edit Distance,Passed Or Failed,Meteor Score
4e584c30-0308-4639-8199-59c8fe63f929,46ef2b9e-691d-4676-a4b9-101d2cd3079a,21.0,0.0,0.0,Passed,0.8458359821996186
4e584c30-0308-4639-8199-59c8fe63f929,b6abae36-09d5-4e0e-aa68-474a90599192,21.0,0.0,0.0,Failed,0.8458359821996186
