Folder1,Folder2,AST Edit Distance,DFG Edit Distance,PDG Edit Distance,Passed Or Failed,ROUGE-L
01ed5a62-b070-449d-8021-93bac5ea0b95,09be8387-c929-462c-ae11-2feb4a092295,27.0,0.0,0.0,Passed,0.76
01ed5a62-b070-449d-8021-93bac5ea0b95,c8093dd3-e069-4cef-86fc-b21eee0f3e26,1.0,0.0,0.0,Passed,0.76
01ed5a62-b070-449d-8021-93bac5ea0b95,dfd8cf9a-bd37-4fa2-949c-ab106c0237ea,19.0,0.0,0.0,Passed,0.76
01ed5a62-b070-449d-8021-93bac5ea0b95,0f4cf466-4377-473a-abd4-d30907276960,19.0,0.0,0.0,Passed,0.72
01ed5a62-b070-449d-8021-93bac5ea0b95,4ec4f76c-0443-4539-a6ba-80a3a0f142e0,19.0,0.0,0.0,Passed,0.72
01ed5a62-b070-449d-8021-93bac5ea0b95,0084907f-4674-4fe1-a304-d4988d7f4922,38.0,41.0,58.0,Passed,0.21212121212121213
01ed5a62-b070-449d-8021-93bac5ea0b95,885fb16f-a2d2-41b4-9b7a-cf40fe1bc9ec,41.0,55.0,85.0,Failed,0.21212121212121213
