Folder1,Folder2,AST Edit Distance,DFG Edit Distance,PDG Edit Distance,Passed Or Failed,ROUGE-L
4e567edf-84b8-472c-a72b-1da87ed091f1,32390a0d-fb5c-469c-8050-97f4cce1c953,0.0,0.0,0.0,Passed,0.6666666666666667
4e567edf-84b8-472c-a72b-1da87ed091f1,6d51b9de-f856-4090-8412-6577ed7c95ea,1.0,0.0,0.0,Passed,0.6666666666666667
4e567edf-84b8-472c-a72b-1da87ed091f1,42646ffb-76e8-4dab-9ca8-e12d10dc6858,0.0,0.0,0.0,Passed,0.6363636363636364
4e567edf-84b8-472c-a72b-1da87ed091f1,5788c49a-c3a4-4d68-933d-59c0ad79bd73,9.0,0.0,0.0,Failed,0.6363636363636364
