Folder1,Folder2,AST Edit Distance,DFG Edit Distance,PDG Edit Distance,Passed Or Failed,Similarity Score during Execution
b22af883-07e4-4b9d-badd-43e789bab95a,e9f4bbab-9b3a-4894-b744-67d12197aaac,24.0,0.0,0.0,Passed,1.5129092931747437
b22af883-07e4-4b9d-badd-43e789bab95a,0f1f9dd3-cced-4e38-8a25-ec795eda9423,1.0,0.0,0.0,Passed,1.4426603317260742
b22af883-07e4-4b9d-badd-43e789bab95a,97456028-dba1-4348-af98-009895254b24,36.0,0.0,0.0,Passed,1.4299097061157227
b22af883-07e4-4b9d-badd-43e789bab95a,7b9416e3-ad87-443d-93ca-d6c9b73c5274,48.0,0.0,0.0,Failed,1.3417325019836426
