Folder1,Folder2,AST Edit Distance,DFG Edit Distance,PDG Edit Distance,Passed Or Failed,BLEU score
36160981-3054-41d8-b058-513d6f9475e6,cb6f454e-bf4d-4491-999b-3d985c1aa67b,36.0,80.0,115.0,Passed,0.5086841681174387
36160981-3054-41d8-b058-513d6f9475e6,f034626f-0010-4155-89cf-a7ae122206d0,32.0,106.0,136.0,Failed,0.5086841681174387
