Folder1,Folder2,AST Edit Distance,DFG Edit Distance,PDG Edit Distance,Passed Or Failed,Cosine Similarity
45956807-2968-42c9-8479-381618b94716,530e6dad-bf9b-4066-ac9e-148e37c07e45,0.0,0.0,0.0,Passed,0.9986551403999329
45956807-2968-42c9-8479-381618b94716,a4486b30-9a6b-4b1d-afac-2580b6d5f720,0.0,0.0,0.0,Passed,0.9979425072669983
45956807-2968-42c9-8479-381618b94716,0dd26665-4989-41a5-a4ce-203cc9373bc2,0.0,0.0,0.0,Passed,0.9976093173027039
45956807-2968-42c9-8479-381618b94716,5584ed5f-c408-4527-8bd0-2a909a710f0d,17.0,21.0,29.0,Failed,0.9976093173027039
