Folder1,Folder2,AST Edit Distance,DFG Edit Distance,PDG Edit Distance,Passed Or Failed,Cosine Similarity
40528b07-b9a5-499b-b985-53358b9fd9a4,83c5ff30-bc96-44eb-83c3-9c77a07da668,30.0,0.0,0.0,Passed,0.9986389875411987
40528b07-b9a5-499b-b985-53358b9fd9a4,c2b09ed6-76d0-441e-9f42-d0e90779627d,87.0,0.0,0.0,Failed,0.9986389875411987
