Folder1,Folder2,AST Edit Distance,DFG Edit Distance,PDG Edit Distance,Passed Or Failed,ROUGE-2
f8199a5a-e2ae-4dce-a2e2-3765ee103aba,4530690d-ebc7-487b-b635-da4d24f273af,20.0,35.0,52.0,Passed,0.8000000000000002
f8199a5a-e2ae-4dce-a2e2-3765ee103aba,388a7ea6-7b4e-4a30-a0b6-5bad6330ac73,21.0,63.0,97.0,Failed,0.7333333333333334
