Folder1,Folder2,AST Edit Distance,DFG Edit Distance,PDG Edit Distance,Semantic Similarity Using Roberta,Passed Or Failed,Similarity Score during Execution,Serial Execution,Cosine Similarity,Euclidean Distance,BLEU score,Maximal Safe Radius,Neighbourhood,Number Of Words,Levenshtein_CharacterLevel,Levenshtein_WordLevel,ROUGE-1,ROUGE-2,ROUGE-L,Meteor Score,ChrF Score
88765076-8a0e-4dcf-86db-d9c292e1c619,0084907f-4674-4fe1-a304-d4988d7f4922,3.0,0.0,0.0,1.8727836608886719,Passed,0.6111927628517151,0.0,0.9913415908813477,0.5483765006065369,0.5517263799178268,4.109072645505269,1.0,1.0,157.0,1.0,0.8148148148148148,0.7088607594936709,0.8148148148148148,0.7417293233082708,82.09873803604304
88765076-8a0e-4dcf-86db-d9c292e1c619,885fb16f-a2d2-41b4-9b7a-cf40fe1bc9ec,9.0,0.0,0.0,1.5333107709884644,Failed,0.5770702958106995,0.0,0.9909063577651978,0.5671365857124329,0.6036406690645622,4.554442834854126,1.0,1.0,154.0,1.0,0.8395061728395062,0.7594936708860759,0.8395061728395062,0.7702659353899839,83.51887018898186
88765076-8a0e-4dcf-86db-d9c292e1c619,bfe7c772-56c9-4a39-a6d8-6001911cdab2,7.0,0.0,0.0,1.8727836608886719,Passed,0.6031981110572815,0.0,0.9913415908813477,0.5483765006065369,0.5517263799178268,4.109072645505269,1.0,1.0,157.0,1.0,0.8148148148148148,0.7088607594936709,0.8148148148148148,0.7417293233082708,82.09873803604304
