Folder1,Folder2,AST Edit Distance,DFG Edit Distance,PDG Edit Distance,Passed Or Failed,ROUGE-L
75c27bbf-71df-438c-9b5a-fe95e1cb31e0,70b4696d-5940-4768-bd8c-fe611ba9a134,35.0,0.0,0.0,Passed,0.7878787878787878
75c27bbf-71df-438c-9b5a-fe95e1cb31e0,78d9eaa6-16db-4f06-934e-add091e56b7e,61.0,0.0,0.0,Failed,0.7878787878787878
