Folder1,Folder2,AST Edit Distance,DFG Edit Distance,PDG Edit Distance,Passed Or Failed,ChrF Score
3ddc4598-ef65-4a61-835b-0f8d310a6c7f,a2091f71-c11f-40bf-9c65-036c9b9f4eba,14.0,0.0,0.0,Passed,74.43644170178986
3ddc4598-ef65-4a61-835b-0f8d310a6c7f,df08c680-6792-4a06-8a71-3ef0faad4f75,23.0,0.0,0.0,Failed,64.54597893816445
