Folder1,Folder2,AST Edit Distance,DFG Edit Distance,PDG Edit Distance,Passed Or Failed,ChrF Score
b3a3c0e6-2f42-4081-a219-f8c124309724,fc961f75-c5ce-4230-b79a-fe7f2df5eb2e,49.0,0.0,0.0,Passed,78.6125961818696
b3a3c0e6-2f42-4081-a219-f8c124309724,14429a31-ce5a-4d3c-920a-fc7772d8b939,58.0,37.0,53.0,Failed,77.23969560511615
