Folder1,Folder2,AST Edit Distance,DFG Edit Distance,PDG Edit Distance,Passed Or Failed,Cosine Similarity
767c3fe8-49bc-4838-a36d-ca19f31c9216,076ce9af-3675-43d6-8513-fad9ced4c881,0.0,21.0,32.0,Passed,0.9953272938728333
767c3fe8-49bc-4838-a36d-ca19f31c9216,c373fa7a-5334-46fd-8480-d84a91bb69da,44.0,107.0,159.0,Passed,0.9953272938728333
767c3fe8-49bc-4838-a36d-ca19f31c9216,afcae355-e823-43cf-851a-bea3253b5a70,1.0,23.0,37.0,Passed,0.9950645565986633
767c3fe8-49bc-4838-a36d-ca19f31c9216,f3fbcc14-a14b-491d-947a-274eaac99e6a,38.0,156.0,231.0,Failed,0.9950645565986633
