Folder1,Folder2,AST Edit Distance,DFG Edit Distance,PDG Edit Distance,Passed Or Failed,Similarity Score during Execution
c38f9067-8bb2-4bc6-a50a-516f6b2ebb19,3950f403-a993-4464-891f-4357e2b427c7,11.0,0.0,0.0,Passed,1.0206071138381958
c38f9067-8bb2-4bc6-a50a-516f6b2ebb19,e79c6356-6858-49af-88a3-59c302b66622,33.0,0.0,0.0,Failed,1.0190649032592773
