Folder1,Folder2,AST Edit Distance,DFG Edit Distance,PDG Edit Distance,Passed Or Failed,Meteor Score
aa9f5b44-ae7d-4f0f-8a1b-92fc87fbed8a,30a0c45e-fdb6-401e-9e7a-03022cb69db8,0.0,0.0,0.0,Passed,0.7766439909297052
aa9f5b44-ae7d-4f0f-8a1b-92fc87fbed8a,ea56ab31-2f12-4f83-b49f-cb17f74fcea3,1.0,0.0,0.0,Passed,0.7766439909297052
aa9f5b44-ae7d-4f0f-8a1b-92fc87fbed8a,d9269427-4adc-4aea-9566-cdd9b7f711fc,1.0,0.0,0.0,Passed,0.6651234567901234
aa9f5b44-ae7d-4f0f-8a1b-92fc87fbed8a,e25b29d0-5bb9-440a-b3c2-f531e8eeea7b,67.0,53.0,95.0,Failed,0.6651234567901234
