Folder1,Folder2,AST Edit Distance,DFG Edit Distance,PDG Edit Distance,Passed Or Failed,Euclidean Distance
c49760f5-fb14-4fbf-aad5-22be4eccf131,67b094e7-e024-4ebe-8b59-3a492ba5c32d,42.0,0.0,0.0,Passed,0.5426562428474426
c49760f5-fb14-4fbf-aad5-22be4eccf131,e0fceafd-afab-4c43-a16c-1f6946e4577b,40.0,0.0,0.0,Passed,0.5725444555282593
c49760f5-fb14-4fbf-aad5-22be4eccf131,a5409fae-c1ce-461d-a701-5735bb53fd84,39.0,0.0,0.0,Passed,0.6058143973350525
c49760f5-fb14-4fbf-aad5-22be4eccf131,a7860ef4-6417-4a84-832f-656269a4742c,40.0,0.0,0.0,Passed,0.6155076622962952
c49760f5-fb14-4fbf-aad5-22be4eccf131,005a0016-dd4f-4eea-9f24-68799dd2ba6a,40.0,0.0,0.0,Passed,0.627220869064331
c49760f5-fb14-4fbf-aad5-22be4eccf131,72295f57-36b5-4fc2-9e22-7f1c6f8855c7,40.0,0.0,0.0,Passed,0.6313080787658691
c49760f5-fb14-4fbf-aad5-22be4eccf131,fdff6ca4-283b-423d-8bd5-fb3ccb6d955a,41.0,0.0,0.0,Passed,0.6317412853240967
c49760f5-fb14-4fbf-aad5-22be4eccf131,3de3313f-c52e-48bb-9ffe-dbe31140c429,39.0,90.0,0.0,Failed,0.6775940656661987
