Folder1,Folder2,AST Edit Distance,DFG Edit Distance,PDG Edit Distance,Passed Or Failed,ROUGE-2
ee87bd4c-4ec4-4cb1-af60-d746f0fe381d,3da84f02-c0ac-4482-92bb-a4999481db9d,0.0,0.0,0.0,Passed,0.9523809523809524
ee87bd4c-4ec4-4cb1-af60-d746f0fe381d,aeb4753a-e018-4ff7-9c82-2aeaedb9b33b,0.0,0.0,0.0,Passed,0.9523809523809524
ee87bd4c-4ec4-4cb1-af60-d746f0fe381d,1b8c5282-a78b-4bd0-85d9-43dc1bdf9bf6,24.0,0.0,0.0,Passed,0.9206349206349206
ee87bd4c-4ec4-4cb1-af60-d746f0fe381d,29bc3fc6-c1fb-4d3d-8b66-f2d3184a2e3e,29.0,0.0,0.0,Failed,0.9206349206349206
