Folder1,Folder2,AST Edit Distance,DFG Edit Distance,PDG Edit Distance,Passed Or Failed,Meteor Score
f101f247-eba5-492e-8ce9-2a4bdf6b5d1c,169f59cc-c815-4d13-b964-e0221c144d72,0.0,35.0,37.0,Passed,0.8887803819444444
f101f247-eba5-492e-8ce9-2a4bdf6b5d1c,17548072-2f3e-4cc8-9327-d7260e37c600,0.0,0.0,0.0,Passed,0.8887803819444444
f101f247-eba5-492e-8ce9-2a4bdf6b5d1c,38293a10-508a-416a-bdc0-15c192c8008e,0.0,0.0,0.0,Passed,0.8887803819444444
f101f247-eba5-492e-8ce9-2a4bdf6b5d1c,48ae13a5-149d-46c2-bf8d-0feda9e7f38e,0.0,0.0,0.0,Passed,0.8887803819444444
f101f247-eba5-492e-8ce9-2a4bdf6b5d1c,4a9e738b-4fba-44f0-a9da-8b1cdcebac61,0.0,0.0,0.0,Passed,0.8887803819444444
f101f247-eba5-492e-8ce9-2a4bdf6b5d1c,752caa4e-4264-4025-bce2-a0638fd2a49d,0.0,0.0,0.0,Passed,0.8887803819444444
f101f247-eba5-492e-8ce9-2a4bdf6b5d1c,a1393d1d-f888-4031-8403-a55cef29ba8b,0.0,0.0,0.0,Passed,0.8887803819444444
f101f247-eba5-492e-8ce9-2a4bdf6b5d1c,a1786f14-ba79-4ba3-b85e-d4eaeafadc16,5.0,60.0,76.0,Failed,0.8887803819444444
