Folder1,Folder2,AST Edit Distance,DFG Edit Distance,PDG Edit Distance,Passed Or Failed,ChrF Score
0cfd9712-72c1-46a5-9127-a814a6a3131c,0fb74846-6e09-4e3d-b010-eff87d31fb89,27.0,0.0,0.0,Passed,82.94506050234556
0cfd9712-72c1-46a5-9127-a814a6a3131c,9716420d-7eb8-4bd2-bd57-3e6bc1a1015e,21.0,0.0,0.0,Passed,82.94506050234556
0cfd9712-72c1-46a5-9127-a814a6a3131c,78c6fe8c-0d97-490c-a84b-89d5c96fec7f,16.0,53.0,0.0,Passed,81.1443875040941
0cfd9712-72c1-46a5-9127-a814a6a3131c,dce0394e-fb28-4fa3-9028-7a6e1c058b5b,31.0,49.0,0.0,Failed,81.1443875040941
