Folder1,Folder2,AST Edit Distance,DFG Edit Distance,PDG Edit Distance,Passed Or Failed,ChrF Score
c01dee8c-e574-49f9-93aa-177850a3f6d8,0a88e0a5-7dde-49cf-a483-94a33da4faba,40.0,0.0,0.0,Passed,19.01671582194517
c01dee8c-e574-49f9-93aa-177850a3f6d8,5779d1de-35cc-492c-9ed6-7a59ab5c90a0,22.0,27.0,36.0,Passed,17.597652493082595
c01dee8c-e574-49f9-93aa-177850a3f6d8,69da90f8-46a8-4a5b-98ed-4e4135db514d,22.0,110.0,170.0,Failed,17.453143951996598
