Folder1,Folder2,AST Edit Distance,DFG Edit Distance,PDG Edit Distance,Passed Or Failed,Meteor Score
39334af6-26e2-439a-ac2f-709e51dfc68d,0ec33c39-ffad-4648-a759-2177792b2405,0.0,0.0,0.0,Passed,0.5122283924368793
39334af6-26e2-439a-ac2f-709e51dfc68d,acc6d0c0-0417-419f-9bd7-dc62f5afe65f,0.0,0.0,0.0,Passed,0.5122283924368793
39334af6-26e2-439a-ac2f-709e51dfc68d,f6587133-db1b-45a0-b793-5adba0f804e3,0.0,0.0,0.0,Passed,0.5122283924368793
39334af6-26e2-439a-ac2f-709e51dfc68d,bfd04f01-b280-41b7-9461-c37fb8fd0774,22.0,0.0,0.0,Failed,0.4899547203151172
