Folder1,Folder2,AST Edit Distance,DFG Edit Distance,PDG Edit Distance,Passed Or Failed,Similarity Score during Execution
575c27e8-8a07-4241-a8f2-438d719d6d1e,e548448e-918b-4f0f-952b-47c021e7d485,44.0,0.0,0.0,Passed,1.614702582359314
575c27e8-8a07-4241-a8f2-438d719d6d1e,b0936321-226c-427c-9852-6d8951cf88e9,17.0,59.0,91.0,Failed,1.5111688375473022
