Folder1,Folder2,AST Edit Distance,DFG Edit Distance,PDG Edit Distance,Passed Or Failed,ROUGE-L
cc1f7fde-314c-4015-8240-d8d835a7ce68,d7414f3a-ac1c-471e-9766-c509245c5805,17.0,24.0,38.0,Passed,0.8846153846153847
cc1f7fde-314c-4015-8240-d8d835a7ce68,ff833730-699b-47a4-b674-f5b7b792a680,28.0,24.0,38.0,Failed,0.8846153846153847
