Folder1,Folder2,AST Edit Distance,DFG Edit Distance,PDG Edit Distance,Passed Or Failed,Cosine Similarity
59895478-5a01-41dd-b2df-3ead92d281cb,6f44d4e0-231f-4f52-baf1-dfdbf8a481ce,16.0,0.0,0.0,Passed,0.9990057349205017
59895478-5a01-41dd-b2df-3ead92d281cb,91865402-f5e1-41a5-be93-cbc469862574,18.0,0.0,0.0,Passed,0.9990057349205017
59895478-5a01-41dd-b2df-3ead92d281cb,95de2d17-c7b4-4278-8fa9-cbac44d63a98,20.0,0.0,0.0,Failed,0.9988961219787598
