Folder1,Folder2,AST Edit Distance,DFG Edit Distance,PDG Edit Distance,Passed Or Failed,ROUGE-L
91cc6c21-60fd-4ef8-8705-a7b1c788d41d,5947358f-6efa-4f38-8fe9-17322e6a7df1,0.0,0.0,0.0,Passed,0.8333333333333334
91cc6c21-60fd-4ef8-8705-a7b1c788d41d,72b1a2e5-5ed5-4ce4-8e64-49f279fcc4ad,11.0,0.0,0.0,Passed,0.8333333333333334
91cc6c21-60fd-4ef8-8705-a7b1c788d41d,de99a19e-6ee1-41a5-b02d-ff896b49f4f8,26.0,27.0,49.0,Passed,0.8108108108108107
91cc6c21-60fd-4ef8-8705-a7b1c788d41d,eabcd173-4516-405b-a268-e5e2d0cba62f,62.0,79.0,133.0,Failed,0.8108108108108107
