Folder1,Folder2,AST Edit Distance,DFG Edit Distance,PDG Edit Distance,Passed Or Failed,Euclidean Distance
94cce6d9-710d-4595-8cc4-b8553683cc0c,0e1ee7db-c145-45c5-9804-ffca367893bd,23.0,97.0,114.0,Passed,0.186211958527565
94cce6d9-710d-4595-8cc4-b8553683cc0c,8b20f601-acf1-4c77-959d-010a52cf9429,30.0,0.0,0.0,Passed,0.2284030169248581
94cce6d9-710d-4595-8cc4-b8553683cc0c,e637f3e1-8945-42bd-91a2-0bf6ab058adf,30.0,132.0,167.0,Failed,0.23107588291168213
