Folder1,Folder2,AST Edit Distance,DFG Edit Distance,PDG Edit Distance,Passed Or Failed,BLEU score
364446e9-4867-484f-bdd9-402fb2224a1f,19e4c07b-de19-4fda-bf05-a6a50b3cde01,1.0,0.0,0.0,Passed,0.41162452358608503
364446e9-4867-484f-bdd9-402fb2224a1f,ce285cbe-ed23-491d-926b-2664163144ef,2.0,0.0,0.0,Passed,0.41162452358608503
364446e9-4867-484f-bdd9-402fb2224a1f,d569412b-f1b9-4631-8851-ed8c34a195d1,0.0,0.0,0.0,Passed,0.41162452358608503
364446e9-4867-484f-bdd9-402fb2224a1f,e111d09d-0a9c-43ae-a1e6-9b692fe2514b,2.0,34.0,0.0,Passed,0.41162452358608503
364446e9-4867-484f-bdd9-402fb2224a1f,d118c41d-c53d-4bd9-8534-3174ef1334d9,1.0,0.0,0.0,Passed,0.36227557436010244
364446e9-4867-484f-bdd9-402fb2224a1f,e695daa5-65a4-4b24-ad9b-10f774f14e1d,0.0,0.0,0.0,Passed,0.36227557436010244
364446e9-4867-484f-bdd9-402fb2224a1f,2483742b-d415-492d-a676-471872f10887,2.0,0.0,0.0,Passed,0.3221135973222975
364446e9-4867-484f-bdd9-402fb2224a1f,47317f85-cbe2-44ab-9062-d6834ad6f137,3.0,0.0,0.0,Passed,0.3221135973222975
364446e9-4867-484f-bdd9-402fb2224a1f,41ed5ca8-876e-489b-b4da-13334eea3a56,7.0,32.0,0.0,Failed,0.2910624919304027
