Folder1,Folder2,AST Edit Distance,DFG Edit Distance,PDG Edit Distance,Passed Or Failed,ROUGE-L
4086dca9-364a-4750-82d3-6e755717aa5f,c0db3d1a-ef39-423d-9f9e-04205e8acc71,35.0,0.0,0.0,Passed,0.8000000000000002
4086dca9-364a-4750-82d3-6e755717aa5f,73311c45-b677-4ca7-aa61-4679728a5a34,32.0,0.0,0.0,Passed,0.7586206896551724
4086dca9-364a-4750-82d3-6e755717aa5f,8f3406cd-8df0-4a70-ba68-adb97fbf5d26,4.0,0.0,0.0,Passed,0.7586206896551724
4086dca9-364a-4750-82d3-6e755717aa5f,08737da1-185a-4ad8-824e-b6a54ae6567e,36.0,0.0,0.0,Passed,0.7333333333333334
4086dca9-364a-4750-82d3-6e755717aa5f,2bbdee34-9932-4e62-8cfa-7e71f92b4ecf,10.0,0.0,0.0,Passed,0.7333333333333334
4086dca9-364a-4750-82d3-6e755717aa5f,3aace678-69a9-4907-85c7-30d7b8cb63a2,9.0,0.0,0.0,Passed,0.7333333333333334
4086dca9-364a-4750-82d3-6e755717aa5f,44a139a7-2fa9-4a53-aaa7-40fe59e26298,8.0,0.0,0.0,Passed,0.7333333333333334
4086dca9-364a-4750-82d3-6e755717aa5f,75d17801-c37b-40b4-8b8b-f216fa3b37b0,35.0,80.0,121.0,Failed,0.7333333333333334
