Folder1,Folder2,AST Edit Distance,DFG Edit Distance,PDG Edit Distance,Passed Or Failed,Meteor Score
66362618-983b-4cc3-99dd-4266298474bf,0d2b008f-db09-4671-977d-6903e56f290c,0.0,0.0,0.0,Passed,0.8635734072022161
66362618-983b-4cc3-99dd-4266298474bf,d2cea626-7cb7-4128-b50f-cc44d0af3f89,8.0,53.0,72.0,Failed,0.8635734072022161
