Folder1,Folder2,AST Edit Distance,DFG Edit Distance,PDG Edit Distance,Passed Or Failed,BLEU score
ffb21bae-e22f-41d0-ba39-a43bed56f779,0d27d804-1482-4bfb-bc99-6db04a8e3fde,35.0,0.0,0.0,Passed,0.4944742899897962
ffb21bae-e22f-41d0-ba39-a43bed56f779,c6fd8c2e-4f7f-4ac6-a59a-7929911bf431,12.0,7.0,11.0,Passed,0.4944742899897962
ffb21bae-e22f-41d0-ba39-a43bed56f779,03f32e40-c528-4aab-9ece-a66e899c41ce,6.0,42.0,56.0,Failed,0.4816198109610501
