Folder1,Folder2,AST Edit Distance,DFG Edit Distance,PDG Edit Distance,Passed Or Failed,BLEU score
081daca2-2527-4a3e-b125-ba34ca9ab980,8df76bb4-a1b6-438b-996d-b7778ec2ff2a,17.0,42.0,62.0,Passed,0.5731397520475183
081daca2-2527-4a3e-b125-ba34ca9ab980,af0d0831-0399-4a9e-985c-def31d3ed788,16.0,0.0,0.0,Passed,0.5731397520475183
081daca2-2527-4a3e-b125-ba34ca9ab980,354ddc0d-8516-4dbf-9e48-5bf0758c5521,15.0,36.0,58.0,Passed,0.5303784722436514
081daca2-2527-4a3e-b125-ba34ca9ab980,a2f8e98e-9b63-4d80-9015-b49ae9ab050d,1.0,0.0,0.0,Passed,0.5303784722436514
081daca2-2527-4a3e-b125-ba34ca9ab980,44e5a53e-a4a3-43e2-8455-d79108befb39,76.0,46.0,57.0,Passed,0.496706736311865
081daca2-2527-4a3e-b125-ba34ca9ab980,9509b05b-9665-4103-8037-c0d3ffddfb8e,77.0,46.0,57.0,Passed,0.496706736311865
081daca2-2527-4a3e-b125-ba34ca9ab980,38061351-d02a-47b2-a63e-f0448471110e,3.0,70.0,101.0,Passed,0.47240284667510823
081daca2-2527-4a3e-b125-ba34ca9ab980,8a85b5eb-5234-496f-806d-201415d8f81b,12.0,38.0,61.0,Passed,0.47240284667510823
081daca2-2527-4a3e-b125-ba34ca9ab980,b770fd5f-d291-4f92-a6be-fca8633458ff,15.0,88.0,135.0,Failed,0.47240284667510823
