Folder1,Folder2,AST Edit Distance,DFG Edit Distance,PDG Edit Distance,Passed Or Failed,Cosine Similarity
18299b58-921d-4a75-8734-80e8e748b290,e7eff13a-9bb2-4ff5-9981-fd71d695aec1,2.0,0.0,0.0,Passed,0.9944917559623718
18299b58-921d-4a75-8734-80e8e748b290,0a1d8dab-3c96-4a67-910b-7bf68d583668,0.0,0.0,0.0,Passed,0.9940643310546875
18299b58-921d-4a75-8734-80e8e748b290,5d899253-566f-434f-8dcb-ab293d8c2450,0.0,0.0,0.0,Passed,0.9940643310546875
18299b58-921d-4a75-8734-80e8e748b290,93b25433-7a22-4511-909a-fc81159afd5c,7.0,0.0,0.0,Passed,0.9938214421272278
18299b58-921d-4a75-8734-80e8e748b290,b28a9e96-e57e-45b3-bfc0-eb69382555b6,17.0,15.0,0.0,Passed,0.9938214421272278
18299b58-921d-4a75-8734-80e8e748b290,569df5fa-e323-4278-912f-ef8185a4b822,20.0,19.0,0.0,Failed,0.9926221966743469
