Folder1,Folder2,AST Edit Distance,DFG Edit Distance,PDG Edit Distance,Passed Or Failed,ChrF Score
889fe3e1-a5a2-415c-aa3b-b82d49f5d3f3,eee46e1b-7ae8-40cd-9134-d30d0b1abb51,0.0,0.0,0.0,Passed,48.01906531795559
889fe3e1-a5a2-415c-aa3b-b82d49f5d3f3,153197ca-d76e-4c26-a348-eb54b923cf7f,0.0,0.0,0.0,Passed,46.26005258071141
889fe3e1-a5a2-415c-aa3b-b82d49f5d3f3,e787ec8e-4ccf-4478-9011-84a8580a8692,0.0,0.0,0.0,Passed,45.3049461340919
889fe3e1-a5a2-415c-aa3b-b82d49f5d3f3,3b46706d-eaa4-4af9-8805-a17bf0699d89,0.0,0.0,0.0,Passed,44.815041194645175
889fe3e1-a5a2-415c-aa3b-b82d49f5d3f3,3c3c68cf-6d69-47e9-8915-cab6b293a70c,9.0,0.0,0.0,Passed,42.62652072680086
889fe3e1-a5a2-415c-aa3b-b82d49f5d3f3,dd8f92fe-6919-4173-990a-8dafa71c049f,0.0,22.0,28.0,Failed,41.33141077064615
