Folder1,Folder2,AST Edit Distance,DFG Edit Distance,PDG Edit Distance,Passed Or Failed,Similarity Score during Execution
32fdeb07-8b3c-41ba-b235-c6078ffc68c7,e49048c9-f2c4-4c33-8e76-5d6043effb84,11.0,0.0,0.0,Passed,1.2765164375305176
32fdeb07-8b3c-41ba-b235-c6078ffc68c7,b4c9ce87-ac3d-43d0-8c2e-dd44840c7108,19.0,0.0,0.0,Passed,1.2476292848587036
32fdeb07-8b3c-41ba-b235-c6078ffc68c7,3be59632-f2d6-49c3-b34f-5726216026de,21.0,0.0,0.0,Passed,1.2311652898788452
32fdeb07-8b3c-41ba-b235-c6078ffc68c7,c3d80fd1-b967-45ec-8cbf-1595109178af,10.0,0.0,0.0,Passed,1.2240720987319946
32fdeb07-8b3c-41ba-b235-c6078ffc68c7,8a69fb2a-8d75-4e50-8950-cad97ec923e2,10.0,0.0,0.0,Passed,1.19326913356781
32fdeb07-8b3c-41ba-b235-c6078ffc68c7,253f544c-4826-4228-b6e3-fd5a219afbe9,15.0,0.0,0.0,Passed,1.1909562349319458
32fdeb07-8b3c-41ba-b235-c6078ffc68c7,ec0c41aa-8c4d-413b-a2cf-32be78c663f0,31.0,54.0,64.0,Failed,1.1459542512893677
