Folder1,Folder2,AST Edit Distance,DFG Edit Distance,PDG Edit Distance,Passed Or Failed,ChrF Score
54cdb20c-b0cd-40fe-b70c-c370e3289010,ec54ffe9-d238-47d6-b0ad-965435aa4b51,2.0,0.0,0.0,Passed,60.64869769368785
54cdb20c-b0cd-40fe-b70c-c370e3289010,bce8f887-847d-4cdb-b3c9-d91f8180f509,2.0,0.0,0.0,Passed,58.12955874734252
54cdb20c-b0cd-40fe-b70c-c370e3289010,c347e609-fb9c-4808-bb55-8586cf2cfd3b,3.0,0.0,0.0,Passed,58.12955874734252
54cdb20c-b0cd-40fe-b70c-c370e3289010,1efef26c-52bd-4f3d-94a8-497574a87c95,1.0,0.0,0.0,Passed,58.08524053892644
54cdb20c-b0cd-40fe-b70c-c370e3289010,ffbaba38-190d-4fbf-8b57-f441ce085096,3.0,0.0,0.0,Passed,58.08524053892644
54cdb20c-b0cd-40fe-b70c-c370e3289010,12b6c6f3-e4f0-4ff8-be33-6c70bae6c6a8,3.0,0.0,0.0,Passed,57.93893383732922
54cdb20c-b0cd-40fe-b70c-c370e3289010,f5baf285-d35a-40e9-aacc-bb897a389e5f,3.0,0.0,0.0,Passed,57.93893383732922
54cdb20c-b0cd-40fe-b70c-c370e3289010,e5cbc221-5840-4158-9a49-4c6a5bb07556,3.0,0.0,0.0,Failed,57.0464269263187
