Folder1,Folder2,AST Edit Distance,DFG Edit Distance,PDG Edit Distance,Passed Or Failed,Cosine Similarity
07af0675-950e-400e-8d2b-55d3c92fa51b,897f550d-53da-4089-9cbb-998c7018521a,0.0,0.0,0.0,Passed,0.9959673285484314
07af0675-950e-400e-8d2b-55d3c92fa51b,9d4a7bf2-bc30-46eb-a8c9-6ee119226386,0.0,0.0,0.0,Passed,0.9959673285484314
07af0675-950e-400e-8d2b-55d3c92fa51b,33afe8a0-81d6-447a-ab93-297e121f7cae,4.0,0.0,0.0,Failed,0.9956470727920532
