Folder1,Folder2,AST Edit Distance,DFG Edit Distance,PDG Edit Distance,Passed Or Failed,Meteor Score
4c63d5c0-776f-45dd-bf05-f15a72182678,f7ae762f-c9fe-4cd7-bfa3-be78d7986c23,15.0,0.0,0.0,Passed,0.6005015432098765
4c63d5c0-776f-45dd-bf05-f15a72182678,437df8ae-7aa9-4e2f-91ec-4abdae29ee26,15.0,0.0,0.0,Passed,0.5615243342516071
4c63d5c0-776f-45dd-bf05-f15a72182678,6c8afb9b-1138-481d-82bb-f5b8fbc39235,10.0,34.0,33.0,Passed,0.5615243342516071
4c63d5c0-776f-45dd-bf05-f15a72182678,400ab5ca-ecd0-42c7-bad5-18bfb5a1a130,14.0,0.0,0.0,Passed,0.5323691460055097
4c63d5c0-776f-45dd-bf05-f15a72182678,8c5ab3ce-a7b1-42f0-9167-05d654bb1539,23.0,29.0,40.0,Failed,0.5260416666666666
