Folder1,Folder2,AST Edit Distance,DFG Edit Distance,PDG Edit Distance,Passed Or Failed,ChrF Score
969dd0b6-fb42-4d7c-a208-8c99ec0947dc,f8d6f6cb-e33c-4ccb-b33e-abd1114ce964,0.0,0.0,0.0,Passed,89.98402758131691
969dd0b6-fb42-4d7c-a208-8c99ec0947dc,a7f3ab16-9d7f-4e96-8dbc-722abedb8683,0.0,0.0,0.0,Passed,89.48813860766924
969dd0b6-fb42-4d7c-a208-8c99ec0947dc,ad36c248-9696-4bc6-a260-548708ba9d6c,0.0,0.0,0.0,Passed,89.48813860766924
969dd0b6-fb42-4d7c-a208-8c99ec0947dc,b0bc1aad-2450-4b09-96a4-01f4c495dbfe,11.0,0.0,0.0,Failed,89.48646764096354
