Folder1,Folder2,AST Edit Distance,DFG Edit Distance,PDG Edit Distance,Passed Or Failed,Cosine Similarity
95965218-74cf-478a-a57e-e519238e5128,8998113a-affa-48a3-a627-d251b8de447d,1.0,0.0,0.0,Passed,0.9976089000701904
95965218-74cf-478a-a57e-e519238e5128,fe04d943-13ac-4798-a4c3-cc7f6a1b4320,0.0,23.0,36.0,Passed,0.9976089000701904
95965218-74cf-478a-a57e-e519238e5128,259b8861-c297-410e-826e-7ccc4865a9f8,1.0,34.0,35.0,Passed,0.9973620772361755
95965218-74cf-478a-a57e-e519238e5128,de6d1f33-2eba-480a-a18a-95d857705355,1.0,21.0,21.0,Passed,0.9973620772361755
95965218-74cf-478a-a57e-e519238e5128,b79d6a9e-c1db-4d89-819d-23800b157966,1.0,31.0,34.0,Passed,0.9971647262573242
95965218-74cf-478a-a57e-e519238e5128,d7796ce2-869e-47a8-9053-6d04c60ac011,2.0,0.0,0.0,Passed,0.9971647262573242
95965218-74cf-478a-a57e-e519238e5128,299da908-f999-48d0-922b-9996ecabd000,2.0,37.0,50.0,Passed,0.997050940990448
95965218-74cf-478a-a57e-e519238e5128,a92c99fd-ce3d-4d05-bc90-6bbf9476c6ae,1.0,30.0,40.0,Passed,0.997050940990448
95965218-74cf-478a-a57e-e519238e5128,4ce708aa-8e8e-421f-8c4d-0f0c64f4b3ba,28.0,116.0,164.0,Failed,0.9967745542526245
