Folder1,Folder2,AST Edit Distance,DFG Edit Distance,PDG Edit Distance,Passed Or Failed,ROUGE-L
ccf0bab8-4b5d-41a5-a60c-3552ede33ad5,76c89a66-fb46-4b0b-a236-4f1627209f71,0.0,0.0,0.0,Passed,0.41025641025641024
ccf0bab8-4b5d-41a5-a60c-3552ede33ad5,c6d08fbe-1886-4683-afc1-804ff5d7c118,0.0,0.0,0.0,Passed,0.41025641025641024
ccf0bab8-4b5d-41a5-a60c-3552ede33ad5,0f3f2e75-98b1-4470-9eff-5566d63753da,0.0,0.0,0.0,Passed,0.3684210526315789
ccf0bab8-4b5d-41a5-a60c-3552ede33ad5,093ce229-ae31-4a02-91d7-fdcde3e466c2,0.0,57.0,79.0,Failed,0.35897435897435903
