Folder1,Folder2,AST Edit Distance,DFG Edit Distance,PDG Edit Distance,Passed Or Failed,Meteor Score
0cfd9712-72c1-46a5-9127-a814a6a3131c,0fb74846-6e09-4e3d-b010-eff87d31fb89,27.0,0.0,0.0,Passed,0.917949542021533
0cfd9712-72c1-46a5-9127-a814a6a3131c,9716420d-7eb8-4bd2-bd57-3e6bc1a1015e,21.0,0.0,0.0,Passed,0.917949542021533
0cfd9712-72c1-46a5-9127-a814a6a3131c,9e135091-b425-4be0-a130-71fe5e86ecc4,31.0,49.0,0.0,Failed,0.917949542021533
