Folder1,Folder2,AST Edit Distance,DFG Edit Distance,PDG Edit Distance,Passed Or Failed,Similarity Score during Execution
36160981-3054-41d8-b058-513d6f9475e6,f034626f-0010-4155-89cf-a7ae122206d0,36.0,80.0,115.0,Passed,1.3490641117095947
36160981-3054-41d8-b058-513d6f9475e6,cb6f454e-bf4d-4491-999b-3d985c1aa67b,32.0,106.0,136.0,Failed,1.3378461599349976
