Folder1,Folder2,AST Edit Distance,DFG Edit Distance,PDG Edit Distance,Passed Or Failed,Euclidean Distance
f611aa1b-f40e-4e04-b4da-816bc503ea62,d6ddb814-ae64-4f36-8cb0-16d9dfefc70a,1.0,4.0,4.0,Passed,1.8263779878616333
f611aa1b-f40e-4e04-b4da-816bc503ea62,d984a341-57a5-4d3a-8d13-eb8c9190e440,0.0,0.0,0.0,Passed,1.9226473569869995
f611aa1b-f40e-4e04-b4da-816bc503ea62,09c261a2-26d0-4f7a-a5f6-8667e138ad91,0.0,0.0,0.0,Passed,1.9503499269485474
f611aa1b-f40e-4e04-b4da-816bc503ea62,7e41a02d-076e-4368-a11b-5b91e1dc3d0c,0.0,0.0,0.0,Passed,1.9503499269485474
f611aa1b-f40e-4e04-b4da-816bc503ea62,b78e9789-2a57-42e2-a29b-d08ea4b00398,18.0,4.0,12.0,Failed,1.9503499269485474
