Folder1,Folder2,AST Edit Distance,DFG Edit Distance,PDG Edit Distance,Passed Or Failed,ROUGE-2
daac3eff-42c5-4050-88e5-1ef987ac35c2,b53d10c8-d18b-4baf-9663-a4b5dbdced20,32.0,35.0,52.0,Passed,1.0
daac3eff-42c5-4050-88e5-1ef987ac35c2,e2a43a55-5b17-45bb-81c7-40b36f98b9fb,56.0,14.0,22.0,Passed,0.6153846153846154
daac3eff-42c5-4050-88e5-1ef987ac35c2,0d4316fc-a3ee-4fd0-ba5e-e315c458070b,43.0,21.0,32.0,Passed,0.5384615384615384
daac3eff-42c5-4050-88e5-1ef987ac35c2,5ffe2584-5427-4fdd-93c8-b01bdf02cff9,37.0,42.0,62.0,Failed,0.5384615384615384
