Folder1,Folder2,AST Edit Distance,DFG Edit Distance,PDG Edit Distance,Passed Or Failed,Cosine Similarity
3cb49788-3b20-45b4-a570-83490e8eac28,4f64ca6b-0787-450c-909a-53de51e4a2f5,16.0,0.0,0.0,Passed,0.9990077614784241
3cb49788-3b20-45b4-a570-83490e8eac28,fbb880e8-a1db-4e3f-b243-ceefe427ad71,1.0,0.0,0.0,Passed,0.9989235401153564
3cb49788-3b20-45b4-a570-83490e8eac28,fe20fa9e-4a5f-4488-a8d8-9d481d7f9637,15.0,40.0,62.0,Passed,0.9989098906517029
3cb49788-3b20-45b4-a570-83490e8eac28,b55da115-4917-472b-8746-3ebcb8f308d9,15.0,0.0,0.0,Passed,0.9988075494766235
3cb49788-3b20-45b4-a570-83490e8eac28,838a8041-2917-448c-a8fa-859d742e60dc,15.0,40.0,62.0,Passed,0.9988002777099609
3cb49788-3b20-45b4-a570-83490e8eac28,cc95bf7a-842b-475f-b234-952b625f4b65,15.0,40.0,62.0,Passed,0.998621940612793
3cb49788-3b20-45b4-a570-83490e8eac28,3b1b03b5-804c-48f6-b7ad-31dbddf84e8c,34.0,50.0,90.0,Failed,0.9984837770462036
