Folder1,Folder2,AST Edit Distance,DFG Edit Distance,PDG Edit Distance,Passed Or Failed,ChrF Score
c49760f5-fb14-4fbf-aad5-22be4eccf131,92e109c1-4db4-4912-83bc-4cf5f33fa8d0,10.0,0.0,0.0,Passed,47.674367389330605
c49760f5-fb14-4fbf-aad5-22be4eccf131,c4bc0811-98f6-4998-aa3f-7f77e1ad5fe0,4.0,0.0,0.0,Passed,47.12180405021712
c49760f5-fb14-4fbf-aad5-22be4eccf131,4106043f-d880-4d6b-a4b0-fd84a63a6e8c,2.0,0.0,0.0,Passed,46.75354375444287
c49760f5-fb14-4fbf-aad5-22be4eccf131,0cae25c3-745f-40c1-86a0-54dbf8da156e,11.0,0.0,0.0,Failed,46.257291746800085
