Folder1,Folder2,AST Edit Distance,DFG Edit Distance,PDG Edit Distance,Passed Or Failed,Similarity Score during Execution
47b5ea73-5f76-424a-b588-3ada5e3dd8bb,5af462d7-ef15-4233-a655-7ecb5ae11280,4.0,0.0,0.0,Passed,1.2111767530441284
47b5ea73-5f76-424a-b588-3ada5e3dd8bb,47309cce-f1c1-4ffd-aaa1-a36eff4d5e35,0.0,0.0,0.0,Passed,1.2002896070480347
47b5ea73-5f76-424a-b588-3ada5e3dd8bb,3ca69b81-79b4-4384-ab67-6393ce7bc708,18.0,17.0,28.0,Failed,1.1992255449295044
