Folder1,Folder2,AST Edit Distance,DFG Edit Distance,PDG Edit Distance,Passed Or Failed,Meteor Score
f0355333-5cc0-4414-a16c-cb06b0a5041d,f25e37ed-e056-4518-93b3-2ccfe41f743e,5.0,0.0,0.0,Passed,0.30547250747432736
f0355333-5cc0-4414-a16c-cb06b0a5041d,f63d49d4-0e88-43fc-a6d8-4a4d04184f11,50.0,74.0,107.0,Passed,0.25477707006369427
f0355333-5cc0-4414-a16c-cb06b0a5041d,8182dbe5-5618-42a7-89ac-1cf369b9b1da,33.0,154.0,233.0,Failed,0.2369426751592357
