Folder1,Folder2,AST Edit Distance,DFG Edit Distance,PDG Edit Distance,Passed Or Failed,Similarity Score during Execution
11fbbecf-0854-4a9e-bfa2-484a21253090,bd63a216-a912-4247-8c28-0926fba8d4b8,0.0,0.0,0.0,Passed,1.3663442134857178
11fbbecf-0854-4a9e-bfa2-484a21253090,fdbd5ae8-325a-4024-b0bc-3502026ef1e7,0.0,0.0,0.0,Passed,1.2126715183258057
11fbbecf-0854-4a9e-bfa2-484a21253090,e8264f50-3209-474f-b213-7644cdd259b4,0.0,0.0,0.0,Passed,1.1779125928878784
11fbbecf-0854-4a9e-bfa2-484a21253090,4912329c-f1df-4c81-9c3e-1cf54a6a5a17,1.0,0.0,0.0,Passed,1.1330211162567139
11fbbecf-0854-4a9e-bfa2-484a21253090,1e8940c1-2e63-4358-94e9-770fc9f5d8bc,3.0,15.0,16.0,Passed,1.0520974397659302
11fbbecf-0854-4a9e-bfa2-484a21253090,25ad186d-ba0b-407a-899b-ac2c1908efe3,4.0,26.0,34.0,Failed,0.2612414062023163
