Folder1,Folder2,AST Edit Distance,DFG Edit Distance,PDG Edit Distance,Passed Or Failed,Similarity Score during Execution
675223e5-b062-478a-bf13-38016b48ab16,1897e85e-3205-4198-b60d-a2d6343a183f,1.0,0.0,0.0,Passed,1.569930911064148
675223e5-b062-478a-bf13-38016b48ab16,407ab4cd-d14e-4dd9-9747-3f4c42b9282a,1.0,0.0,0.0,Failed,1.5110859870910645
