Folder1,Folder2,AST Edit Distance,DFG Edit Distance,PDG Edit Distance,Passed Or Failed,Euclidean Distance
4483f92e-be24-4728-93ea-6f598d51de09,a388f1fb-ed24-4842-918d-4e64d5fbef18,0.0,0.0,0.0,Passed,0.5193236470222473
4483f92e-be24-4728-93ea-6f598d51de09,3600f035-a249-4cb9-b326-4184fa40d354,31.0,0.0,0.0,Passed,0.5289493799209595
4483f92e-be24-4728-93ea-6f598d51de09,56c60e86-ecca-4c48-acd5-a8f9c797c320,0.0,0.0,0.0,Passed,0.5289494395256042
4483f92e-be24-4728-93ea-6f598d51de09,fafc1f60-07c6-483c-b1e2-c4c732fc2928,0.0,99.0,139.0,Passed,0.5311762690544128
4483f92e-be24-4728-93ea-6f598d51de09,b0e7dfa7-e3d5-4c84-9e75-5efe9e69b790,31.0,128.0,187.0,Failed,0.5345674157142639
