Folder1,Folder2,AST Edit Distance,DFG Edit Distance,PDG Edit Distance,Passed Or Failed,ChrF Score
e2277ad9-9f56-4336-807f-d451c26271c5,e65a2d87-28e3-4fba-ab46-34f9c3410992,24.0,17.0,26.0,Passed,79.66339017104156
e2277ad9-9f56-4336-807f-d451c26271c5,f7d2f8e0-835f-42aa-a215-6119621fc661,41.0,90.0,136.0,Failed,79.66339017104156
