Folder1,Folder2,AST Edit Distance,DFG Edit Distance,PDG Edit Distance,Passed Or Failed,Similarity Score during Execution
7db29848-aec2-4117-bf27-c22f4b6a6d8d,e357db9a-16fa-4820-8c5b-007b8bd25082,20.0,0.0,0.0,Passed,1.3639897108078003
7db29848-aec2-4117-bf27-c22f4b6a6d8d,2be24346-4372-42bf-9682-f068edd8f71d,7.0,0.0,0.0,Passed,0.9754365682601929
7db29848-aec2-4117-bf27-c22f4b6a6d8d,7c585959-916f-4719-8ba8-8b8a4584f437,23.0,0.0,0.0,Passed,0.9263554215431213
7db29848-aec2-4117-bf27-c22f4b6a6d8d,b946f63a-6e49-4e4c-be8d-d469a6bc8122,28.0,42.0,68.0,Passed,0.8780595660209656
7db29848-aec2-4117-bf27-c22f4b6a6d8d,7a027884-6ef9-4a02-9485-16ab248d9c7c,7.0,63.0,98.0,Failed,0.7807038426399231
