Folder1,Folder2,AST Edit Distance,DFG Edit Distance,PDG Edit Distance,Passed Or Failed,Similarity Score during Execution
c606586d-559b-497b-8db1-e957d3e42996,eb8a0d68-b006-43e4-b0e7-e2fd53b71094,0.0,0.0,0.0,Passed,1.2709228992462158
c606586d-559b-497b-8db1-e957d3e42996,e426943c-1cc1-432b-8612-0be33361385c,0.0,0.0,0.0,Passed,1.2661277055740356
c606586d-559b-497b-8db1-e957d3e42996,951b367b-f321-4d4d-a3b6-519a53be1c4a,0.0,0.0,0.0,Passed,1.2538325786590576
c606586d-559b-497b-8db1-e957d3e42996,bc5e1054-1445-4ee9-b667-95da314b1783,0.0,0.0,0.0,Passed,1.244079828262329
c606586d-559b-497b-8db1-e957d3e42996,cf749075-992e-4c54-9eba-2ab4e8e8a3bf,80.0,93.0,233.0,Failed,1.2413785457611084
