Folder1,Folder2,AST Edit Distance,DFG Edit Distance,PDG Edit Distance,Passed Or Failed,ChrF Score
e4f8449b-4e59-46af-acaa-26ca55d80f7b,e8838d39-153e-4a89-8648-92d7e7ce9655,11.0,0.0,0.0,Passed,76.93828236123751
e4f8449b-4e59-46af-acaa-26ca55d80f7b,ea8685ce-d55f-4f8e-916d-b67273caf6e9,5.0,0.0,0.0,Passed,76.93828236123751
e4f8449b-4e59-46af-acaa-26ca55d80f7b,3e5123d9-ee3c-405c-ba4e-58ae38830c2c,5.0,0.0,0.0,Passed,75.97044367321935
e4f8449b-4e59-46af-acaa-26ca55d80f7b,baa03380-ea43-447f-a5e7-5856dde383c6,11.0,0.0,0.0,Passed,75.97044367321935
e4f8449b-4e59-46af-acaa-26ca55d80f7b,6b46a85f-d8fc-41dd-b5bb-bb45caa343e2,23.0,0.0,0.0,Failed,75.36285567948512
