Folder1,Folder2,AST Edit Distance,DFG Edit Distance,PDG Edit Distance,Passed Or Failed,Cosine Similarity
34c3ee25-ce3e-498c-b0de-f8124d0c6421,359d6327-6a15-46fa-b1b3-c51224a70994,24.0,48.0,67.0,Passed,0.9773125052452087
34c3ee25-ce3e-498c-b0de-f8124d0c6421,4a2a1c5d-8fad-4bf2-b277-520872b090f9,13.0,20.0,24.0,Passed,0.97259122133255
34c3ee25-ce3e-498c-b0de-f8124d0c6421,f77f9a5d-8601-4130-a9e9-dac5ca651bc4,16.0,60.0,87.0,Failed,0.9718341827392578
