Folder1,Folder2,AST Edit Distance,DFG Edit Distance,PDG Edit Distance,Passed Or Failed,ChrF Score
465d6084-0043-4c8d-952f-0c99b544d176,17231b59-7b85-4d79-945e-bb90b9316711,0.0,0.0,0.0,Passed,50.49942652769879
465d6084-0043-4c8d-952f-0c99b544d176,b8e339e8-95ab-4625-843a-9546cc39a051,0.0,0.0,0.0,Failed,47.235431481455926
