Folder1,Folder2,AST Edit Distance,DFG Edit Distance,PDG Edit Distance,Passed Or Failed,Euclidean Distance
4e567edf-84b8-472c-a72b-1da87ed091f1,a30b7505-ec5b-4d7b-95e1-cc222ae65ea7,0.0,0.0,0.0,Passed,0.47999104857444763
4e567edf-84b8-472c-a72b-1da87ed091f1,7e609159-b1d2-47c9-8148-f595f494a2f2,0.0,0.0,0.0,Passed,0.6207913756370544
4e567edf-84b8-472c-a72b-1da87ed091f1,d26ee7f2-d394-4258-a7cb-590051f1b5d7,0.0,0.0,0.0,Passed,0.6207913756370544
4e567edf-84b8-472c-a72b-1da87ed091f1,42646ffb-76e8-4dab-9ca8-e12d10dc6858,0.0,0.0,0.0,Passed,0.6268197298049927
4e567edf-84b8-472c-a72b-1da87ed091f1,5ccf7ab1-21c6-4f7a-82dd-d6aeda45081e,0.0,0.0,0.0,Passed,0.6268197298049927
4e567edf-84b8-472c-a72b-1da87ed091f1,5788c49a-c3a4-4d68-933d-59c0ad79bd73,9.0,0.0,0.0,Failed,0.7187688946723938
