Folder1,Folder2,AST Edit Distance,DFG Edit Distance,PDG Edit Distance,Passed Or Failed,Euclidean Distance
b34132d1-c653-4a27-9341-3bc379a10231,faa56222-7970-4f96-843e-689db501a58a,0.0,0.0,0.0,Passed,0.3021535277366638
b34132d1-c653-4a27-9341-3bc379a10231,2c1e7f3f-7b3a-418d-89da-c57b5630ccf2,23.0,0.0,0.0,Failed,0.31492140889167786
