Folder1,Folder2,AST Edit Distance,DFG Edit Distance,PDG Edit Distance,Passed Or Failed,BLEU score
91cc6c21-60fd-4ef8-8705-a7b1c788d41d,fe48f41f-e07a-45a0-9f67-885133bc2187,38.0,26.0,47.0,Passed,0.306643913404306
91cc6c21-60fd-4ef8-8705-a7b1c788d41d,3ddeb011-8fde-4732-9063-aef33811d10b,19.0,29.0,53.0,Passed,0.2547296653715805
91cc6c21-60fd-4ef8-8705-a7b1c788d41d,c102edad-78b0-4fb3-8238-86aaf0b673b8,17.0,79.0,129.0,Failed,0.24090844358935917
