Folder1,Folder2,AST Edit Distance,DFG Edit Distance,PDG Edit Distance,Passed Or Failed,Cosine Similarity
c49760f5-fb14-4fbf-aad5-22be4eccf131,5f881423-7d38-4fd6-be6a-e0d01e6588b2,19.0,0.0,0.0,Passed,0.9885863065719604
c49760f5-fb14-4fbf-aad5-22be4eccf131,28ad070e-4a98-4f55-a264-4970aff53084,12.0,0.0,0.0,Passed,0.9872206449508667
c49760f5-fb14-4fbf-aad5-22be4eccf131,9fac3622-a914-4d21-a9f7-194dcc608381,1.0,63.0,0.0,Failed,0.9871108531951904
