Folder1,Folder2,AST Edit Distance,DFG Edit Distance,PDG Edit Distance,Passed Or Failed,Similarity Score during Execution
6d9cf037-87f6-41df-a59a-c5cc108dd212,3dbb5587-9306-44d6-8847-f2a266cb243b,0.0,0.0,0.0,Passed,1.0224665403366089
6d9cf037-87f6-41df-a59a-c5cc108dd212,1f12add9-5ea1-4796-9320-4635f07ab49f,0.0,39.0,54.0,Passed,0.893915057182312
6d9cf037-87f6-41df-a59a-c5cc108dd212,c5a70ed1-3393-4eca-97fa-e6a711373b83,16.0,0.0,0.0,Passed,0.8675900101661682
6d9cf037-87f6-41df-a59a-c5cc108dd212,b9d9c6f0-d69c-418b-a31c-0331dbaf6723,7.0,0.0,0.0,Passed,0.8266354203224182
6d9cf037-87f6-41df-a59a-c5cc108dd212,5a4b0754-e688-4ce6-a1f4-a36a5da6a870,0.0,58.0,89.0,Failed,0.824895441532135
