Folder1,Folder2,AST Edit Distance,DFG Edit Distance,PDG Edit Distance,Passed Or Failed,BLEU score
4c63d5c0-776f-45dd-bf05-f15a72182678,f0dc29a7-c38e-4b42-88b3-176dddb1cac3,0.0,0.0,0.0,Passed,0.5780599819850102
4c63d5c0-776f-45dd-bf05-f15a72182678,085805b3-1bda-4df7-87a6-58fa161b556d,7.0,0.0,0.0,Failed,0.5428586816526577
