Folder1,Folder2,AST Edit Distance,DFG Edit Distance,PDG Edit Distance,Passed Or Failed,Similarity Score during Execution
fd8f511e-42b8-4915-9b1e-03c7121ec7c6,0e40a6d1-b6c7-491f-9c67-68eb024a7be5,32.0,0.0,0.0,Passed,1.2984564304351807
fd8f511e-42b8-4915-9b1e-03c7121ec7c6,efc108fc-edef-42ae-b165-9c26d26a3df2,30.0,0.0,0.0,Passed,1.28630530834198
fd8f511e-42b8-4915-9b1e-03c7121ec7c6,9440c11b-6b13-43ce-9575-1678f3c650ba,85.0,0.0,0.0,Failed,1.2685893774032593
