Folder1,Folder2,AST Edit Distance,DFG Edit Distance,PDG Edit Distance,Passed Or Failed,Similarity Score during Execution
94cbd420-d0c3-403a-b43a-a454df22b401,e2218b9b-b7c5-45ac-a02b-52bb3dde2306,1.0,0.0,0.0,Passed,1.179652214050293
94cbd420-d0c3-403a-b43a-a454df22b401,a5bc72c8-bffc-4d31-9baf-1a20626cd0ab,1.0,0.0,0.0,Passed,1.1601115465164185
94cbd420-d0c3-403a-b43a-a454df22b401,f18f164a-e212-47b7-bcbc-dd82d99bea6f,0.0,18.0,27.0,Passed,1.1326152086257935
94cbd420-d0c3-403a-b43a-a454df22b401,edabda50-8581-4c45-b41f-e51719afaaad,1.0,0.0,0.0,Passed,1.0999797582626343
94cbd420-d0c3-403a-b43a-a454df22b401,e563d0b0-0974-4e36-a7cc-6c0058cb3bdd,0.0,0.0,0.0,Passed,1.0971965789794922
94cbd420-d0c3-403a-b43a-a454df22b401,1765f8e4-407f-4a6c-a735-41773c47fd7b,1.0,0.0,0.0,Passed,1.0950549840927124
94cbd420-d0c3-403a-b43a-a454df22b401,c077c1dc-ba3c-4f77-acbd-357595de51de,1.0,24.0,36.0,Failed,1.088618278503418
