Folder1,Folder2,AST Edit Distance,DFG Edit Distance,PDG Edit Distance,Passed Or Failed,ROUGE-2
a06a5d50-a583-447a-8fdd-110a1ac538af,dccf9ebe-f249-42c9-a6ba-2a1d2989d502,0.0,0.0,0.0,Passed,0.8974358974358975
a06a5d50-a583-447a-8fdd-110a1ac538af,17d27347-a145-4563-8f2c-14906557764b,45.0,0.0,0.0,Failed,0.8717948717948718
