Folder1,Folder2,AST Edit Distance,DFG Edit Distance,PDG Edit Distance,Passed Or Failed,ChrF Score
0b280966-c53f-4711-81b5-977371fc3606,458ed421-bc61-4160-9489-0e95396d0de2,32.0,22.0,0.0,Passed,94.59233859736874
0b280966-c53f-4711-81b5-977371fc3606,f80bbe21-57e3-4e36-9376-78f1c8207000,55.0,0.0,0.0,Passed,82.58752173527529
0b280966-c53f-4711-81b5-977371fc3606,bd72343b-1547-4295-bfc3-b861313f57bb,32.0,0.0,0.0,Passed,81.23776828888928
0b280966-c53f-4711-81b5-977371fc3606,f57d3cb6-35f7-4bd4-8877-4a09ce47db0f,33.0,32.0,0.0,Passed,76.9921306910602
0b280966-c53f-4711-81b5-977371fc3606,cc084ee8-5610-47ab-a0b6-1d30c93ad618,73.0,0.0,0.0,Failed,76.94756641353953
