Folder1,Folder2,AST Edit Distance,DFG Edit Distance,PDG Edit Distance,Passed Or Failed,Similarity Score during Execution
18462f9a-0691-44ce-87ea-8f230e28530c,a5f9e191-589c-42eb-888f-1596d6240734,2.0,11.0,16.0,Passed,1.3797111511230469
18462f9a-0691-44ce-87ea-8f230e28530c,d80ccf80-1d6e-477b-847c-a2d0efe90d01,2.0,0.0,0.0,Passed,1.3371139764785767
18462f9a-0691-44ce-87ea-8f230e28530c,5efd9a11-1000-4d42-a90c-e5336933b184,2.0,11.0,16.0,Passed,1.3061574697494507
18462f9a-0691-44ce-87ea-8f230e28530c,67545744-e9b9-4d0d-b5d7-bf83505eead1,2.0,11.0,16.0,Passed,1.2317440509796143
18462f9a-0691-44ce-87ea-8f230e28530c,1bb6e7af-f61c-4e86-a96d-d4ece3b42058,2.0,11.0,16.0,Failed,1.0878154039382935
