Folder1,Folder2,AST Edit Distance,DFG Edit Distance,PDG Edit Distance,Passed Or Failed,Similarity Score during Execution
77080d3d-8f07-4a92-a88a-b48213fdd0ad,be08c28a-9e57-4757-ba42-a0f4bed573d7,47.0,47.0,72.0,Passed,1.2154237031936646
77080d3d-8f07-4a92-a88a-b48213fdd0ad,0b195996-e6bb-4cd1-b842-6ed4d03f3977,33.0,20.0,32.0,Passed,1.208311915397644
77080d3d-8f07-4a92-a88a-b48213fdd0ad,6c6eae6b-29c4-4f5d-8637-ad60aa7cfe3c,23.0,37.0,58.0,Passed,1.1822987794876099
77080d3d-8f07-4a92-a88a-b48213fdd0ad,43d8c27d-af09-45cd-825e-11c3f6ca8681,22.0,20.0,32.0,Passed,1.1645982265472412
77080d3d-8f07-4a92-a88a-b48213fdd0ad,ce9f57d1-f47f-4111-9dc1-33172c305926,16.0,35.0,53.0,Passed,1.13716459274292
77080d3d-8f07-4a92-a88a-b48213fdd0ad,bba81e09-8128-40bf-8208-5fb3288bbc39,19.0,85.0,122.0,Failed,1.0123322010040283
