Folder1,Folder2,AST Edit Distance,DFG Edit Distance,PDG Edit Distance,Passed Or Failed,ROUGE-2
f672ca7a-9a29-41a6-803f-0c5350032e12,9ac5f0bd-9621-454e-a35f-f3da4d45dc75,0.0,0.0,0.0,Passed,0.8767123287671234
f672ca7a-9a29-41a6-803f-0c5350032e12,6a939a87-8553-4c50-8685-4eb99d8e26d1,1.0,0.0,0.0,Passed,0.8493150684931505
f672ca7a-9a29-41a6-803f-0c5350032e12,7b22a4bc-ae86-434b-b8e3-4b047d6c6f96,0.0,0.0,0.0,Passed,0.8493150684931505
f672ca7a-9a29-41a6-803f-0c5350032e12,c10af7e0-63d0-4080-a036-52d216a436eb,0.0,0.0,0.0,Passed,0.8493150684931505
f672ca7a-9a29-41a6-803f-0c5350032e12,d3b15c6b-43f8-4d77-b6fa-111d844759d2,0.0,0.0,0.0,Passed,0.8493150684931505
f672ca7a-9a29-41a6-803f-0c5350032e12,f8247a0d-481a-4041-b48d-a8452c53359c,5.0,0.0,0.0,Failed,0.8493150684931505
