Folder1,Folder2,AST Edit Distance,DFG Edit Distance,PDG Edit Distance,Passed Or Failed,ROUGE-L
f4a32617-63f7-47b9-b78c-b45e6a1cd94e,a77cb5df-e86c-47b5-8c32-8c7149c49d59,1.0,0.0,0.0,Passed,0.75
f4a32617-63f7-47b9-b78c-b45e6a1cd94e,bf57984d-9542-4ff6-a6d1-60dbb6364e4c,1.0,0.0,0.0,Passed,0.75
f4a32617-63f7-47b9-b78c-b45e6a1cd94e,040ff60b-3fd3-4b77-9b86-219386fa7989,1.0,0.0,0.0,Passed,0.6666666666666666
f4a32617-63f7-47b9-b78c-b45e6a1cd94e,12085986-e2e1-4922-b28c-4fe9609d0168,1.0,0.0,0.0,Passed,0.6666666666666666
f4a32617-63f7-47b9-b78c-b45e6a1cd94e,1935989b-6ff0-4ac7-ac30-18c6c58ab5cb,4.0,29.0,41.0,Failed,0.6666666666666666
