Folder1,Folder2,AST Edit Distance,DFG Edit Distance,PDG Edit Distance,Passed Or Failed,Similarity Score during Execution
5d41e44c-b039-4be5-95ed-37b24f967e3e,c17d6225-ce2a-4523-9bea-f6ad3e1a5f39,48.0,13.0,20.0,Passed,1.2291816473007202
5d41e44c-b039-4be5-95ed-37b24f967e3e,5a42612d-7dbe-42e0-9d95-9cbbd8e955c2,59.0,20.0,32.0,Passed,1.178675651550293
5d41e44c-b039-4be5-95ed-37b24f967e3e,7692d556-4631-4e9d-8e7e-e17130af10dd,41.0,90.0,136.0,Failed,1.1558090448379517
