Folder1,Folder2,AST Edit Distance,DFG Edit Distance,PDG Edit Distance,Passed Or Failed,Similarity Score during Execution
f113351e-c11e-434f-8ef0-dbe86be4abf8,d50a8564-f1ec-4c46-847f-3c1d84509a5f,12.0,0.0,0.0,Passed,1.391932487487793
f113351e-c11e-434f-8ef0-dbe86be4abf8,11fa1a8a-09b4-4f95-b35e-b1ee2d17b482,0.0,0.0,0.0,Passed,1.3812435865402222
f113351e-c11e-434f-8ef0-dbe86be4abf8,8d58e499-c827-4f5c-aaab-0ca95e181e98,13.0,0.0,0.0,Passed,1.3605778217315674
f113351e-c11e-434f-8ef0-dbe86be4abf8,cb1061c0-8d8d-49be-bbdb-8a8b079b6fa3,10.0,0.0,0.0,Passed,1.3572657108306885
f113351e-c11e-434f-8ef0-dbe86be4abf8,ddcb9c67-0e45-45db-a124-fb95212bde26,27.0,0.0,0.0,Failed,1.3487449884414673
