Folder1,Folder2,AST Edit Distance,DFG Edit Distance,PDG Edit Distance,Passed Or Failed,Similarity Score during Execution
4ca1e60c-9df9-400a-957e-87898a0ab3b9,fd90d3be-9fbb-40c2-a844-15622867d8be,1.0,0.0,0.0,Passed,1.2701116800308228
4ca1e60c-9df9-400a-957e-87898a0ab3b9,ee765ed2-cdfe-4f15-b948-3343aa158ceb,0.0,0.0,0.0,Passed,1.2678405046463013
4ca1e60c-9df9-400a-957e-87898a0ab3b9,9f77f646-ba56-43b6-8264-e81c8fe35214,1.0,0.0,0.0,Passed,1.2615467309951782
4ca1e60c-9df9-400a-957e-87898a0ab3b9,6534a2ad-9be2-47b0-be73-fce9f5a608e5,0.0,0.0,0.0,Passed,1.2143571376800537
4ca1e60c-9df9-400a-957e-87898a0ab3b9,4e3c87ef-86af-4599-b1c3-1f0ebc933527,2.0,0.0,0.0,Failed,1.1894437074661255
