Folder1,Folder2,AST Edit Distance,DFG Edit Distance,PDG Edit Distance,Passed Or Failed,BLEU score
6d702183-1cae-40fe-bd0c-c42dfa268893,b218cea6-e554-4086-a774-a1eaa6e3dd07,0.0,0.0,0.0,Passed,1.0000000000000004
6d702183-1cae-40fe-bd0c-c42dfa268893,7d90dc05-60ca-4cf4-928e-2a2efd1d930f,0.0,0.0,0.0,Passed,0.7393504109139372
6d702183-1cae-40fe-bd0c-c42dfa268893,9a2d468a-3813-4eae-9f22-7c9a599aaba8,26.0,0.0,0.0,Passed,0.6103046077016896
6d702183-1cae-40fe-bd0c-c42dfa268893,f6c66c4f-e4be-48ec-b0ff-bb9fbfadfb7d,14.0,8.0,18.0,Passed,0.11949506711399248
6d702183-1cae-40fe-bd0c-c42dfa268893,091231f3-ef8c-481e-8e17-e5b1ad302fb8,20.0,21.0,34.0,Failed,0.10182697925328926
