Folder1,Folder2,AST Edit Distance,DFG Edit Distance,PDG Edit Distance,Passed Or Failed,ChrF Score
5d3321d9-8781-46ce-bc76-ce667ba46a05,2531efea-2fbf-4b50-9072-937cce7d4e45,293.0,0.0,0.0,Passed,80.99346962105727
5d3321d9-8781-46ce-bc76-ce667ba46a05,e714b925-6fd9-4669-8a6f-f9d347ac0b12,274.0,0.0,0.0,Passed,80.99346962105727
5d3321d9-8781-46ce-bc76-ce667ba46a05,aafd5234-7340-454d-8863-5f401cbc87e0,262.0,0.0,0.0,Passed,80.21437250575086
5d3321d9-8781-46ce-bc76-ce667ba46a05,fbe68e11-9120-42b6-bf1a-2407a84cf0bc,255.0,0.0,0.0,Passed,80.21437250575086
5d3321d9-8781-46ce-bc76-ce667ba46a05,d0f9363c-da6f-42bf-8b8a-3e0e5494ceb7,292.0,0.0,0.0,Passed,79.67994572916452
5d3321d9-8781-46ce-bc76-ce667ba46a05,fbfcb8eb-e837-4c66-9759-a3026aba60df,274.0,0.0,0.0,Passed,79.67994572916452
5d3321d9-8781-46ce-bc76-ce667ba46a05,c9560888-8abe-4651-b964-1f5b4ddabf0e,297.0,0.0,0.0,Passed,77.81896629719411
5d3321d9-8781-46ce-bc76-ce667ba46a05,3ca32d62-5aee-49eb-9247-4aa87e622d91,298.0,0.0,0.0,Failed,76.22046373422283
