Folder1,Folder2,AST Edit Distance,DFG Edit Distance,PDG Edit Distance,Passed Or Failed,Meteor Score
ca5b82ac-d5d3-4ade-ba2c-8a28879201b9,365b2a91-476c-4827-ac9a-e72f86094c46,64.0,59.0,116.0,Passed,0.8664694280078895
ca5b82ac-d5d3-4ade-ba2c-8a28879201b9,4e0f7af6-a9e6-4d8c-b422-de05941de903,66.0,55.0,122.0,Passed,0.8664694280078895
ca5b82ac-d5d3-4ade-ba2c-8a28879201b9,629fd93f-b86d-4986-b24e-06f28c49ffb7,43.0,56.0,94.0,Passed,0.8664694280078895
ca5b82ac-d5d3-4ade-ba2c-8a28879201b9,937038a4-682b-49e3-8daf-6a597b581e5c,31.0,62.0,115.0,Passed,0.8664694280078895
ca5b82ac-d5d3-4ade-ba2c-8a28879201b9,e0725f1e-404c-41fa-9714-fbf1005d62a3,33.0,60.0,106.0,Passed,0.8664694280078895
ca5b82ac-d5d3-4ade-ba2c-8a28879201b9,ffb4f2a5-420e-4b1b-afea-b1d182f76681,33.0,63.0,114.0,Passed,0.8664694280078895
ca5b82ac-d5d3-4ade-ba2c-8a28879201b9,4166ae90-8f90-4e0b-8483-c40d0238b5ba,61.0,0.0,0.0,Passed,0.7997685185185187
ca5b82ac-d5d3-4ade-ba2c-8a28879201b9,46a3fa50-64ea-41b5-a50a-962c2ffc492d,46.0,42.0,98.0,Passed,0.7997685185185187
ca5b82ac-d5d3-4ade-ba2c-8a28879201b9,540a6990-14cc-44cd-a407-1052053857b2,49.0,65.0,161.0,Failed,0.7997685185185187
