Folder1,Folder2,AST Edit Distance,DFG Edit Distance,PDG Edit Distance,Passed Or Failed,Euclidean Distance
a1a74d6d-0e3b-4835-9f21-9fcdd964ab00,fde6dd43-dee7-467b-9ad2-1955c31322e1,0.0,0.0,0.0,Passed,0.43867987394332886
a1a74d6d-0e3b-4835-9f21-9fcdd964ab00,2f1390bd-e5e7-428e-beae-b3344adc1a46,10.0,0.0,0.0,Passed,0.46729588508605957
a1a74d6d-0e3b-4835-9f21-9fcdd964ab00,cde8327e-0f7d-44da-91bf-d35f602c5288,23.0,0.0,0.0,Passed,0.46729588508605957
a1a74d6d-0e3b-4835-9f21-9fcdd964ab00,92881f10-3a1e-4e5d-b8d1-0732b726ef75,0.0,0.0,0.0,Passed,0.4714057147502899
a1a74d6d-0e3b-4835-9f21-9fcdd964ab00,f9c101d5-5b28-4895-9c83-dc39a6afd94f,31.0,0.0,0.0,Passed,0.4786253273487091
a1a74d6d-0e3b-4835-9f21-9fcdd964ab00,dc800557-8a35-4ad0-9e36-21b9ee6db191,10.0,0.0,0.0,Passed,0.4882092773914337
a1a74d6d-0e3b-4835-9f21-9fcdd964ab00,ea05a8ad-86d6-4916-ae97-b7fe89ac7211,10.0,0.0,0.0,Passed,0.4882092773914337
a1a74d6d-0e3b-4835-9f21-9fcdd964ab00,0cd64538-add6-4cbe-b120-21e0b5f3a389,27.0,20.0,29.0,Failed,0.49700847268104553
