Folder1,Folder2,AST Edit Distance,DFG Edit Distance,PDG Edit Distance,Passed Or Failed,BLEU score
2c67b7d0-a0cf-489f-803a-b8436a088059,96e64481-e544-4359-92f3-a6dd7cf72f43,6.0,0.0,0.0,Passed,0.7838756540325348
2c67b7d0-a0cf-489f-803a-b8436a088059,c9998239-4a07-446e-b991-82b72923c265,10.0,0.0,0.0,Passed,0.7568440125092785
2c67b7d0-a0cf-489f-803a-b8436a088059,2bd7c2ec-dafb-4c20-bd00-f03280604fe7,40.0,0.0,0.0,Passed,0.7294784925745127
2c67b7d0-a0cf-489f-803a-b8436a088059,94113f11-171e-4317-b939-87bdda81a7c3,63.0,126.0,203.0,Failed,0.7099659123095732
