Folder1,Folder2,AST Edit Distance,DFG Edit Distance,PDG Edit Distance,Passed Or Failed,Cosine Similarity
5c9edb85-68f9-4767-94ff-30a10cf5dcb0,7509fd2a-1686-41d6-baa9-114657ff926f,9.0,0.0,0.0,Passed,0.9944301843643188
5c9edb85-68f9-4767-94ff-30a10cf5dcb0,8f8e42f3-bc58-412f-be82-8d333edfbaf5,15.0,0.0,0.0,Passed,0.9936861395835876
5c9edb85-68f9-4767-94ff-30a10cf5dcb0,ad121130-6bfa-4e2a-a5cf-9ae346a5c41d,15.0,0.0,0.0,Passed,0.9936861395835876
5c9edb85-68f9-4767-94ff-30a10cf5dcb0,5e9ea474-b14c-40f6-8f0e-f324a60ed5fa,12.0,0.0,0.0,Passed,0.9936566352844238
5c9edb85-68f9-4767-94ff-30a10cf5dcb0,f889219b-2077-4b7b-9771-8b7e771a6be5,12.0,0.0,0.0,Passed,0.9936566352844238
5c9edb85-68f9-4767-94ff-30a10cf5dcb0,5b0bdcf7-8c33-42bb-adb8-7d3a1bd99b59,12.0,91.0,125.0,Passed,0.9931849837303162
5c9edb85-68f9-4767-94ff-30a10cf5dcb0,b82eea65-6396-467d-82bb-f0c5ef178824,12.0,181.0,270.0,Failed,0.9931849837303162
