Folder1,Folder2,AST Edit Distance,DFG Edit Distance,PDG Edit Distance,Passed Or Failed,BLEU score
afae4f80-ba75-4e24-9325-96dbd41d05d7,2a97370f-a917-4149-95af-53fb348d9b24,0.0,0.0,0.0,Passed,0.5460241725418133
afae4f80-ba75-4e24-9325-96dbd41d05d7,75987ecc-1e37-4cba-ba02-ae3e31b910e5,0.0,0.0,0.0,Passed,0.5460241725418133
afae4f80-ba75-4e24-9325-96dbd41d05d7,8d8bb0f6-ef98-44fb-ba37-d74029ece94a,0.0,0.0,0.0,Passed,0.5460241725418133
afae4f80-ba75-4e24-9325-96dbd41d05d7,c229255e-6310-4bcc-8976-18320affedb3,0.0,0.0,0.0,Passed,0.5460241725418133
afae4f80-ba75-4e24-9325-96dbd41d05d7,657e18c7-dbdb-49e9-b884-ac3a88c98380,0.0,0.0,0.0,Passed,0.508132748154615
afae4f80-ba75-4e24-9325-96dbd41d05d7,f7bb5c8b-ea0e-4f3e-89dd-4466c3957059,0.0,0.0,0.0,Passed,0.508132748154615
afae4f80-ba75-4e24-9325-96dbd41d05d7,0726c4b2-1aa3-4b01-b33a-f1f4388f17c0,0.0,7.0,11.0,Failed,0.4784023976826743
