Folder1,Folder2,AST Edit Distance,DFG Edit Distance,PDG Edit Distance,Passed Or Failed,ROUGE-2
e7c6f930-44da-4515-a98a-0240a2fd68b2,038ba6c6-a2f2-401f-a397-0ad85715b203,0.0,0.0,0.0,Passed,0.8656716417910447
e7c6f930-44da-4515-a98a-0240a2fd68b2,2796229c-0e05-4be1-ae9c-9c1bc7723485,0.0,0.0,0.0,Passed,0.8656716417910447
e7c6f930-44da-4515-a98a-0240a2fd68b2,47a807dd-657a-4c41-911a-9705907b2081,0.0,0.0,0.0,Passed,0.8656716417910447
e7c6f930-44da-4515-a98a-0240a2fd68b2,4b11fd52-c46b-4283-a0d7-bb1e068109f8,0.0,0.0,0.0,Passed,0.8656716417910447
e7c6f930-44da-4515-a98a-0240a2fd68b2,85795e1a-0f9f-49c0-befe-f7d11c92301e,0.0,0.0,0.0,Passed,0.8656716417910447
e7c6f930-44da-4515-a98a-0240a2fd68b2,e395064e-4c5b-4376-b086-07592aa7c5fa,5.0,0.0,0.0,Failed,0.8656716417910447
