Folder1,Folder2,AST Edit Distance,DFG Edit Distance,PDG Edit Distance,Passed Or Failed,Meteor Score
5829e7f8-f726-4374-967f-02eb6c9bdfde,dc44515a-8d03-48af-b001-1c25b2ce6842,4.0,26.0,35.0,Passed,0.7253933700214692
5829e7f8-f726-4374-967f-02eb6c9bdfde,a6cc27a3-d57a-40a7-8b98-d4ec8a116abe,5.0,26.0,35.0,Failed,0.7068138473097152
