Folder1,Folder2,AST Edit Distance,DFG Edit Distance,PDG Edit Distance,Passed Or Failed,Similarity Score during Execution
2cfd9c23-87d8-4022-8107-44e4f81de3b4,e53c5d0c-9a10-4aee-b1a5-be1b782d6c4a,18.0,0.0,0.0,Passed,1.2435054779052734
2cfd9c23-87d8-4022-8107-44e4f81de3b4,45d00b89-b26d-4b29-a457-1c3a91c39460,24.0,60.0,77.0,Failed,1.1719852685928345
