Folder1,Folder2,AST Edit Distance,DFG Edit Distance,PDG Edit Distance,Passed Or Failed,ROUGE-L
a3ce53ce-9843-4abe-b91e-2d9f02394cbd,06b45d1a-acf9-4599-9622-195639f11ab4,31.0,0.0,0.0,Passed,0.6521739130434783
a3ce53ce-9843-4abe-b91e-2d9f02394cbd,40848410-7a62-4c2f-9fb5-040ab097b82f,32.0,0.0,0.0,Passed,0.6521739130434783
a3ce53ce-9843-4abe-b91e-2d9f02394cbd,52e23d8f-dc1e-4cd9-8403-37a686004f13,22.0,0.0,0.0,Passed,0.6521739130434783
a3ce53ce-9843-4abe-b91e-2d9f02394cbd,d7faa6fc-1bbf-4b6a-bbc5-fa02e5bc11d4,31.0,0.0,0.0,Passed,0.6521739130434783
a3ce53ce-9843-4abe-b91e-2d9f02394cbd,e34a8f4f-13d9-4052-ac00-4479f353ca10,37.0,0.0,0.0,Failed,0.6521739130434783
