Folder1,Folder2,AST Edit Distance,DFG Edit Distance,PDG Edit Distance,Passed Or Failed,ROUGE-L
ea64bed6-a9d1-4011-b497-5bda00427d07,095888f7-ed9e-414f-b2a3-cbb7199a3195,5.0,0.0,0.0,Passed,0.8085106382978723
ea64bed6-a9d1-4011-b497-5bda00427d07,ec9def3c-7c9c-4bd1-a832-9b97d8b17e49,0.0,0.0,0.0,Passed,0.8085106382978723
ea64bed6-a9d1-4011-b497-5bda00427d07,0f02d81b-f450-4196-ab99-67659533fb8d,23.0,0.0,0.0,Failed,0.7916666666666666
