Folder1,Folder2,AST Edit Distance,DFG Edit Distance,PDG Edit Distance,Passed Or Failed,ChrF Score
3924a6aa-dce2-433a-9ccf-c814707b73ea,be5688d7-88e9-46b8-a1cf-7c3d8400367b,20.0,0.0,0.0,Passed,79.55031172485855
3924a6aa-dce2-433a-9ccf-c814707b73ea,b27202e1-309a-4583-a140-140027b74329,29.0,0.0,0.0,Failed,71.53093812795933
