Folder1,Folder2,AST Edit Distance,DFG Edit Distance,PDG Edit Distance,Passed Or Failed,BLEU score
6944420a-e474-4268-8b9a-1051b330901c,2591dfe8-bdcd-4956-bccd-facc3ea545b1,10.0,0.0,0.0,Passed,0.5528787506540094
6944420a-e474-4268-8b9a-1051b330901c,4fb510c6-9f88-48bc-bc0a-ca8114b2b252,10.0,0.0,0.0,Passed,0.5528787506540094
6944420a-e474-4268-8b9a-1051b330901c,8f9bd6fd-7494-4097-a55a-8da76b385148,20.0,0.0,0.0,Passed,0.5528787506540094
6944420a-e474-4268-8b9a-1051b330901c,939ba2a1-728c-4d8a-bfdd-e00e51927301,19.0,0.0,0.0,Passed,0.5528787506540094
6944420a-e474-4268-8b9a-1051b330901c,b1c4838f-ca52-4b21-bcc4-e07c2930446c,0.0,0.0,0.0,Passed,0.5528787506540094
6944420a-e474-4268-8b9a-1051b330901c,bb0243d5-a249-4279-873f-c748b3b14b96,10.0,0.0,0.0,Passed,0.5528787506540094
6944420a-e474-4268-8b9a-1051b330901c,e64c126a-82bc-4443-987f-e74d5029aa44,10.0,0.0,0.0,Passed,0.5528787506540094
6944420a-e474-4268-8b9a-1051b330901c,fc8fecf9-5884-4f54-8cbc-1ff7191f0692,0.0,0.0,0.0,Passed,0.5528787506540094
6944420a-e474-4268-8b9a-1051b330901c,b7846847-a313-4318-90be-3cc2945d4901,34.0,67.0,106.0,Failed,0.5197584423455894
