Folder1,Folder2,AST Edit Distance,DFG Edit Distance,PDG Edit Distance,Passed Or Failed,ChrF Score
b1683175-8341-4370-8734-a83f80883066,0527e5d5-5891-4f07-b273-567590fc9988,File Not Found,File Not Found,File Not Found,Passed,
b1683175-8341-4370-8734-a83f80883066,978b6399-6917-41b6-8e27-74b47caf6b07,0.0,0.0,0.0,Passed,55.73950255539709
b1683175-8341-4370-8734-a83f80883066,0b80bbad-8431-438f-9b01-a4948d77e3b3,6.0,0.0,0.0,Failed,55.58635833607981
