Folder1,Folder2,AST Edit Distance,DFG Edit Distance,PDG Edit Distance,Passed Or Failed,ChrF Score
47b5ea73-5f76-424a-b588-3ada5e3dd8bb,3ca69b81-79b4-4384-ab67-6393ce7bc708,4.0,0.0,0.0,Passed,89.22187151436644
47b5ea73-5f76-424a-b588-3ada5e3dd8bb,5af462d7-ef15-4233-a655-7ecb5ae11280,18.0,17.0,28.0,Failed,89.22187151436644
