Folder1,Folder2,AST Edit Distance,DFG Edit Distance,PDG Edit Distance,Passed Or Failed,ROUGE-2
c49760f5-fb14-4fbf-aad5-22be4eccf131,292a8347-ecce-49e9-9d17-80d8c9fc6847,0.0,0.0,0.0,Passed,0.4736842105263158
c49760f5-fb14-4fbf-aad5-22be4eccf131,3e7423cd-2f47-4277-a2fc-b553232f1b5a,12.0,0.0,0.0,Passed,0.4533333333333333
c49760f5-fb14-4fbf-aad5-22be4eccf131,baf66144-321c-4f30-aa89-a1649245e363,17.0,0.0,0.0,Failed,0.4533333333333333
