Folder1,Folder2,AST Edit Distance,DFG Edit Distance,PDG Edit Distance,Passed Or Failed,ROUGE-L
6f47bc7e-5af3-46dd-ab2e-d3cd255351dc,ea84569e-4084-4ccf-80d2-44cdcd882ad3,24.0,0.0,0.0,Passed,0.7857142857142857
6f47bc7e-5af3-46dd-ab2e-d3cd255351dc,3a0679a8-6897-4312-9af5-a1a3b2ea3e59,39.0,0.0,0.0,Passed,0.7586206896551724
6f47bc7e-5af3-46dd-ab2e-d3cd255351dc,40349d9d-18cd-4760-b81a-ad170efca854,25.0,46.0,104.0,Failed,0.7586206896551724
