Folder1,Folder2,AST Edit Distance,DFG Edit Distance,PDG Edit Distance,Passed Or Failed,ChrF Score
45956807-2968-42c9-8479-381618b94716,0dd26665-4989-41a5-a4ce-203cc9373bc2,0.0,0.0,0.0,Passed,80.79160237374451
45956807-2968-42c9-8479-381618b94716,5584ed5f-c408-4527-8bd0-2a909a710f0d,0.0,0.0,0.0,Passed,80.79160237374451
45956807-2968-42c9-8479-381618b94716,530e6dad-bf9b-4066-ac9e-148e37c07e45,17.0,21.0,29.0,Failed,79.79950349274544
