Folder1,Folder2,AST Edit Distance,DFG Edit Distance,PDG Edit Distance,Passed Or Failed,ROUGE-2
dab3e42d-7b77-48aa-b1f2-0898820525a4,00057bdc-aee0-4d65-a82d-a905d176407d,32.0,0.0,0.0,Passed,0.7777777777777777
dab3e42d-7b77-48aa-b1f2-0898820525a4,64ca032c-4cfa-4698-8a1c-cd34a19d4298,37.0,0.0,0.0,Failed,0.7777777777777777
