Folder1,Folder2,AST Edit Distance,DFG Edit Distance,PDG Edit Distance,Passed Or Failed,ROUGE-L
f0355333-5cc0-4414-a16c-cb06b0a5041d,f63d49d4-0e88-43fc-a6d8-4a4d04184f11,50.0,74.0,107.0,Passed,0.33962264150943394
f0355333-5cc0-4414-a16c-cb06b0a5041d,f25e37ed-e056-4518-93b3-2ccfe41f743e,5.0,0.0,0.0,Passed,0.3272727272727273
f0355333-5cc0-4414-a16c-cb06b0a5041d,6b6b9dca-c98e-45d5-b95b-4b814c117e3e,44.0,24.0,38.0,Passed,0.32142857142857145
f0355333-5cc0-4414-a16c-cb06b0a5041d,c9e7dcab-4c2c-4642-bd54-99372f20c662,38.0,31.0,47.0,Passed,0.2909090909090909
f0355333-5cc0-4414-a16c-cb06b0a5041d,8182dbe5-5618-42a7-89ac-1cf369b9b1da,33.0,154.0,233.0,Failed,0.2545454545454545
