Folder1,Folder2,AST Edit Distance,DFG Edit Distance,PDG Edit Distance,Passed Or Failed,BLEU score
ee87bd4c-4ec4-4cb1-af60-d746f0fe381d,3da84f02-c0ac-4482-92bb-a4999481db9d,0.0,0.0,0.0,Passed,0.7136094894817863
ee87bd4c-4ec4-4cb1-af60-d746f0fe381d,aeb4753a-e018-4ff7-9c82-2aeaedb9b33b,0.0,0.0,0.0,Passed,0.7136094894817863
ee87bd4c-4ec4-4cb1-af60-d746f0fe381d,f4a83939-4212-4981-b355-199a4d307be3,0.0,0.0,0.0,Passed,0.6872705640065524
ee87bd4c-4ec4-4cb1-af60-d746f0fe381d,fbf2785c-8eb3-4595-89a6-352669be204e,0.0,0.0,0.0,Passed,0.6872705640065524
ee87bd4c-4ec4-4cb1-af60-d746f0fe381d,1b8c5282-a78b-4bd0-85d9-43dc1bdf9bf6,24.0,0.0,0.0,Passed,0.6839422794525194
ee87bd4c-4ec4-4cb1-af60-d746f0fe381d,29bc3fc6-c1fb-4d3d-8b66-f2d3184a2e3e,0.0,0.0,0.0,Passed,0.6839422794525194
ee87bd4c-4ec4-4cb1-af60-d746f0fe381d,53a00471-1e9b-420a-9bd9-27effa59776e,0.0,0.0,0.0,Passed,0.6839422794525194
ee87bd4c-4ec4-4cb1-af60-d746f0fe381d,e144c9fc-0b31-47c1-988c-08d453df8bd2,29.0,0.0,0.0,Failed,0.6839422794525194
