Folder1,Folder2,AST Edit Distance,DFG Edit Distance,PDG Edit Distance,Passed Or Failed,Similarity Score during Execution
9707f3c9-6de4-4142-90bd-8b5d6d02f957,98013802-3ba9-4dc9-964f-7d4e0974a966,0.0,0.0,0.0,Passed,1.2778632640838623
9707f3c9-6de4-4142-90bd-8b5d6d02f957,9a397ab1-9188-4cff-9465-77d18d6e97d6,0.0,0.0,0.0,Passed,1.2613275051116943
9707f3c9-6de4-4142-90bd-8b5d6d02f957,8321e939-2fcc-419c-9c16-3c2ae4c6c8cc,0.0,0.0,0.0,Passed,1.228878140449524
9707f3c9-6de4-4142-90bd-8b5d6d02f957,8441692a-6312-4281-9d8a-c5471bd84429,0.0,0.0,0.0,Passed,1.226536750793457
9707f3c9-6de4-4142-90bd-8b5d6d02f957,48ce6c8d-1c60-4f7f-a6d5-93eb85aa5513,9.0,0.0,0.0,Failed,1.214863657951355
