Folder1,Folder2,AST Edit Distance,DFG Edit Distance,PDG Edit Distance,Passed Or Failed,BLEU score
7afffde8-b9f8-4895-b07d-6acc811a9a24,d1fe2773-c6a0-48c0-97e6-9506e3c1e98c,0.0,0.0,0.0,Passed,0.5731397520475183
7afffde8-b9f8-4895-b07d-6acc811a9a24,4d222241-8f6a-4b71-866c-bfcc3351ecbd,0.0,0.0,0.0,Passed,0.5303784722436514
7afffde8-b9f8-4895-b07d-6acc811a9a24,0ba55c1b-89dc-4be4-b339-8ecffb86bb1c,1.0,0.0,0.0,Passed,0.496706736311865
7afffde8-b9f8-4895-b07d-6acc811a9a24,6abd7494-4aa9-4656-8afc-8e1c2e3b3b64,2.0,0.0,0.0,Passed,0.47240284667510823
7afffde8-b9f8-4895-b07d-6acc811a9a24,ef79e120-0566-4466-9132-b954de5b3fc4,0.0,0.0,0.0,Passed,0.47240284667510823
7afffde8-b9f8-4895-b07d-6acc811a9a24,2b7560cb-cb28-4bbd-80c0-a678698c33ab,0.0,0.0,0.0,Passed,0.45869538998376264
7afffde8-b9f8-4895-b07d-6acc811a9a24,3985760b-c2fa-4444-b2d3-1bfcb5502c40,7.0,0.0,0.0,Failed,0.45869538998376264
