Folder1,Folder2,AST Edit Distance,DFG Edit Distance,PDG Edit Distance,Passed Or Failed,Cosine Similarity
de7a8052-7961-4b34-a8f2-86794968a879,b0b883b2-33d0-4153-bb11-f10ed6664e2c,0.0,0.0,0.0,Passed,0.9992983937263489
de7a8052-7961-4b34-a8f2-86794968a879,b493772a-2dba-4d74-8722-1e7599da0aff,32.0,19.0,27.0,Failed,0.9991845488548279
