Folder1,Folder2,AST Edit Distance,DFG Edit Distance,PDG Edit Distance,Passed Or Failed,ROUGE-L
0d1ed56c-70d0-436c-ac36-c8f95e3e5bfb,8ae4c59f-d150-4e10-893b-737221230e12,23.0,0.0,0.0,Passed,0.8421052631578947
0d1ed56c-70d0-436c-ac36-c8f95e3e5bfb,950b7633-a6da-48b2-b1bb-c6d3a22216db,29.0,0.0,0.0,Failed,0.8421052631578947
