Folder1,Folder2,AST Edit Distance,DFG Edit Distance,PDG Edit Distance,Passed Or Failed,Cosine Similarity
39334af6-26e2-439a-ac2f-709e51dfc68d,acc6d0c0-0417-419f-9bd7-dc62f5afe65f,0.0,0.0,0.0,Passed,0.9985554814338684
39334af6-26e2-439a-ac2f-709e51dfc68d,f6587133-db1b-45a0-b793-5adba0f804e3,0.0,0.0,0.0,Passed,0.9985554814338684
39334af6-26e2-439a-ac2f-709e51dfc68d,0ec33c39-ffad-4648-a759-2177792b2405,0.0,0.0,0.0,Passed,0.9981043934822083
39334af6-26e2-439a-ac2f-709e51dfc68d,639f935f-b37f-4f3a-aecb-fc6a419bcc53,22.0,0.0,0.0,Failed,0.9978476762771606
