Folder1,Folder2,AST Edit Distance,DFG Edit Distance,PDG Edit Distance,Passed Or Failed,Cosine Similarity
7db29848-aec2-4117-bf27-c22f4b6a6d8d,b946f63a-6e49-4e4c-be8d-d469a6bc8122,28.0,42.0,68.0,Passed,0.9977598190307617
7db29848-aec2-4117-bf27-c22f4b6a6d8d,7a027884-6ef9-4a02-9485-16ab248d9c7c,7.0,63.0,98.0,Failed,0.9970025420188904
