Folder1,Folder2,AST Edit Distance,DFG Edit Distance,PDG Edit Distance,Passed Or Failed,Meteor Score
638193a6-81a0-4a4e-84cf-d79729552276,6d2a6a92-80b8-4630-9fbd-5af9cb1ff579,0.0,14.0,20.0,Passed,0.7854191263282172
638193a6-81a0-4a4e-84cf-d79729552276,de300bab-4aef-461a-addb-7604e9623afd,0.0,2.0,2.0,Passed,0.7854191263282172
638193a6-81a0-4a4e-84cf-d79729552276,04411a6a-c6fa-4e7b-99fc-0e6f354b610c,70.0,0.0,0.0,Failed,0.7833530106257379
