Folder1,Folder2,AST Edit Distance,DFG Edit Distance,PDG Edit Distance,Passed Or Failed,BLEU score
77886076-0675-490e-9097-fb52713a721b,3832e395-fe7c-41a9-995f-f1d0c97ebc40,2.0,0.0,0.0,Passed,0.5460241725418133
77886076-0675-490e-9097-fb52713a721b,0f726db6-97d4-4a00-ac0c-dbabc13b8355,3.0,0.0,0.0,Failed,0.508132748154615
