Folder1,Folder2,AST Edit Distance,DFG Edit Distance,PDG Edit Distance,Passed Or Failed,ROUGE-L
2bfe82f1-f120-42ee-94a8-e3d93ac7a389,8e557b85-e5ff-43d3-8c42-3ce6262d8a08,34.0,33.0,50.0,Passed,0.5555555555555556
2bfe82f1-f120-42ee-94a8-e3d93ac7a389,9941e3d4-ddc2-4637-9c70-e3953d5740c0,34.0,40.0,59.0,Passed,0.5555555555555556
2bfe82f1-f120-42ee-94a8-e3d93ac7a389,1894192d-a6d0-4189-9c28-897c86047282,28.0,13.0,20.0,Passed,0.5
2bfe82f1-f120-42ee-94a8-e3d93ac7a389,ee8614a5-4790-41b1-a897-caeb1279d1ba,42.0,0.0,0.0,Passed,0.5
2bfe82f1-f120-42ee-94a8-e3d93ac7a389,615f086d-e100-4353-ac76-c5b0cf5edd49,39.0,40.0,59.0,Failed,0.38888888888888884
