Folder1,Folder2,AST Edit Distance,DFG Edit Distance,PDG Edit Distance,Passed Or Failed,BLEU score
4483f92e-be24-4728-93ea-6f598d51de09,8d2455cb-1a25-44de-9829-99a6819ee9cb,0.0,0.0,0.0,Passed,0.34588324399134474
4483f92e-be24-4728-93ea-6f598d51de09,d78f92b2-2ec1-4d8a-bbf0-386cc029bd89,0.0,126.0,182.0,Passed,0.34588324399134474
4483f92e-be24-4728-93ea-6f598d51de09,410737f4-4797-47f1-9cc0-e77d33ac1f82,0.0,0.0,0.0,Passed,0.3342880313554572
4483f92e-be24-4728-93ea-6f598d51de09,b0e7dfa7-e3d5-4c84-9e75-5efe9e69b790,31.0,128.0,187.0,Failed,0.3342880313554572
