Folder1,Folder2,AST Edit Distance,DFG Edit Distance,PDG Edit Distance,Passed Or Failed,Similarity Score during Execution
ece8557f-6ac2-4b8d-a9d2-f7f20c741624,f87478f6-2a63-4e6c-aa29-6a365e2b2508,15.0,0.0,0.0,Passed,1.36045503616333
ece8557f-6ac2-4b8d-a9d2-f7f20c741624,ddda3e93-ffd2-41ae-8228-a718768c205a,1.0,0.0,0.0,Passed,1.3601229190826416
ece8557f-6ac2-4b8d-a9d2-f7f20c741624,f598c3d0-b6db-46f8-90e5-2e571624431e,0.0,0.0,0.0,Passed,1.352954626083374
ece8557f-6ac2-4b8d-a9d2-f7f20c741624,024f14a0-7a40-4eae-89a4-ccbea18fc176,1.0,0.0,0.0,Passed,1.3451937437057495
ece8557f-6ac2-4b8d-a9d2-f7f20c741624,a8967cb1-f06e-4ed4-93fe-85bd3af65ca3,36.0,0.0,0.0,Failed,1.3108360767364502
