Folder1,Folder2,AST Edit Distance,DFG Edit Distance,PDG Edit Distance,Passed Or Failed,Cosine Similarity
62748e96-7881-4249-ac70-0ec7a8084781,7455aeda-5769-4e19-ab97-55dabab3551e,43.0,0.0,0.0,Passed,0.9983725547790527
62748e96-7881-4249-ac70-0ec7a8084781,dd0fe20f-8c2e-4f39-8482-ae7a538e4260,52.0,0.0,0.0,Failed,0.9983725547790527
