Folder1,Folder2,AST Edit Distance,DFG Edit Distance,PDG Edit Distance,Passed Or Failed,Cosine Similarity
9de29147-53e8-411f-9d23-e202b4eaf5e8,0019eb1b-ab4a-415e-8a2e-378795d7c1c9,22.0,96.0,138.0,Passed,0.9996641278266907
9de29147-53e8-411f-9d23-e202b4eaf5e8,f62d4ee6-6c9f-4ac5-b658-162c160f309d,0.0,0.0,0.0,Passed,0.9975975751876831
9de29147-53e8-411f-9d23-e202b4eaf5e8,758b6fa6-6e4b-47e1-811e-fdc0d47a3423,0.0,0.0,0.0,Passed,0.9940980672836304
9de29147-53e8-411f-9d23-e202b4eaf5e8,0cc08104-17fc-439c-8fc9-c97ee0614d31,32.0,22.0,34.0,Passed,0.9932249188423157
9de29147-53e8-411f-9d23-e202b4eaf5e8,6998f9e2-c7e9-4cce-bc04-b8e0f6181250,32.0,29.0,53.0,Passed,0.9918350577354431
9de29147-53e8-411f-9d23-e202b4eaf5e8,2411c500-305e-4ed2-b206-1c79e51f0d41,61.0,85.0,120.0,Failed,0.9894480109214783
