Folder1,Folder2,AST Edit Distance,DFG Edit Distance,PDG Edit Distance,Passed Or Failed,Cosine Similarity
4afaaf99-aae5-49e8-93c1-a8ba4e42c5b9,67b63095-b15e-4b6e-9dfd-b82b69da1bb1,3.0,41.0,57.0,Passed,0.996986448764801
4afaaf99-aae5-49e8-93c1-a8ba4e42c5b9,89ec4cfe-a8bc-4024-b663-e77915351ab7,2.0,29.0,39.0,Passed,0.996986448764801
4afaaf99-aae5-49e8-93c1-a8ba4e42c5b9,37330724-bf92-46c3-8ae3-9fa0ea45315c,0.0,0.0,0.0,Passed,0.9959497451782227
4afaaf99-aae5-49e8-93c1-a8ba4e42c5b9,c4df2f0e-8300-4056-86c8-def4a7b07df6,0.0,0.0,0.0,Passed,0.9959497451782227
4afaaf99-aae5-49e8-93c1-a8ba4e42c5b9,68cbb2d8-531a-417f-82bf-2a2a267c1e3c,33.0,84.0,124.0,Failed,0.9958261847496033
