Folder1,Folder2,AST Edit Distance,DFG Edit Distance,PDG Edit Distance,Passed Or Failed,Meteor Score
75fec747-0437-423a-859c-88eaaac79707,4c254b84-92a4-4db7-b588-b30e08a19cba,7.0,0.0,0.0,Passed,0.7156788205348582
75fec747-0437-423a-859c-88eaaac79707,80d5991a-6673-423e-817f-9ddf76c57e1f,5.0,59.0,86.0,Failed,0.7156788205348582
