Folder1,Folder2,AST Edit Distance,DFG Edit Distance,PDG Edit Distance,Passed Or Failed,ChrF Score
ea64bed6-a9d1-4011-b497-5bda00427d07,0f02d81b-f450-4196-ab99-67659533fb8d,0.0,0.0,0.0,Passed,69.49725628531263
ea64bed6-a9d1-4011-b497-5bda00427d07,095888f7-ed9e-414f-b2a3-cbb7199a3195,5.0,0.0,0.0,Passed,68.02316939309206
ea64bed6-a9d1-4011-b497-5bda00427d07,ec9def3c-7c9c-4bd1-a832-9b97d8b17e49,0.0,0.0,0.0,Passed,68.02316939309206
ea64bed6-a9d1-4011-b497-5bda00427d07,8f85e92a-e9f6-4a23-a76d-e66690e66c37,23.0,0.0,0.0,Failed,67.41847220336369
