Folder1,Folder2,AST Edit Distance,DFG Edit Distance,PDG Edit Distance,Passed Or Failed,BLEU score
c3ebfbea-81cc-4406-836d-ad9a937cf8df,840d9917-b524-47c2-98eb-4a9c05a649c3,28.0,0.0,0.0,Passed,0.2409141984858819
c3ebfbea-81cc-4406-836d-ad9a937cf8df,61b66bc6-5401-45c9-88e1-2df136df6249,26.0,53.0,0.0,Passed,0.22708937278434255
c3ebfbea-81cc-4406-836d-ad9a937cf8df,23e7c34f-8d8f-490d-8e0f-f6fd711c614a,27.0,95.0,0.0,Passed,0.21632991984893418
c3ebfbea-81cc-4406-836d-ad9a937cf8df,00882718-2cdc-4fb7-a471-57c0aed97082,15.0,0.0,0.0,Passed,0.20872747175753711
c3ebfbea-81cc-4406-836d-ad9a937cf8df,21c97ab9-5c87-400d-8b7d-5b0a20c2e6ea,55.0,112.0,0.0,Failed,0.20872747175753711
