Folder1,Folder2,AST Edit Distance,DFG Edit Distance,PDG Edit Distance,Passed Or Failed,Meteor Score
813ed0b2-e965-4a1c-8282-b8ced84791ae,0b144943-316b-4ada-973d-58f588954e6f,43.0,0.0,0.0,Passed,0.9698591474292408
813ed0b2-e965-4a1c-8282-b8ced84791ae,5b9268da-ed00-49eb-af14-94576110512b,44.0,0.0,0.0,Failed,0.9689469537167703
