Folder1,Folder2,AST Edit Distance,DFG Edit Distance,PDG Edit Distance,Passed Or Failed,Similarity Score during Execution
061687ae-3360-4206-b5e2-5cd419880cff,45b90873-3480-411e-91e4-1c57b52c714b,33.0,67.0,110.0,Passed,1.3452541828155518
061687ae-3360-4206-b5e2-5cd419880cff,3b60c295-06d8-4ff9-bc1a-98a7e9b1e590,2.0,48.0,86.0,Passed,1.340237021446228
061687ae-3360-4206-b5e2-5cd419880cff,6edfc199-99a6-44dd-96c9-f3b699260be9,1.0,52.0,78.0,Passed,1.3030285835266113
061687ae-3360-4206-b5e2-5cd419880cff,ee2eb3d4-8faf-4b42-90e9-8f368f746270,0.0,0.0,0.0,Passed,1.2871983051300049
061687ae-3360-4206-b5e2-5cd419880cff,336466bd-f4f3-4586-a378-fa4e7749b46c,50.0,104.0,168.0,Failed,1.276900053024292
