Folder1,Folder2,AST Edit Distance,DFG Edit Distance,PDG Edit Distance,Passed Or Failed,Euclidean Distance
82d323e1-dfb8-478d-9ebd-1e53571dcf42,d8dca71d-a5a1-496e-8fa8-69aa05130944,0.0,0.0,0.0,Passed,0.2554047107696533
82d323e1-dfb8-478d-9ebd-1e53571dcf42,aab84bdf-b539-4904-b9ba-7014621e31e5,25.0,78.0,0.0,Failed,0.2661578059196472
