Folder1,Folder2,AST Edit Distance,DFG Edit Distance,PDG Edit Distance,Passed Or Failed,Similarity Score during Execution
9aeb7338-bdb1-4ed1-a6bb-c7a8c6a7068f,be1f8265-1d7e-4381-9b53-7158e9068d95,8.0,0.0,0.0,Passed,1.2393800020217896
9aeb7338-bdb1-4ed1-a6bb-c7a8c6a7068f,e22c68f1-c827-4d9a-a43e-c0e6d6437321,15.0,0.0,0.0,Passed,1.1081584692001343
9aeb7338-bdb1-4ed1-a6bb-c7a8c6a7068f,ac7fc9c0-e850-45d9-83c6-eb3049ec9bcd,8.0,0.0,0.0,Passed,1.0974334478378296
9aeb7338-bdb1-4ed1-a6bb-c7a8c6a7068f,e8f0a25f-492b-4d36-897b-46ba531c896a,15.0,23.0,0.0,Failed,1.087295413017273
