Folder1,Folder2,AST Edit Distance,DFG Edit Distance,PDG Edit Distance,Passed Or Failed,ChrF Score
b34132d1-c653-4a27-9341-3bc379a10231,c0961388-80a1-4c8d-85da-5b2cc8827901,0.0,0.0,0.0,Passed,57.69702233381771
b34132d1-c653-4a27-9341-3bc379a10231,98cd9549-d3c2-41cf-ab1e-35444bc29349,23.0,0.0,0.0,Failed,57.01552345753596
