Folder1,Folder2,AST Edit Distance,DFG Edit Distance,PDG Edit Distance,Passed Or Failed,Similarity Score during Execution
7e10d4d4-3bd2-465f-afc7-e26ab57e6e7d,3d1f63c2-faa7-444f-b689-b1b92fb3e9ea,8.0,0.0,0.0,Passed,1.298430323600769
7e10d4d4-3bd2-465f-afc7-e26ab57e6e7d,86e66017-a582-40a3-b5a0-01af1511bb4e,3.0,0.0,0.0,Passed,1.2876389026641846
7e10d4d4-3bd2-465f-afc7-e26ab57e6e7d,5ca839ec-ec6d-4b91-8e30-7c050c385633,23.0,0.0,0.0,Passed,1.2617212533950806
7e10d4d4-3bd2-465f-afc7-e26ab57e6e7d,a10ac146-6a65-446d-bb64-d5364043bdf1,8.0,0.0,0.0,Passed,1.2521967887878418
7e10d4d4-3bd2-465f-afc7-e26ab57e6e7d,1dff2969-21a0-4da3-9cce-81d047c5c67f,37.0,47.0,77.0,Failed,1.2288357019424438
