Folder1,Folder2,AST Edit Distance,DFG Edit Distance,PDG Edit Distance,Passed Or Failed,ChrF Score
9a32337a-d575-49b1-85cb-c630940990f3,16bef26f-aa03-453b-b737-824a6f1ef60f,9.0,0.0,0.0,Passed,73.00142819095264
9a32337a-d575-49b1-85cb-c630940990f3,11d40f68-8033-41b4-b5f9-15eb6af34dd4,0.0,0.0,0.0,Passed,70.96842257676809
9a32337a-d575-49b1-85cb-c630940990f3,65f18dc2-e98d-45f5-88e5-ff481cfaef31,5.0,93.0,134.0,Passed,70.83618935728954
9a32337a-d575-49b1-85cb-c630940990f3,254adfa2-240d-47c6-b01a-bf1cbfa734c8,0.0,0.0,0.0,Passed,70.23844240179277
9a32337a-d575-49b1-85cb-c630940990f3,30abbc39-4bd0-4317-82c1-329723f08f06,87.0,85.0,144.0,Failed,70.08987919134213
