Folder1,Folder2,AST Edit Distance,DFG Edit Distance,PDG Edit Distance,Passed Or Failed,ROUGE-L
0d2a0bde-4aec-4c04-b24a-b0c966c67dc2,9966d003-d3c5-4138-b30e-a4c0bb56f3d3,36.0,43.0,69.0,Passed,0.42105263157894735
0d2a0bde-4aec-4c04-b24a-b0c966c67dc2,c7baa23b-7f33-4286-9758-d22552b20f2c,36.0,43.0,69.0,Passed,0.42105263157894735
0d2a0bde-4aec-4c04-b24a-b0c966c67dc2,1acd3204-0e47-4bae-bd71-de90dd9ac5b4,36.0,43.0,69.0,Passed,0.39473684210526316
0d2a0bde-4aec-4c04-b24a-b0c966c67dc2,20f7bd1e-53e5-4415-99b4-025b50b284de,32.0,57.0,89.0,Failed,0.39473684210526316
