Folder1,Folder2,AST Edit Distance,DFG Edit Distance,PDG Edit Distance,Passed Or Failed,Similarity Score during Execution
c7db1623-5c15-4c27-8567-7aa554d77338,863fa25f-c7db-4ad5-80d8-5555ef85a4e9,12.0,0.0,0.0,Passed,1.411230444908142
c7db1623-5c15-4c27-8567-7aa554d77338,55500d60-7ddd-4185-b432-5b05934e7458,2.0,0.0,0.0,Passed,1.3865400552749634
c7db1623-5c15-4c27-8567-7aa554d77338,493bf4b3-341e-4044-b013-5ab242163c2c,8.0,0.0,0.0,Passed,1.3653614521026611
c7db1623-5c15-4c27-8567-7aa554d77338,bf6cfa54-afec-4197-bc03-aa84bdb7ac0a,3.0,0.0,0.0,Passed,1.3607203960418701
c7db1623-5c15-4c27-8567-7aa554d77338,dd752f40-598f-41d9-a24a-6f16f34797d5,18.0,0.0,0.0,Passed,1.3598908185958862
c7db1623-5c15-4c27-8567-7aa554d77338,f3cc487e-e2dc-4585-9d0a-c52601ca0dcb,38.0,60.0,92.0,Failed,1.3143967390060425
