Folder1,Folder2,AST Edit Distance,DFG Edit Distance,PDG Edit Distance,Passed Or Failed,Similarity Score during Execution
beb51ce9-bbf6-470a-b49b-97b377ed04f0,111d4cd4-b535-4e81-9dd7-8ebbc3e4e753,48.0,0.0,0.0,Passed,1.3201123476028442
beb51ce9-bbf6-470a-b49b-97b377ed04f0,903cfcc8-49af-4f3d-810b-b1413cd5ff92,47.0,0.0,0.0,Passed,1.3185973167419434
beb51ce9-bbf6-470a-b49b-97b377ed04f0,fcf5ba76-6f7e-4022-870d-8cccd50217b6,48.0,84.0,148.0,Failed,1.306082844734192
