Folder1,Folder2,AST Edit Distance,DFG Edit Distance,PDG Edit Distance,Passed Or Failed,ROUGE-L
34c3ee25-ce3e-498c-b0de-f8124d0c6421,18eb054f-990a-4054-8d56-a159065ec0f5,0.0,0.0,0.0,Passed,0.7428571428571429
34c3ee25-ce3e-498c-b0de-f8124d0c6421,a933c903-9bd3-4a3b-9425-508920e13f26,0.0,0.0,0.0,Passed,0.7428571428571429
34c3ee25-ce3e-498c-b0de-f8124d0c6421,09aa479f-3138-4821-ae65-37d33a7a1536,3.0,0.0,0.0,Passed,0.7222222222222223
34c3ee25-ce3e-498c-b0de-f8124d0c6421,2823e829-5401-4153-ac4c-ed0481a1c3d4,8.0,0.0,0.0,Failed,0.7222222222222223
