Folder1,Folder2,AST Edit Distance,DFG Edit Distance,PDG Edit Distance,Passed Or Failed,BLEU score
3797756d-7fe6-45bd-b23d-d3e4f43528f5,8829c3d2-73e3-48b7-a6fb-f09d45c59077,14.0,0.0,0.0,Passed,0.5330640187089943
3797756d-7fe6-45bd-b23d-d3e4f43528f5,c5ed2a9a-8571-402c-9d8a-e9f3b38cd63e,1.0,0.0,0.0,Passed,0.5330640187089943
3797756d-7fe6-45bd-b23d-d3e4f43528f5,2ecc948b-c811-4f83-973e-5e1c714f7739,1.0,0.0,0.0,Passed,0.48624389134644175
3797756d-7fe6-45bd-b23d-d3e4f43528f5,9a5244b2-6c0a-4d64-96ad-e7972006a302,1.0,0.0,0.0,Passed,0.48624389134644175
3797756d-7fe6-45bd-b23d-d3e4f43528f5,906b7f6a-e179-4247-88a1-9ced7a17aa9d,0.0,0.0,0.0,Passed,0.44903323241491244
3797756d-7fe6-45bd-b23d-d3e4f43528f5,b8b6fa85-d5ed-4a61-acb4-771825626fc3,14.0,0.0,0.0,Passed,0.44903323241491244
3797756d-7fe6-45bd-b23d-d3e4f43528f5,33c8cbcf-618f-47ab-9455-c7bb9d263548,20.0,41.0,54.0,Passed,0.4216890913810254
3797756d-7fe6-45bd-b23d-d3e4f43528f5,3ee73ee0-a4c1-48f1-a0d5-d52530efd3e6,21.0,105.0,149.0,Failed,0.4216890913810254
