Folder1,Folder2,AST Edit Distance,DFG Edit Distance,PDG Edit Distance,Passed Or Failed,Similarity Score during Execution
306d8a2e-c0d9-4b22-a52b-dad3c492ff87,09843385-373e-40c2-975c-6755535b6142,11.0,0.0,0.0,Passed,1.2889291048049927
306d8a2e-c0d9-4b22-a52b-dad3c492ff87,e2537085-4a62-4375-acd6-a8bfc4292fa8,0.0,0.0,0.0,Passed,1.2185165882110596
306d8a2e-c0d9-4b22-a52b-dad3c492ff87,fc62f5a6-a980-4f5a-9e23-66940ff6cc0d,0.0,21.0,35.0,Failed,1.2120896577835083
