Folder1,Folder2,AST Edit Distance,DFG Edit Distance,PDG Edit Distance,Passed Or Failed,Cosine Similarity
4ce0e258-546e-4422-adf5-a5d541ef55bb,566f9646-6d60-481f-839a-dc94b32d4993,3.0,25.0,32.0,Passed,0.996833086013794
4ce0e258-546e-4422-adf5-a5d541ef55bb,af80859c-d9de-483a-8b06-0689657e35ff,3.0,18.0,19.0,Passed,0.996833086013794
4ce0e258-546e-4422-adf5-a5d541ef55bb,48043c02-d725-4482-bf67-0569d1495e62,0.0,0.0,0.0,Passed,0.9965066909790039
4ce0e258-546e-4422-adf5-a5d541ef55bb,773d86d2-4431-4785-8216-481261d002e6,3.0,14.0,18.0,Passed,0.9950569868087769
4ce0e258-546e-4422-adf5-a5d541ef55bb,ff60d6e0-069b-42c8-9446-bbc6953990d4,3.0,19.0,23.0,Passed,0.9950569868087769
4ce0e258-546e-4422-adf5-a5d541ef55bb,20555429-4d67-4a32-ade2-9c98df2bfdac,43.0,80.0,136.0,Failed,0.9947277903556824
