Folder1,Folder2,AST Edit Distance,DFG Edit Distance,PDG Edit Distance,Passed Or Failed,Euclidean Distance
044bd72b-a426-41ff-a99a-b7f83aaf6f1b,c1d8953a-4860-4373-acb1-9190b3794ca3,41.0,46.0,68.0,Passed,0.8640201687812805
044bd72b-a426-41ff-a99a-b7f83aaf6f1b,caf04f76-b0be-4b79-a3ff-339418bd19e7,44.0,0.0,0.0,Passed,0.9467343688011169
044bd72b-a426-41ff-a99a-b7f83aaf6f1b,18509d81-fb1a-42ac-bdd5-0d21bc64e51c,31.0,116.0,178.0,Failed,0.9635621309280396
