Folder1,Folder2,AST Edit Distance,DFG Edit Distance,PDG Edit Distance,Passed Or Failed,Euclidean Distance
1d86ca66-c941-4d3e-b4e6-b2f745a90bf3,1ce8d86e-37eb-4cc6-801f-61811e6913fe,0.0,0.0,0.0,Passed,0.43604835867881775
1d86ca66-c941-4d3e-b4e6-b2f745a90bf3,62c2fb99-921f-4e8c-940a-9367ac458a3e,0.0,0.0,0.0,Passed,0.43604835867881775
1d86ca66-c941-4d3e-b4e6-b2f745a90bf3,eb8291b6-462c-488f-8486-2d6972cdd085,10.0,0.0,0.0,Failed,0.43604835867881775
