Folder1,Folder2,AST Edit Distance,DFG Edit Distance,PDG Edit Distance,Passed Or Failed,ROUGE-2
a1a74d6d-0e3b-4835-9f21-9fcdd964ab00,2f1390bd-e5e7-428e-beae-b3344adc1a46,10.0,0.0,0.0,Passed,0.7647058823529413
a1a74d6d-0e3b-4835-9f21-9fcdd964ab00,cde8327e-0f7d-44da-91bf-d35f602c5288,23.0,0.0,0.0,Passed,0.7647058823529413
a1a74d6d-0e3b-4835-9f21-9fcdd964ab00,1bef8fff-4291-42bc-a4a6-862eea97565e,0.0,0.0,0.0,Passed,0.7058823529411765
a1a74d6d-0e3b-4835-9f21-9fcdd964ab00,ab1271d4-9964-49e6-a56a-5022b81668be,0.0,0.0,0.0,Passed,0.7058823529411765
a1a74d6d-0e3b-4835-9f21-9fcdd964ab00,0cd64538-add6-4cbe-b120-21e0b5f3a389,0.0,0.0,0.0,Passed,0.6470588235294117
a1a74d6d-0e3b-4835-9f21-9fcdd964ab00,0ef9e850-9fbb-4dce-aa97-0b400e553225,26.0,0.0,0.0,Passed,0.6470588235294117
a1a74d6d-0e3b-4835-9f21-9fcdd964ab00,1c60ee93-1dc6-46c5-9cd5-c650316ee81c,27.0,20.0,29.0,Failed,0.6470588235294117
