Folder1,Folder2,AST Edit Distance,DFG Edit Distance,PDG Edit Distance,Passed Or Failed,ROUGE-L
7db29848-aec2-4117-bf27-c22f4b6a6d8d,b946f63a-6e49-4e4c-be8d-d469a6bc8122,28.0,42.0,68.0,Passed,0.8484848484848485
7db29848-aec2-4117-bf27-c22f4b6a6d8d,0436e96e-6e62-4d65-b7bb-3c561b8fe25b,7.0,63.0,98.0,Failed,0.8235294117647058
