Folder1,Folder2,AST Edit Distance,DFG Edit Distance,PDG Edit Distance,Passed Or Failed,Cosine Similarity
3cefc181-15a4-4503-930c-6581e979f2fe,0a5df2ce-8d3a-4493-8ab2-66290ebe1845,0.0,0.0,0.0,Passed,0.9994841814041138
3cefc181-15a4-4503-930c-6581e979f2fe,3d200265-9014-49e1-8241-554384e3adaf,3.0,0.0,0.0,Passed,0.9994841814041138
3cefc181-15a4-4503-930c-6581e979f2fe,62bc1c19-cb2d-46df-b8f4-60c95201d540,0.0,0.0,0.0,Passed,0.9994841814041138
3cefc181-15a4-4503-930c-6581e979f2fe,ce89fddd-0014-4f0f-a502-4b2f638292a9,3.0,0.0,0.0,Passed,0.9994841814041138
3cefc181-15a4-4503-930c-6581e979f2fe,dcf8b688-6f64-484b-8347-56d6ca198981,0.0,0.0,0.0,Passed,0.9994841814041138
3cefc181-15a4-4503-930c-6581e979f2fe,e4b99a2c-4614-4f3c-b9ad-65771dafb712,0.0,0.0,0.0,Passed,0.9994841814041138
3cefc181-15a4-4503-930c-6581e979f2fe,1d289a9e-9962-4abf-858a-eb2c69a43e73,0.0,0.0,0.0,Passed,0.9993482828140259
3cefc181-15a4-4503-930c-6581e979f2fe,34b2676b-338b-4345-bbc1-e32f3fb1e3e6,2.0,3.0,5.0,Passed,0.9993482828140259
3cefc181-15a4-4503-930c-6581e979f2fe,7dc136a1-e0a9-4bba-863c-03d781a17afa,3.0,19.0,26.0,Failed,0.9993482232093811
