Folder1,Folder2,AST Edit Distance,DFG Edit Distance,PDG Edit Distance,Passed Or Failed,Meteor Score
2e83d4ae-f891-447d-8095-0c1841473273,5391941c-72d7-4fda-a296-806e189400b3,0.0,0.0,0.0,Passed,0.6651234567901234
2e83d4ae-f891-447d-8095-0c1841473273,81d94e27-9295-4bfc-beb7-9174aecf7784,4.0,0.0,0.0,Failed,0.654320987654321
