Folder1,Folder2,AST Edit Distance,DFG Edit Distance,PDG Edit Distance,Passed Or Failed,ROUGE-2
9aeb7338-bdb1-4ed1-a6bb-c7a8c6a7068f,9bdb742b-d8f2-4a06-8eec-717e58321c00,15.0,0.0,0.0,Passed,0.6933333333333335
9aeb7338-bdb1-4ed1-a6bb-c7a8c6a7068f,be1f8265-1d7e-4381-9b53-7158e9068d95,8.0,0.0,0.0,Passed,0.6666666666666667
9aeb7338-bdb1-4ed1-a6bb-c7a8c6a7068f,ac7fc9c0-e850-45d9-83c6-eb3049ec9bcd,8.0,0.0,0.0,Passed,0.6486486486486487
9aeb7338-bdb1-4ed1-a6bb-c7a8c6a7068f,9b9e734c-0dc8-4840-8814-2e305e7e6b30,15.0,23.0,0.0,Failed,0.64
