Folder1,Folder2,AST Edit Distance,DFG Edit Distance,PDG Edit Distance,Passed Or Failed,Meteor Score
b120b84c-b29e-46a5-9e41-a67176621adc,20a23d03-3774-4ca9-9831-3060f86b6804,0.0,68.0,96.0,Passed,0.9115696225071224
b120b84c-b29e-46a5-9e41-a67176621adc,bd2d5ac6-a2ae-4f7d-9f63-78c0cac9343f,14.0,68.0,96.0,Failed,0.9115696225071224
