Folder1,Folder2,AST Edit Distance,DFG Edit Distance,PDG Edit Distance,Passed Or Failed,Similarity Score during Execution
4ce0e258-546e-4422-adf5-a5d541ef55bb,08959d13-bb5a-44bf-a038-49b718de6ceb,12.0,48.0,69.0,Passed,1.287975788116455
4ce0e258-546e-4422-adf5-a5d541ef55bb,18b5c0e6-8800-4b31-a66a-9d6e4921be94,3.0,20.0,27.0,Passed,1.2849904298782349
4ce0e258-546e-4422-adf5-a5d541ef55bb,ae26f564-4cc7-4824-bb21-8dde9bb9082d,43.0,80.0,136.0,Failed,1.2745378017425537
