Folder1,Folder2,AST Edit Distance,DFG Edit Distance,PDG Edit Distance,Passed Or Failed,Euclidean Distance
c49760f5-fb14-4fbf-aad5-22be4eccf131,f8c83934-45b9-4ea2-b02a-9644405cf2cb,12.0,0.0,0.0,Passed,0.5426562428474426
c49760f5-fb14-4fbf-aad5-22be4eccf131,f81c8dc8-339b-4415-a493-fc594c843b1b,2.0,0.0,0.0,Passed,0.5725444555282593
c49760f5-fb14-4fbf-aad5-22be4eccf131,03c20903-cc80-49f2-8e8c-2799f598dc5d,0.0,0.0,0.0,Passed,0.5946025252342224
c49760f5-fb14-4fbf-aad5-22be4eccf131,cb12d84d-5442-40f4-8ed6-e04a71eec828,2.0,0.0,0.0,Passed,0.6058143973350525
c49760f5-fb14-4fbf-aad5-22be4eccf131,a9c46766-f2cc-46b1-bfde-811bd7012e5f,13.0,0.0,0.0,Passed,0.6133134961128235
c49760f5-fb14-4fbf-aad5-22be4eccf131,9017b13f-af18-4db8-8eeb-108ebc2a4b36,20.0,0.0,0.0,Failed,0.6155076622962952
