Folder1,Folder2,AST Edit Distance,DFG Edit Distance,PDG Edit Distance,Passed Or Failed,Meteor Score
a4d72b42-0d08-47cb-b5a3-c54a483bbf8b,2fc5dfcc-4444-4d7e-9e58-66d1a61d8b63,0.0,0.0,0.0,Passed,0.7854191263282172
a4d72b42-0d08-47cb-b5a3-c54a483bbf8b,32a9a48b-f63e-48f2-be71-04c7824a7a91,0.0,0.0,0.0,Passed,0.7854191263282172
a4d72b42-0d08-47cb-b5a3-c54a483bbf8b,4a647514-2f22-46df-80ae-7970fe028fce,0.0,0.0,0.0,Passed,0.7854191263282172
a4d72b42-0d08-47cb-b5a3-c54a483bbf8b,77e81090-01e7-4b13-98c0-e39e781822e9,0.0,0.0,0.0,Passed,0.7854191263282172
a4d72b42-0d08-47cb-b5a3-c54a483bbf8b,9a423b59-d769-4a36-905f-3ddcf383c62d,0.0,0.0,0.0,Passed,0.7854191263282172
a4d72b42-0d08-47cb-b5a3-c54a483bbf8b,a4c3331c-a8b9-4fe1-8694-27abdfb0b0c5,0.0,0.0,0.0,Passed,0.7854191263282172
a4d72b42-0d08-47cb-b5a3-c54a483bbf8b,02c1eee9-951c-470d-8702-eb23d98b1729,13.0,0.0,0.0,Failed,0.7139285714285715
