Folder1,Folder2,AST Edit Distance,DFG Edit Distance,PDG Edit Distance,Passed Or Failed,ROUGE-2
c49760f5-fb14-4fbf-aad5-22be4eccf131,1ed79592-e74e-4410-bdfe-d8c70cad87df,3.0,0.0,0.0,Passed,0.5000000000000001
c49760f5-fb14-4fbf-aad5-22be4eccf131,a8adaa8a-39e4-42cb-9836-93f99e3c6cb4,0.0,0.0,0.0,Passed,0.5000000000000001
c49760f5-fb14-4fbf-aad5-22be4eccf131,bca81216-45ad-426b-8606-27ecb6f704a2,3.0,0.0,0.0,Passed,0.5000000000000001
c49760f5-fb14-4fbf-aad5-22be4eccf131,6403aa2e-ef2e-463a-a996-1338954714ae,0.0,0.0,0.0,Passed,0.4736842105263158
c49760f5-fb14-4fbf-aad5-22be4eccf131,acda2e91-eb35-4148-bcec-9d6c72d1c8b4,12.0,0.0,0.0,Passed,0.4736842105263158
c49760f5-fb14-4fbf-aad5-22be4eccf131,9a456365-9000-4d99-9dbc-8a1d8b6fa520,29.0,0.0,0.0,Failed,0.4533333333333333
