Folder1,Folder2,AST Edit Distance,DFG Edit Distance,PDG Edit Distance,Passed Or Failed,Similarity Score during Execution
79fb983b-cfc8-4388-94d9-38a3e63e0941,e366f8eb-fd98-4c3b-84ff-393005ddb2ba,12.0,27.0,44.0,Passed,4.738590845952453
79fb983b-cfc8-4388-94d9-38a3e63e0941,86abb708-5ae8-4e43-b7d7-a0bcb2558366,11.0,0.0,0.0,Passed,3.786092966943238
79fb983b-cfc8-4388-94d9-38a3e63e0941,53c70662-37db-4085-aeea-3eade760aeb0,16.0,43.0,52.0,Failed,2.6498532284234955
