Folder1,Folder2,AST Edit Distance,DFG Edit Distance,PDG Edit Distance,Passed Or Failed,BLEU score
95ab94b9-28b0-4312-95c3-d0c0da056b15,01168881-fdce-4c8b-b911-b316b97976af,13.0,0.0,0.0,Passed,0.4401781910960416
95ab94b9-28b0-4312-95c3-d0c0da056b15,a7c82728-0e90-4db0-a4ec-6b8c66b8dfae,21.0,0.0,0.0,Passed,0.4401781910960416
95ab94b9-28b0-4312-95c3-d0c0da056b15,2bf0eff4-2f8f-4df8-affa-895811f1ac53,69.0,0.0,0.0,Failed,0.42873520722225467
