Folder1,Folder2,AST Edit Distance,DFG Edit Distance,PDG Edit Distance,Passed Or Failed,ChrF Score
daac3eff-42c5-4050-88e5-1ef987ac35c2,b53d10c8-d18b-4baf-9663-a4b5dbdced20,45.0,25.0,38.0,Passed,94.66253249413337
daac3eff-42c5-4050-88e5-1ef987ac35c2,96025845-3556-43f6-a7d1-ac75202540ed,32.0,36.0,53.0,Passed,75.31037600751152
daac3eff-42c5-4050-88e5-1ef987ac35c2,e2a43a55-5b17-45bb-81c7-40b36f98b9fb,56.0,14.0,22.0,Passed,70.90952574539729
daac3eff-42c5-4050-88e5-1ef987ac35c2,0d4316fc-a3ee-4fd0-ba5e-e315c458070b,37.0,42.0,62.0,Failed,70.22173463201412
