Folder1,Folder2,AST Edit Distance,DFG Edit Distance,PDG Edit Distance,Passed Or Failed,Euclidean Distance
227a450c-df1f-4d2d-b32d-a661e509dfde,303ae26d-6dfd-46fa-91a8-752c5f2702e1,1.0,0.0,0.0,Passed,0.08843746781349182
227a450c-df1f-4d2d-b32d-a661e509dfde,fc4acf76-076a-41ef-8207-f4cf270a8ad9,3.0,0.0,0.0,Passed,0.08843746781349182
227a450c-df1f-4d2d-b32d-a661e509dfde,227a4030-ba8d-4834-adbc-a5aeee0d27cd,23.0,71.0,0.0,Failed,0.10024435073137283
