Folder1,Folder2,AST Edit Distance,DFG Edit Distance,PDG Edit Distance,Passed Or Failed,ChrF Score
23e9b15f-c1fc-4473-b73b-9da545a16b16,010527b5-9944-4991-817d-a023f316cf2a,1.0,0.0,0.0,Passed,64.84253407222454
23e9b15f-c1fc-4473-b73b-9da545a16b16,84da70ac-f08b-4ea9-b2d3-cba18650b7a7,0.0,30.0,42.0,Passed,64.84253407222454
23e9b15f-c1fc-4473-b73b-9da545a16b16,bf3c2b31-605a-479e-8423-f711f87c9d21,1.0,0.0,0.0,Passed,64.84253407222454
23e9b15f-c1fc-4473-b73b-9da545a16b16,ca24841f-6efb-4f61-b138-e5a0cd6e1481,0.0,36.0,54.0,Passed,64.84253407222454
23e9b15f-c1fc-4473-b73b-9da545a16b16,0598fb40-1ab8-4375-a5c1-f0c69c209aef,30.0,30.0,44.0,Failed,64.79236151649988
