Folder1,Folder2,AST Edit Distance,DFG Edit Distance,PDG Edit Distance,Passed Or Failed,ChrF Score
4483f92e-be24-4728-93ea-6f598d51de09,8d2455cb-1a25-44de-9829-99a6819ee9cb,0.0,0.0,0.0,Passed,61.52046625026792
4483f92e-be24-4728-93ea-6f598d51de09,a388f1fb-ed24-4842-918d-4e64d5fbef18,31.0,128.0,187.0,Failed,61.33432067054042
