Folder1,Folder2,AST Edit Distance,DFG Edit Distance,PDG Edit Distance,Passed Or Failed,ROUGE-L
7e10d4d4-3bd2-465f-afc7-e26ab57e6e7d,24d12eed-65d3-4e25-ad36-180f40182025,8.0,0.0,0.0,Passed,0.7777777777777777
7e10d4d4-3bd2-465f-afc7-e26ab57e6e7d,3d1f63c2-faa7-444f-b689-b1b92fb3e9ea,8.0,0.0,0.0,Passed,0.7777777777777777
7e10d4d4-3bd2-465f-afc7-e26ab57e6e7d,86e66017-a582-40a3-b5a0-01af1511bb4e,3.0,0.0,0.0,Passed,0.7777777777777777
7e10d4d4-3bd2-465f-afc7-e26ab57e6e7d,8ec11d3f-0718-4e63-b5c8-6180db301070,1.0,0.0,0.0,Passed,0.7777777777777777
7e10d4d4-3bd2-465f-afc7-e26ab57e6e7d,01109347-cd5a-41ef-aead-cb1044bd293d,37.0,47.0,77.0,Failed,0.7222222222222223
