Folder1,Folder2,AST Edit Distance,DFG Edit Distance,PDG Edit Distance,Passed Or Failed,ChrF Score
b728c8b0-03a6-4053-ae26-093e66530e79,1df59bfc-2155-4f75-a02c-6eed0cfd1645,1.0,0.0,0.0,Passed,83.81385225640722
b728c8b0-03a6-4053-ae26-093e66530e79,20356895-bfc8-4f18-8f17-cdb11d4e368d,1.0,17.0,0.0,Failed,83.81385225640722
