Folder1,Folder2,AST Edit Distance,DFG Edit Distance,PDG Edit Distance,Passed Or Failed,ChrF Score
cf23513f-6c18-423b-b61d-c5a916b48be7,15811618-8047-4354-be65-5d6e672a7f7b,5.0,20.0,20.0,Passed,85.2393860682447
cf23513f-6c18-423b-b61d-c5a916b48be7,97686067-7e97-4eff-b6f1-dbef61975d40,9.0,0.0,0.0,Passed,85.2393860682447
cf23513f-6c18-423b-b61d-c5a916b48be7,c029155b-765d-45f3-aa70-287b0b118089,5.0,0.0,0.0,Passed,84.64942201877028
cf23513f-6c18-423b-b61d-c5a916b48be7,c5decbb7-0a64-4e5f-acea-7e599d8cee77,5.0,0.0,0.0,Passed,84.64942201877028
cf23513f-6c18-423b-b61d-c5a916b48be7,7ae43fd7-ec0a-4fdc-be46-c5dd00529238,9.0,24.0,28.0,Passed,84.20700810752605
cf23513f-6c18-423b-b61d-c5a916b48be7,a245838d-d8a4-41a8-b1ef-5ee2d2a22232,1.0,0.0,0.0,Passed,84.20700810752605
cf23513f-6c18-423b-b61d-c5a916b48be7,efa8028f-fbb7-4c5c-b6c8-aa552a260483,4.0,32.0,52.0,Failed,82.76609376555034
