Folder1,Folder2,AST Edit Distance,DFG Edit Distance,PDG Edit Distance,Passed Or Failed,Meteor Score
c1d6db95-420e-4b0a-955b-63a2753b4ded,6be294b9-31a6-4b12-bce7-e2b188f90672,19.0,35.0,54.0,Passed,0.22275449101796405
c1d6db95-420e-4b0a-955b-63a2753b4ded,53c36673-39a7-4f20-8ec1-20de764e9f44,19.0,81.0,111.0,Failed,0.17964071856287428
