Folder1,Folder2,AST Edit Distance,DFG Edit Distance,PDG Edit Distance,Passed Or Failed,ROUGE-2
e7d8d3e5-d058-4f84-8b22-bbc1f3772643,41078e7c-13e8-4350-920c-8d7ca8618cf6,0.0,0.0,0.0,Passed,0.11320754716981132
e7d8d3e5-d058-4f84-8b22-bbc1f3772643,30ee2c55-3611-427c-8171-2362ff8d873a,22.0,26.0,42.0,Failed,0.11111111111111109
