Folder1,Folder2,AST Edit Distance,DFG Edit Distance,PDG Edit Distance,Passed Or Failed,Cosine Similarity
716ed644-8bbe-4384-8cde-6b95843d112f,15c11808-3212-48cd-bd8d-4b48e23b1441,5.0,0.0,0.0,Passed,0.9980350136756897
716ed644-8bbe-4384-8cde-6b95843d112f,21a4ee99-7ff1-4f61-91b2-5255b2a196a7,10.0,36.0,68.0,Failed,0.9980350136756897
