Folder1,Folder2,AST Edit Distance,DFG Edit Distance,PDG Edit Distance,Passed Or Failed,ROUGE-L
bd76f325-6fc4-43d5-8c8e-84e37058c1e1,a9db38e4-e285-4ed0-b942-d54579df3f6d,0.0,0.0,0.0,Passed,0.85
bd76f325-6fc4-43d5-8c8e-84e37058c1e1,e83d2292-d624-4256-a808-5991ee42de32,8.0,0.0,0.0,Passed,0.85
bd76f325-6fc4-43d5-8c8e-84e37058c1e1,2511bfc3-62dd-40e6-9b49-6a4802b32ab4,0.0,30.0,35.0,Passed,0.8205128205128205
bd76f325-6fc4-43d5-8c8e-84e37058c1e1,32548f16-3378-4715-976c-5725ffc7674d,263.0,24.0,25.0,Failed,0.8205128205128205
