Folder1,Folder2,AST Edit Distance,DFG Edit Distance,PDG Edit Distance,Passed Or Failed,Meteor Score
0fe6f681-94d8-4a72-a34a-11582add48b3,da5b8d93-95ce-410c-9b36-763e881895f9,2.0,0.0,0.0,Passed,0.8749527588813303
0fe6f681-94d8-4a72-a34a-11582add48b3,f2c6c4b9-9ce7-4dad-be4d-30643490b300,0.0,0.0,0.0,Passed,0.8749527588813303
0fe6f681-94d8-4a72-a34a-11582add48b3,0d91ebf3-f4cf-4072-8732-2fe8643c129d,2.0,0.0,0.0,Failed,0.8329166666666669
