Folder1,Folder2,AST Edit Distance,DFG Edit Distance,PDG Edit Distance,Passed Or Failed,BLEU score
6593e9ed-acd9-42cf-aeae-b3a04f70cfad,a05f2f3e-30ff-43ec-b0e3-1f68a181d181,17.0,20.0,30.0,Passed,0.12015249784254829
6593e9ed-acd9-42cf-aeae-b3a04f70cfad,03f7727c-218e-429f-aac6-75489b815f7a,57.0,29.0,52.0,Passed,0.1180978518111475
6593e9ed-acd9-42cf-aeae-b3a04f70cfad,3b3f1866-0daa-4bf0-be7c-ac61fe69f863,2.0,0.0,0.0,Passed,0.10666074682721874
6593e9ed-acd9-42cf-aeae-b3a04f70cfad,9691239d-e66c-4856-a661-dd49e9ae6df2,20.0,53.0,72.0,Passed,0.10170689362367608
6593e9ed-acd9-42cf-aeae-b3a04f70cfad,5199e8d3-20e0-4e49-9ec9-8b50fdc0deab,16.0,15.0,18.0,Passed,0.09357485940776188
6593e9ed-acd9-42cf-aeae-b3a04f70cfad,6abcb2f5-6746-4002-b258-ff2a208c906b,27.0,53.0,76.0,Failed,0.0919746994695724
