Folder1,Folder2,AST Edit Distance,DFG Edit Distance,PDG Edit Distance,Passed Or Failed,Meteor Score
a1a74d6d-0e3b-4835-9f21-9fcdd964ab00,cc0db96c-c674-4599-a232-82d98792ab1a,53.0,0.0,0.0,Passed,0.26946107784431134
a1a74d6d-0e3b-4835-9f21-9fcdd964ab00,04d455a7-2d81-44dc-816d-7c6a3391532d,26.0,83.0,126.0,Passed,0.2553226879574185
a1a74d6d-0e3b-4835-9f21-9fcdd964ab00,91e7205e-9dd8-4c23-9fb0-5e655a3b4baa,42.0,68.0,103.0,Passed,0.23952095808383234
a1a74d6d-0e3b-4835-9f21-9fcdd964ab00,bc22b23f-d760-4e1f-ba43-d17200ea50c1,54.0,214.0,318.0,Failed,0.23952095808383234
