Folder1,Folder2,AST Edit Distance,DFG Edit Distance,PDG Edit Distance,Passed Or Failed,ROUGE-2
f5da9c02-9c14-46b8-ba57-463d651bf9fd,2840e02b-ea00-4887-9084-7f22dd52fb1e,0.0,0.0,0.0,Passed,0.8666666666666666
f5da9c02-9c14-46b8-ba57-463d651bf9fd,6dce6277-7e36-4ce5-8d8f-df91b79c002e,0.0,0.0,0.0,Passed,0.8666666666666666
f5da9c02-9c14-46b8-ba57-463d651bf9fd,7e3b134f-823d-41db-a760-d8e12459bb7e,0.0,0.0,0.0,Passed,0.8666666666666666
f5da9c02-9c14-46b8-ba57-463d651bf9fd,c66ddebf-bfb0-4f58-a7d6-732786087c58,0.0,0.0,0.0,Passed,0.8666666666666666
f5da9c02-9c14-46b8-ba57-463d651bf9fd,76040d0e-8482-42d3-b0ca-5e3f3f92512a,14.0,12.0,23.0,Failed,0.7999999999999999
