Folder1,Folder2,AST Edit Distance,DFG Edit Distance,PDG Edit Distance,Passed Or Failed,ROUGE-L
7e61db62-a835-410f-9692-fe4a5556b3f3,43daee34-7315-4beb-a406-e9f0aad71e88,1.0,0.0,0.0,Passed,0.7878787878787878
7e61db62-a835-410f-9692-fe4a5556b3f3,f1e37921-9f66-4466-8f22-ef2f6d1bdcff,65.0,0.0,0.0,Failed,0.7878787878787878
