Folder1,Folder2,AST Edit Distance,DFG Edit Distance,PDG Edit Distance,Passed Or Failed,ROUGE-2
59d6457f-b5bb-40b7-9c20-fc6ca700d76f,550fc053-cd0a-470f-a605-19f85ad23545,29.0,56.0,81.0,Passed,0.5333333333333333
59d6457f-b5bb-40b7-9c20-fc6ca700d76f,9c573763-e2ec-4f05-9191-27d81c44839d,30.0,51.0,75.0,Passed,0.5333333333333333
59d6457f-b5bb-40b7-9c20-fc6ca700d76f,a6d6dcbe-aaf6-4ec2-92f8-9d5d39b4553e,25.0,0.0,0.0,Passed,0.5333333333333333
59d6457f-b5bb-40b7-9c20-fc6ca700d76f,9296bfce-975f-40da-a303-5b7d199dbdc3,29.0,56.0,84.0,Passed,0.4666666666666667
59d6457f-b5bb-40b7-9c20-fc6ca700d76f,cfb20b6d-e58f-4e19-b0ec-9119319aba83,52.0,53.0,77.0,Failed,0.4000000000000001
