Folder1,Folder2,AST Edit Distance,DFG Edit Distance,PDG Edit Distance,Passed Or Failed,Euclidean Distance
c49760f5-fb14-4fbf-aad5-22be4eccf131,603394d5-c1dc-4d85-b017-8c937b1d1d5d,13.0,0.0,0.0,Passed,0.5725444555282593
c49760f5-fb14-4fbf-aad5-22be4eccf131,da998279-81e2-4dd2-984a-726586cd46fa,7.0,0.0,0.0,Passed,0.6133134961128235
c49760f5-fb14-4fbf-aad5-22be4eccf131,bea71247-956b-4fe4-92f9-9ad0e8fe3a9a,1.0,0.0,0.0,Passed,0.6191551685333252
c49760f5-fb14-4fbf-aad5-22be4eccf131,cefa2406-37c2-470f-993f-b25cffc309ce,12.0,0.0,0.0,Passed,0.6196190714836121
c49760f5-fb14-4fbf-aad5-22be4eccf131,ba288efa-a3a1-4c10-99e1-a6c3029fdd84,13.0,0.0,0.0,Passed,0.6317412853240967
c49760f5-fb14-4fbf-aad5-22be4eccf131,ff4d8b7a-d654-4da0-a5b6-89fd283ffa1e,1.0,0.0,0.0,Passed,0.6775940656661987
c49760f5-fb14-4fbf-aad5-22be4eccf131,b14f51b2-51af-4e65-8181-01cedf53194e,19.0,0.0,0.0,Failed,0.7843548059463501
