Folder1,Folder2,AST Edit Distance,DFG Edit Distance,PDG Edit Distance,Passed Or Failed,Cosine Similarity
d08d0dcc-ae55-4b04-8d36-ced0e4f33f2f,9f660a24-6280-46b4-8ffe-4ba6892c252b,6.0,0.0,0.0,Passed,0.9968406558036804
d08d0dcc-ae55-4b04-8d36-ced0e4f33f2f,c4595b15-2c2b-4a92-86c9-2099b4e9d8d2,0.0,0.0,0.0,Passed,0.9968406558036804
d08d0dcc-ae55-4b04-8d36-ced0e4f33f2f,4011a166-a3ee-4dd1-9566-b31caf7e3c51,1.0,0.0,0.0,Passed,0.9960617423057556
d08d0dcc-ae55-4b04-8d36-ced0e4f33f2f,629b12fa-d828-478d-9ef6-2b70116aaf0c,1.0,0.0,0.0,Passed,0.9960617423057556
d08d0dcc-ae55-4b04-8d36-ced0e4f33f2f,90b349f0-479a-4479-acf7-7709c068c07b,1.0,39.0,57.0,Passed,0.9959565997123718
d08d0dcc-ae55-4b04-8d36-ced0e4f33f2f,ba4db0ea-8c16-4e82-a72e-5d275cdbf4df,0.0,0.0,0.0,Passed,0.9959565997123718
d08d0dcc-ae55-4b04-8d36-ced0e4f33f2f,eb990a02-fa07-4a77-8f51-262a210b151c,1.0,73.0,94.0,Passed,0.9953966736793518
d08d0dcc-ae55-4b04-8d36-ced0e4f33f2f,f665f5a4-ec5f-4ca9-8eb5-76fd8b17da36,0.0,0.0,0.0,Passed,0.9953966736793518
d08d0dcc-ae55-4b04-8d36-ced0e4f33f2f,bd9340d2-a31a-4c38-a86e-13e0fae13adb,27.0,80.0,107.0,Failed,0.9951867461204529
