Folder1,Folder2,AST Edit Distance,DFG Edit Distance,PDG Edit Distance,Passed Or Failed,BLEU score
7cb164d2-ba98-4903-a049-9254730c3a97,a935ac6c-da84-4224-a9ab-a9197762cd70,21.0,22.0,30.0,Passed,0.09919047354295821
7cb164d2-ba98-4903-a049-9254730c3a97,bd06f1d3-9e86-4a8f-a949-a535d17134ba,43.0,107.0,168.0,Failed,0.09017965809357265
