Folder1,Folder2,AST Edit Distance,DFG Edit Distance,PDG Edit Distance,Passed Or Failed,BLEU score
72a84849-7be1-41ca-80a0-18255f1c9586,e49c7f77-ba51-4d60-b6ac-896750f09c75,0.0,0.0,0.0,Passed,0.09490040879423388
72a84849-7be1-41ca-80a0-18255f1c9586,ef2e0897-f1b0-4b48-913f-ee690de24114,0.0,0.0,0.0,Passed,0.09490040879423388
72a84849-7be1-41ca-80a0-18255f1c9586,628b4f4c-0823-49d5-8202-fc310db5424f,0.0,0.0,0.0,Passed,0.09362628885841077
72a84849-7be1-41ca-80a0-18255f1c9586,0b6fc29d-7a4a-4af1-8ccb-a10aa631f3ac,38.0,0.0,0.0,Failed,0.08889015257736599
