Folder1,Folder2,AST Edit Distance,DFG Edit Distance,PDG Edit Distance,Passed Or Failed,ROUGE-L
c10ffd15-7582-4ea5-be57-b29958803a34,48319111-1c51-4466-82be-71b1a2a3ed05,0.0,0.0,0.0,Passed,0.8333333333333333
c10ffd15-7582-4ea5-be57-b29958803a34,795bdcae-1eb1-4663-9681-df64f5b71e30,0.0,0.0,0.0,Passed,0.8333333333333333
c10ffd15-7582-4ea5-be57-b29958803a34,f1cdd2b9-ad59-4dbf-9b69-17f372fe95f9,0.0,0.0,0.0,Passed,0.8333333333333333
c10ffd15-7582-4ea5-be57-b29958803a34,5b5633d6-7abd-4cd0-a685-4092a3e7264e,0.0,53.0,78.0,Failed,0.8085106382978723
