Folder1,Folder2,AST Edit Distance,DFG Edit Distance,PDG Edit Distance,Passed Or Failed,ChrF Score
cf513eee-7f8e-4400-b5e8-f538a65bc012,d44a0488-fc87-4c69-aec0-684652ddcb19,27.0,31.0,39.0,Passed,84.21532531411995
cf513eee-7f8e-4400-b5e8-f538a65bc012,2846f99a-63a6-406e-b33e-12fdb87b3258,43.0,35.0,42.0,Failed,83.38446833743461
