Folder1,Folder2,AST Edit Distance,DFG Edit Distance,PDG Edit Distance,Passed Or Failed,Euclidean Distance
0e57af25-6a4a-44f5-98e5-9c5d229c73ee,9fa0eaec-4262-4c9a-a5ac-ccb40420d4e1,0.0,0.0,0.0,Passed,0.34547916054725647
0e57af25-6a4a-44f5-98e5-9c5d229c73ee,0ad73d71-9cb4-4f8f-b979-c2d382b77968,29.0,113.0,166.0,Failed,0.3661379814147949
