Folder1,Folder2,AST Edit Distance,DFG Edit Distance,PDG Edit Distance,Passed Or Failed,ROUGE-2
80fdcf96-c17f-4cb3-82a4-bb4ddd7305b4,1a86cc96-0f23-47c1-b72e-5a1a2ddbcd37,40.0,0.0,0.0,Passed,0.8571428571428571
80fdcf96-c17f-4cb3-82a4-bb4ddd7305b4,a80528d8-301d-4f36-83ce-2d0f06671dbd,40.0,0.0,0.0,Failed,0.8095238095238095
