Folder1,Folder2,AST Edit Distance,DFG Edit Distance,PDG Edit Distance,Passed Or Failed,Euclidean Distance
7d113005-908f-4281-a36f-c7bb461ac862,e4df667a-af47-4b8a-b2a0-ab72294ea528,0.0,0.0,0.0,Passed,0.21713413298130035
7d113005-908f-4281-a36f-c7bb461ac862,fdcd03eb-4f7b-4f97-9a83-ba874ac99288,1.0,0.0,0.0,Passed,0.21713413298130035
7d113005-908f-4281-a36f-c7bb461ac862,064a3d28-6b36-489c-81c6-983249649ae8,3.0,48.0,0.0,Failed,0.22358915209770203
