Folder1,Folder2,AST Edit Distance,DFG Edit Distance,PDG Edit Distance,Passed Or Failed,BLEU score
462e6851-eef3-437d-a812-bff602650600,79b4a3a9-0fd2-488e-b76c-410adc7d0424,46.0,58.0,104.0,Passed,0.6217622907852725
462e6851-eef3-437d-a812-bff602650600,f4735b3e-99a2-490a-8f02-4df095f7db89,41.0,38.0,95.0,Passed,0.6217622907852725
462e6851-eef3-437d-a812-bff602650600,50b99d55-41e4-421f-8dc7-b18e6b6c7a6c,49.0,51.0,99.0,Passed,0.583899712825618
462e6851-eef3-437d-a812-bff602650600,d4ca963c-f0b1-40e2-b9fe-b5bc31e80375,41.0,34.0,82.0,Passed,0.583899712825618
462e6851-eef3-437d-a812-bff602650600,05e59232-37b5-4bd6-872c-da45a6980157,52.0,63.0,145.0,Failed,0.554362831164238
