Folder1,Folder2,AST Edit Distance,DFG Edit Distance,PDG Edit Distance,Passed Or Failed,Meteor Score
df4b1581-b97b-440f-9ddc-a50ef6e6c5ac,b50f600c-c27e-42eb-9987-1ec00a0a6bc5,54.0,35.0,47.0,Passed,0.8329166666666669
df4b1581-b97b-440f-9ddc-a50ef6e6c5ac,df6d8a0e-89ff-4976-a833-ded64c89bb4d,0.0,0.0,0.0,Passed,0.8329166666666669
df4b1581-b97b-440f-9ddc-a50ef6e6c5ac,042bcae7-5b63-41ec-923b-fd10a8c284c6,24.0,0.0,0.0,Passed,0.7494855967078189
df4b1581-b97b-440f-9ddc-a50ef6e6c5ac,34aa33d7-26c0-4f86-a709-aee6cdf2f619,2.0,0.0,0.0,Passed,0.7494855967078189
df4b1581-b97b-440f-9ddc-a50ef6e6c5ac,05a34b5d-3bdb-4a1b-92d1-f610dbf92a5c,32.0,80.0,124.0,Failed,0.7458847736625513
