Folder1,Folder2,AST Edit Distance,DFG Edit Distance,PDG Edit Distance,Passed Or Failed,ROUGE-2
061687ae-3360-4206-b5e2-5cd419880cff,3b60c295-06d8-4ff9-bc1a-98a7e9b1e590,2.0,48.0,86.0,Passed,0.7142857142857143
061687ae-3360-4206-b5e2-5cd419880cff,45b90873-3480-411e-91e4-1c57b52c714b,33.0,67.0,110.0,Passed,0.7142857142857143
061687ae-3360-4206-b5e2-5cd419880cff,6edfc199-99a6-44dd-96c9-f3b699260be9,1.0,52.0,78.0,Passed,0.6428571428571429
061687ae-3360-4206-b5e2-5cd419880cff,9dfdd6c1-32d4-4da8-b216-10ea051a26f0,50.0,104.0,168.0,Failed,0.6428571428571429
