Folder1,Folder2,AST Edit Distance,DFG Edit Distance,PDG Edit Distance,Passed Or Failed,Euclidean Distance
8166477f-e999-4444-aab0-adf86534c894,db955069-74f0-4304-9746-03138c5c1113,15.0,22.0,34.0,Passed,0.8988165855407715
8166477f-e999-4444-aab0-adf86534c894,3aec356a-cf23-472d-afac-2c427331bb41,18.0,83.0,134.0,Failed,0.9007407426834106
