Folder1,Folder2,AST Edit Distance,DFG Edit Distance,PDG Edit Distance,Passed Or Failed,Similarity Score during Execution
c49760f5-fb14-4fbf-aad5-22be4eccf131,e4c12411-22c1-427e-a06c-c956af91fb8f,12.0,0.0,0.0,Passed,0.950019359588623
c49760f5-fb14-4fbf-aad5-22be4eccf131,7b553c90-394f-4b02-a5aa-076bf69d2563,1.0,0.0,0.0,Passed,0.9155998229980469
c49760f5-fb14-4fbf-aad5-22be4eccf131,bbb268f0-5252-4ee3-9e65-55069c0c64fd,1.0,0.0,0.0,Passed,0.8856117129325867
c49760f5-fb14-4fbf-aad5-22be4eccf131,4db49d67-499f-44e5-8fc2-c78b944cc46f,12.0,0.0,0.0,Passed,0.8784077167510986
c49760f5-fb14-4fbf-aad5-22be4eccf131,ffdd6808-ecaf-4214-8306-b97aea5e74ce,12.0,0.0,0.0,Passed,0.8645302057266235
c49760f5-fb14-4fbf-aad5-22be4eccf131,57849fc3-4960-4bc7-95cb-d3fd0ced13fb,2.0,0.0,0.0,Passed,0.8498494029045105
c49760f5-fb14-4fbf-aad5-22be4eccf131,dc55b092-5880-4a35-9e01-c9c1701e06de,16.0,0.0,0.0,Failed,0.8413621783256531
