Folder1,Folder2,AST Edit Distance,DFG Edit Distance,PDG Edit Distance,Passed Or Failed,Cosine Similarity
2c4feb04-6795-4954-bcd1-5155b943010b,c48a7a23-f857-4be7-b42b-5e54a543d3bb,0.0,0.0,0.0,Passed,0.9853910803794861
2c4feb04-6795-4954-bcd1-5155b943010b,ed342459-a278-4db8-b550-87d2b074aed7,8.0,0.0,0.0,Failed,0.9853910803794861
