Folder1,Folder2,AST Edit Distance,DFG Edit Distance,PDG Edit Distance,Passed Or Failed,ROUGE-L
c49760f5-fb14-4fbf-aad5-22be4eccf131,3e7423cd-2f47-4277-a2fc-b553232f1b5a,12.0,0.0,0.0,Passed,0.4935064935064935
c49760f5-fb14-4fbf-aad5-22be4eccf131,baf66144-321c-4f30-aa89-a1649245e363,12.0,0.0,0.0,Passed,0.4935064935064935
c49760f5-fb14-4fbf-aad5-22be4eccf131,0ae74132-aa9d-4de0-94f9-acea18083e84,17.0,0.0,0.0,Failed,0.4871794871794871
