Folder1,Folder2,AST Edit Distance,DFG Edit Distance,PDG Edit Distance,Passed Or Failed,Cosine Similarity
f0190746-a028-4100-ac65-f3a957f01944,a0905dc9-8ea1-4131-ae45-acd72c429504,0.0,26.0,34.0,Passed,0.9949504137039185
f0190746-a028-4100-ac65-f3a957f01944,5c072214-f4ad-4239-ab09-09fcb16f0feb,1.0,33.0,45.0,Failed,0.9943674206733704
