Folder1,Folder2,AST Edit Distance,DFG Edit Distance,PDG Edit Distance,Passed Or Failed,Euclidean Distance
6944420a-e474-4268-8b9a-1051b330901c,068a70b1-7125-4892-8a96-906370e07b9b,10.0,0.0,0.0,Passed,0.47050124406814575
6944420a-e474-4268-8b9a-1051b330901c,200b80e0-3e6b-4759-bf9b-d103a8c8c408,10.0,0.0,0.0,Passed,0.47050124406814575
6944420a-e474-4268-8b9a-1051b330901c,4107a941-8d20-4b98-a999-37cf108efecc,0.0,0.0,0.0,Passed,0.47050124406814575
6944420a-e474-4268-8b9a-1051b330901c,96310e00-90e3-4187-9e88-cbc19fd89646,0.0,0.0,0.0,Passed,0.47050124406814575
6944420a-e474-4268-8b9a-1051b330901c,e8363614-0bc5-4383-b901-f677ccd5e792,30.0,65.0,101.0,Failed,0.47050124406814575
