Folder1,Folder2,AST Edit Distance,DFG Edit Distance,PDG Edit Distance,Passed Or Failed,Cosine Similarity
312880ff-45c5-49d7-b909-01564f580dca,1ce53d89-b56d-43e2-8338-80033431ae57,0.0,0.0,0.0,Passed,0.9917242527008057
312880ff-45c5-49d7-b909-01564f580dca,9be08e94-9503-4a81-82a7-edc35b7ef4c4,9.0,81.0,230.0,Passed,0.9917242527008057
312880ff-45c5-49d7-b909-01564f580dca,2fdeaf9e-1303-4f29-ae04-b9aeed0981cf,0.0,0.0,0.0,Passed,0.9917144179344177
312880ff-45c5-49d7-b909-01564f580dca,599eca21-ce05-47f0-835c-cbf4c375b618,0.0,0.0,0.0,Passed,0.9917144179344177
312880ff-45c5-49d7-b909-01564f580dca,a5ff46ad-b411-494d-bf39-6349216f49f7,0.0,0.0,0.0,Passed,0.9897730350494385
312880ff-45c5-49d7-b909-01564f580dca,6bad0400-eb00-41a8-9de3-e1b4bafe410b,45.0,92.0,246.0,Failed,0.9883326888084412
