Folder1,Folder2,AST Edit Distance,DFG Edit Distance,PDG Edit Distance,Passed Or Failed,BLEU score
a4447716-22f2-4f75-9d33-86f2d956a56f,e4a1bc2f-41df-4d3e-9263-cd61399d94ee,30.0,70.0,99.0,Passed,0.10779768683004065
a4447716-22f2-4f75-9d33-86f2d956a56f,161ed16d-e094-48b7-85cb-d78ad514aca4,13.0,47.0,73.0,Passed,0.0988199669062328
a4447716-22f2-4f75-9d33-86f2d956a56f,7f069eae-a689-44d4-814e-b98f66e9ff8b,85.0,78.0,119.0,Failed,0.0988199669062328
