Folder1,Folder2,AST Edit Distance,DFG Edit Distance,PDG Edit Distance,Passed Or Failed,BLEU score
7e738d6c-8c66-42af-83ce-98a44356b3ce,0307e80c-a203-45c9-8897-32a1bba41135,0.0,0.0,0.0,Passed,0.6336219375156386
7e738d6c-8c66-42af-83ce-98a44356b3ce,0f7dd7dd-d88a-4d2a-9574-f523a6088417,0.0,0.0,0.0,Passed,0.6336219375156386
7e738d6c-8c66-42af-83ce-98a44356b3ce,9d84ab19-788f-421c-adef-83c9154779bf,0.0,0.0,0.0,Passed,0.6336219375156386
7e738d6c-8c66-42af-83ce-98a44356b3ce,ca382c21-d77e-418c-8816-e332e97bfded,0.0,0.0,0.0,Passed,0.6336219375156386
7e738d6c-8c66-42af-83ce-98a44356b3ce,2393501e-af2b-46fb-9ec6-0765400f4ee1,0.0,0.0,0.0,Passed,0.6093102588481377
7e738d6c-8c66-42af-83ce-98a44356b3ce,3257a4e2-9fc6-4c05-9c19-08e969e48459,51.0,21.0,34.0,Failed,0.6093102588481377
