Folder1,Folder2,AST Edit Distance,DFG Edit Distance,PDG Edit Distance,Passed Or Failed,BLEU score
f611aa1b-f40e-4e04-b4da-816bc503ea62,09c261a2-26d0-4f7a-a5f6-8667e138ad91,0.0,0.0,0.0,Passed,0.19446712534969549
f611aa1b-f40e-4e04-b4da-816bc503ea62,7e41a02d-076e-4368-a11b-5b91e1dc3d0c,0.0,0.0,0.0,Passed,0.19446712534969549
f611aa1b-f40e-4e04-b4da-816bc503ea62,d984a341-57a5-4d3a-8d13-eb8c9190e440,0.0,0.0,0.0,Passed,0.1888243784497076
f611aa1b-f40e-4e04-b4da-816bc503ea62,d6ddb814-ae64-4f36-8cb0-16d9dfefc70a,1.0,4.0,4.0,Passed,0.15878174295086991
f611aa1b-f40e-4e04-b4da-816bc503ea62,ee17bcc8-9b10-44d2-acb8-d22b5859eab3,0.0,0.0,0.0,Passed,0.1262744724314408
f611aa1b-f40e-4e04-b4da-816bc503ea62,51c15148-836e-490d-bb5a-ba6edc406cb7,0.0,0.0,0.0,Passed,0.09594785034023695
f611aa1b-f40e-4e04-b4da-816bc503ea62,b78e9789-2a57-42e2-a29b-d08ea4b00398,5.0,6.0,11.0,Passed,0.09594785034023695
f611aa1b-f40e-4e04-b4da-816bc503ea62,dc64e094-a207-40b1-83a6-8c2f7e8b94be,18.0,4.0,12.0,Failed,0.08068220340240514
