Folder1,Folder2,AST Edit Distance,DFG Edit Distance,PDG Edit Distance,Passed Or Failed,Meteor Score
783adfd3-97d8-473f-a78d-4e6cd71478d7,038382ee-f970-4f78-a811-c98e41e51f65,0.0,0.0,0.0,Passed,0.5584793611809578
783adfd3-97d8-473f-a78d-4e6cd71478d7,18ea55e2-bd12-4076-8c6f-66ea572dfc74,17.0,0.0,0.0,Passed,0.5584793611809578
783adfd3-97d8-473f-a78d-4e6cd71478d7,20edf7c3-00f4-442d-a0a7-3a64c1829226,47.0,0.0,0.0,Failed,0.5584793611809578
