Folder1,Folder2,AST Edit Distance,DFG Edit Distance,PDG Edit Distance,Passed Or Failed,ROUGE-L
53e317ac-9267-4588-9f1b-7970e2bfd12a,85407e45-d339-46bc-ae7b-a80faf9911d2,43.0,0.0,0.0,Passed,0.7272727272727274
53e317ac-9267-4588-9f1b-7970e2bfd12a,bb5fa773-b8a8-4fdf-9f6f-40c353d939d9,21.0,0.0,0.0,Passed,0.7272727272727274
53e317ac-9267-4588-9f1b-7970e2bfd12a,06c0baef-565c-469a-b706-d4845697839a,45.0,0.0,0.0,Passed,0.6666666666666667
53e317ac-9267-4588-9f1b-7970e2bfd12a,78bfd457-dc75-4f6a-b97e-c8e725f5b097,22.0,0.0,0.0,Passed,0.6666666666666667
53e317ac-9267-4588-9f1b-7970e2bfd12a,0a612d2d-db0b-4506-94d6-b7cc8db04d04,44.0,0.0,0.0,Passed,0.6363636363636364
53e317ac-9267-4588-9f1b-7970e2bfd12a,405bb583-429a-4c99-9d92-46f872b979c4,42.0,82.0,135.0,Failed,0.6363636363636364
