Folder1,Folder2,AST Edit Distance,DFG Edit Distance,PDG Edit Distance,Passed Or Failed,Similarity Score during Execution
07af0675-950e-400e-8d2b-55d3c92fa51b,af9d5939-733b-4789-b4ad-9962bce866e1,0.0,0.0,0.0,Passed,1.2005283832550049
07af0675-950e-400e-8d2b-55d3c92fa51b,1d849938-963d-49b3-953f-bde5d7cd37f4,0.0,0.0,0.0,Passed,1.1856932640075684
07af0675-950e-400e-8d2b-55d3c92fa51b,2cccb568-f143-4b03-bbcc-b8d64115197d,0.0,0.0,0.0,Passed,1.1760438680648804
07af0675-950e-400e-8d2b-55d3c92fa51b,26783b23-f7ab-4912-8d9e-4677e3415ce9,0.0,0.0,0.0,Passed,1.1643506288528442
07af0675-950e-400e-8d2b-55d3c92fa51b,bf30c379-9551-4c6e-b9c5-209b4b0cd903,1.0,0.0,0.0,Failed,1.1548150777816772
