Folder1,Folder2,AST Edit Distance,DFG Edit Distance,PDG Edit Distance,Passed Or Failed,BLEU score
7d72d009-0e3b-47cb-a951-31967f662fef,1db96cb9-2832-400c-97b1-2f13a892cbc4,0.0,0.0,0.0,Passed,0.48624389134644175
7d72d009-0e3b-47cb-a951-31967f662fef,eececf0d-f06d-490c-9152-7c429e7cafb4,0.0,0.0,0.0,Passed,0.48624389134644175
7d72d009-0e3b-47cb-a951-31967f662fef,081ac94f-6fa9-4249-9674-a8a132e2cf7d,18.0,14.0,0.0,Failed,0.4216890913810254
