Folder1,Folder2,AST Edit Distance,DFG Edit Distance,PDG Edit Distance,Passed Or Failed,Similarity Score during Execution
de5d2e47-5376-4ee5-ab80-21924a842c40,a373e791-b480-4393-84cf-382c351e1303,0.0,0.0,0.0,Passed,1.2521384954452515
de5d2e47-5376-4ee5-ab80-21924a842c40,9b865dd3-0f4b-4a94-94c1-bd8df73679f5,0.0,0.0,0.0,Passed,1.1879737377166748
de5d2e47-5376-4ee5-ab80-21924a842c40,8db252e3-8649-4d88-8d33-2bede3553e7c,0.0,0.0,0.0,Passed,1.1659668684005737
de5d2e47-5376-4ee5-ab80-21924a842c40,06befdb3-6dab-40be-8f0e-7499b43bd467,0.0,0.0,0.0,Passed,1.0732327699661255
de5d2e47-5376-4ee5-ab80-21924a842c40,37a370ae-a08d-401d-ab65-79f52020e9b6,0.0,0.0,0.0,Passed,1.0213888883590698
de5d2e47-5376-4ee5-ab80-21924a842c40,c4ab8df4-c086-41dc-83bf-28703f8d712e,0.0,0.0,0.0,Passed,0.9940394759178162
de5d2e47-5376-4ee5-ab80-21924a842c40,033dee3a-525a-4f90-9ddd-0a56b16ceb6b,0.0,0.0,0.0,Failed,0.6190615296363831
