Folder1,Folder2,AST Edit Distance,DFG Edit Distance,PDG Edit Distance,Passed Or Failed,Cosine Similarity
870aa3d3-0bad-4173-9574-93300dc9dc76,1a3c4414-a8d2-48ff-ba52-71bcf7b87aef,17.0,0.0,0.0,Passed,0.9937633872032166
870aa3d3-0bad-4173-9574-93300dc9dc76,63e68b64-2efd-4ea1-9859-6c5a662deac1,37.0,35.0,58.0,Failed,0.9937633872032166
