Folder1,Folder2,AST Edit Distance,DFG Edit Distance,PDG Edit Distance,Passed Or Failed,Similarity Score during Execution
ccb65103-2c80-4738-b838-5296d2218826,d7afefb5-13a9-436e-81d8-6b94d6051522,0.0,0.0,0.0,Passed,1.3404250144958496
ccb65103-2c80-4738-b838-5296d2218826,9aefa56e-91c3-4d29-a865-ab58884c7cca,0.0,0.0,0.0,Passed,1.2151387929916382
ccb65103-2c80-4738-b838-5296d2218826,2c15d1f8-064f-4822-b64e-651cc53c3d6e,0.0,0.0,0.0,Passed,1.1958482265472412
ccb65103-2c80-4738-b838-5296d2218826,3417d430-d02b-4bc7-9e7d-01bf327be3c5,0.0,0.0,0.0,Passed,1.1862956285476685
ccb65103-2c80-4738-b838-5296d2218826,c8a7b994-b1bd-46a1-9b56-7e8e73d8dca0,0.0,0.0,0.0,Failed,1.1424070596694946
