Folder1,Folder2,AST Edit Distance,DFG Edit Distance,PDG Edit Distance,Passed Or Failed,Cosine Similarity
dd40f427-2618-4361-bb4d-02b7d2f1086b,81272353-8479-471c-8bf1-dd4563f00c6e,17.0,0.0,0.0,Passed,0.9981081485748291
dd40f427-2618-4361-bb4d-02b7d2f1086b,af71f488-c47f-402d-87c2-585ff5c479d9,1.0,16.0,21.0,Passed,0.9981081485748291
dd40f427-2618-4361-bb4d-02b7d2f1086b,5268c3de-cdbe-415e-992f-72739f5c818c,5.0,36.0,47.0,Passed,0.9979837536811829
dd40f427-2618-4361-bb4d-02b7d2f1086b,ff7fa86a-4b58-4da3-a800-77583afbb504,0.0,0.0,0.0,Passed,0.9977090954780579
dd40f427-2618-4361-bb4d-02b7d2f1086b,22e34779-4ddf-423a-8969-877d49bd15d1,31.0,54.0,82.0,Failed,0.9976451992988586
