Folder1,Folder2,AST Edit Distance,DFG Edit Distance,PDG Edit Distance,Passed Or Failed,BLEU score
5c9edb85-68f9-4767-94ff-30a10cf5dcb0,7509fd2a-1686-41d6-baa9-114657ff926f,9.0,0.0,0.0,Passed,0.549696364469696
5c9edb85-68f9-4767-94ff-30a10cf5dcb0,83cd8a5f-17a1-4f6b-8f7c-84e27a23da8e,12.0,0.0,0.0,Passed,0.5086841681174387
5c9edb85-68f9-4767-94ff-30a10cf5dcb0,a71bbc63-9bf9-442a-a37a-82f4da9c6b35,12.0,0.0,0.0,Passed,0.5086841681174387
5c9edb85-68f9-4767-94ff-30a10cf5dcb0,5b0bdcf7-8c33-42bb-adb8-7d3a1bd99b59,12.0,181.0,270.0,Failed,0.4530799450827704
