Folder1,Folder2,AST Edit Distance,DFG Edit Distance,PDG Edit Distance,Passed Or Failed,Euclidean Distance
f36f87f9-93c7-43ef-ae93-7931472fa8b6,adfbb7be-d31c-493d-ab12-4f22f9119419,2.0,0.0,0.0,Passed,0.35884663462638855
f36f87f9-93c7-43ef-ae93-7931472fa8b6,ca379e38-27d6-4fc8-aa47-97db977b24f6,6.0,0.0,0.0,Passed,0.35884663462638855
f36f87f9-93c7-43ef-ae93-7931472fa8b6,a5a574de-74e5-4f78-8610-f34d84afd3cc,0.0,0.0,0.0,Passed,0.3634415864944458
f36f87f9-93c7-43ef-ae93-7931472fa8b6,cf48f721-c7c2-464e-baa0-3c6ddd689e1b,1.0,0.0,0.0,Passed,0.3634415864944458
f36f87f9-93c7-43ef-ae93-7931472fa8b6,fd63a274-34b6-4f18-bc89-3fcaf4217802,2.0,0.0,0.0,Passed,0.3773741126060486
f36f87f9-93c7-43ef-ae93-7931472fa8b6,257677b5-3326-415d-ae4e-19a6307af4bc,26.0,0.0,0.0,Failed,0.3803021311759949
