Folder1,Folder2,AST Edit Distance,DFG Edit Distance,PDG Edit Distance,Passed Or Failed,BLEU score
ca5b82ac-d5d3-4ade-ba2c-8a28879201b9,365b2a91-476c-4827-ac9a-e72f86094c46,64.0,59.0,116.0,Passed,0.5731397520475183
ca5b82ac-d5d3-4ade-ba2c-8a28879201b9,4e0f7af6-a9e6-4d8c-b422-de05941de903,66.0,55.0,122.0,Passed,0.5731397520475183
ca5b82ac-d5d3-4ade-ba2c-8a28879201b9,4166ae90-8f90-4e0b-8483-c40d0238b5ba,61.0,0.0,0.0,Passed,0.5303784722436514
ca5b82ac-d5d3-4ade-ba2c-8a28879201b9,55542af4-83e3-44e4-9af6-909318711ef9,60.0,0.0,0.0,Passed,0.5303784722436514
ca5b82ac-d5d3-4ade-ba2c-8a28879201b9,629fd93f-b86d-4986-b24e-06f28c49ffb7,43.0,56.0,94.0,Passed,0.496706736311865
ca5b82ac-d5d3-4ade-ba2c-8a28879201b9,937038a4-682b-49e3-8daf-6a597b581e5c,49.0,65.0,161.0,Failed,0.496706736311865
