Folder1,Folder2,AST Edit Distance,DFG Edit Distance,PDG Edit Distance,Passed Or Failed,ChrF Score
1ea56590-e9fb-4c0d-8b26-71296a16f99f,089e1d25-e1bc-4a6e-adee-09e3c0d43956,22.0,0.0,0.0,Passed,73.97182240926824
1ea56590-e9fb-4c0d-8b26-71296a16f99f,0c465ca2-d9b8-4114-93ff-1867de6bc44f,26.0,0.0,0.0,Failed,73.27662538701624
