Folder1,Folder2,AST Edit Distance,DFG Edit Distance,PDG Edit Distance,Passed Or Failed,Similarity Score during Execution
32ea3c3a-1e54-4b1f-b3ba-e031992ce073,2beb3149-6b51-4a54-8da9-bbf7dbdc97b2,22.0,80.0,114.0,Passed,0.5241731405258179
32ea3c3a-1e54-4b1f-b3ba-e031992ce073,78ff0488-78e1-4d57-b3f3-266b750fa22e,22.0,80.0,114.0,Passed,0.4519595503807068
32ea3c3a-1e54-4b1f-b3ba-e031992ce073,4f3abccf-e66f-499d-9dba-ee854d4fcb20,22.0,70.0,104.0,Passed,0.4038081169128418
32ea3c3a-1e54-4b1f-b3ba-e031992ce073,80a463f5-9e9e-470a-a063-0344ecad5e36,0.0,73.0,104.0,Passed,0.4034108817577362
32ea3c3a-1e54-4b1f-b3ba-e031992ce073,9af0ca59-981a-41d4-b33b-2707dc531e42,22.0,181.0,265.0,Failed,0.38648998737335205
