Folder1,Folder2,AST Edit Distance,DFG Edit Distance,PDG Edit Distance,Passed Or Failed,Euclidean Distance
a1a74d6d-0e3b-4835-9f21-9fcdd964ab00,91e7205e-9dd8-4c23-9fb0-5e655a3b4baa,42.0,68.0,103.0,Passed,0.904143750667572
a1a74d6d-0e3b-4835-9f21-9fcdd964ab00,04d455a7-2d81-44dc-816d-7c6a3391532d,26.0,83.0,126.0,Passed,0.9290264248847961
a1a74d6d-0e3b-4835-9f21-9fcdd964ab00,bc22b23f-d760-4e1f-ba43-d17200ea50c1,49.0,84.0,128.0,Passed,0.9787837266921997
a1a74d6d-0e3b-4835-9f21-9fcdd964ab00,cc0db96c-c674-4599-a232-82d98792ab1a,53.0,0.0,0.0,Passed,1.0109224319458008
a1a74d6d-0e3b-4835-9f21-9fcdd964ab00,e6718225-1fac-4a38-a2d3-b1bd63d2747e,46.0,84.0,128.0,Passed,1.0591850280761719
a1a74d6d-0e3b-4835-9f21-9fcdd964ab00,80c85dc0-1662-4e66-b9a1-957ae583a3ae,54.0,214.0,318.0,Failed,1.0740692615509033
