Folder1,Folder2,AST Edit Distance,DFG Edit Distance,PDG Edit Distance,Passed Or Failed,ChrF Score
761b4e9f-2077-4aab-88ae-12691f4a28e0,4d908da2-284e-469b-917b-84d881532a0f,0.0,0.0,0.0,Passed,91.72413119059829
761b4e9f-2077-4aab-88ae-12691f4a28e0,f15ad8cb-a6e1-4194-8657-37e73f1d4e90,25.0,0.0,0.0,Passed,91.72413119059829
761b4e9f-2077-4aab-88ae-12691f4a28e0,a9590efa-1a8d-4051-bc4d-a0da0ef8c66f,0.0,0.0,0.0,Passed,91.01444935568954
761b4e9f-2077-4aab-88ae-12691f4a28e0,1c916f71-b5bc-4647-97e4-b36853ffb537,36.0,0.0,0.0,Passed,90.97595201151982
761b4e9f-2077-4aab-88ae-12691f4a28e0,9c7749db-9fc4-47f5-a828-c307005b23cb,38.0,0.0,0.0,Failed,90.97595201151982
