Folder1,Folder2,AST Edit Distance,DFG Edit Distance,PDG Edit Distance,Passed Or Failed,Similarity Score during Execution,Serial Execution,Cosine Similarity,Euclidean Distance,BLEU score,Maximal Safe Radius
11fbbecf-0854-4a9e-bfa2-484a21253090,e7fff28a-4fb5-4f64-be15-3a204840bfba,0,0,0,Passed,1.264970541,0,0.990343094,0.546183288,0.432003733,1.831987083
11fbbecf-0854-4a9e-bfa2-484a21253090,c4673e3e-866c-4340-9b6c-d3439dd7431e,0,0,0,Passed,1.241708994,6,0.987999558,0.607166469,0.474207126,2.041522384
11fbbecf-0854-4a9e-bfa2-484a21253090,4b4e481d-a275-47a0-8584-3d2ec3116b9f,0,0,0,Passed,1.239220381,7,0.988747418,0.593977392,0.537451231,1.943360051
11fbbecf-0854-4a9e-bfa2-484a21253090,fe4caa56-6b39-4f8c-bcc0-cf8fd9d6fc36,0,0,0,Passed,1.226925731,5,0.986673236,0.647115707,0.521856301,2.039919515
11fbbecf-0854-4a9e-bfa2-484a21253090,de83f924-1194-43a0-ac43-4b7694cd2646,0,0,0,Passed,1.190100908,4,0.980230391,0.750801086,0.490304707,2.061937849
11fbbecf-0854-4a9e-bfa2-484a21253090,cfdd4e87-0b9a-4ca2-8eb3-c3352be098ed,1,0,0,Passed,1.115334392,3,0.982068539,0.718799591,0.498834944,2.06033498
11fbbecf-0854-4a9e-bfa2-484a21253090,02e2ef50-fe45-42a1-a357-840578096cd7,0,0,0,Failed,0.966980457,0,0.971789241,0.897578835,0.4047272,1.962427303
