Folder1,Folder2,AST Edit Distance,DFG Edit Distance,PDG Edit Distance,Passed Or Failed,Similarity Score during Execution
1761a5c4-9e22-4cda-8686-944832778c97,ae7af527-2cca-4fa6-8880-9c83d88174da,24.0,0.0,0.0,Passed,1.458186388015747
1761a5c4-9e22-4cda-8686-944832778c97,6481d965-b5b5-4c1b-a327-2f7f766e4b64,24.0,59.0,0.0,Failed,1.4535515308380127
