Folder1,Folder2,AST Edit Distance,DFG Edit Distance,PDG Edit Distance,Passed Or Failed,ChrF Score
7d72d009-0e3b-47cb-a951-31967f662fef,1db96cb9-2832-400c-97b1-2f13a892cbc4,0.0,0.0,0.0,Passed,79.9978492695821
7d72d009-0e3b-47cb-a951-31967f662fef,eececf0d-f06d-490c-9152-7c429e7cafb4,0.0,0.0,0.0,Passed,79.9978492695821
7d72d009-0e3b-47cb-a951-31967f662fef,df61c43a-b169-47f7-b0aa-0607d95502d6,2.0,0.0,0.0,Passed,78.9010561056704
7d72d009-0e3b-47cb-a951-31967f662fef,e6f119ac-711d-4822-937b-3906ca675a86,2.0,0.0,0.0,Passed,78.9010561056704
7d72d009-0e3b-47cb-a951-31967f662fef,c0f7a5ea-d1d0-4abb-868c-1ec5c9d86097,18.0,14.0,0.0,Failed,74.82802070247249
