Folder1,Folder2,AST Edit Distance,DFG Edit Distance,PDG Edit Distance,Passed Or Failed,Cosine Similarity
82d323e1-dfb8-478d-9ebd-1e53571dcf42,aab84bdf-b539-4904-b9ba-7014621e31e5,0.0,0.0,0.0,Passed,0.9980053901672363
82d323e1-dfb8-478d-9ebd-1e53571dcf42,d8dca71d-a5a1-496e-8fa8-69aa05130944,0.0,0.0,0.0,Passed,0.9978834390640259
82d323e1-dfb8-478d-9ebd-1e53571dcf42,e0961a94-bb6b-42eb-94c0-5024a9582062,25.0,0.0,0.0,Passed,0.9977541565895081
82d323e1-dfb8-478d-9ebd-1e53571dcf42,c042e32f-56ee-40fe-af66-466035d81fbc,40.0,0.0,0.0,Passed,0.9972788095474243
82d323e1-dfb8-478d-9ebd-1e53571dcf42,ee8d706e-f777-41bc-b9bf-2ded5be71eb4,25.0,78.0,0.0,Failed,0.9972788095474243
