Folder1,Folder2,AST Edit Distance,DFG Edit Distance,PDG Edit Distance,Passed Or Failed,Similarity Score during Execution
f505df41-c1dd-477a-b46d-d4c704212a6f,b3546655-ad41-4fbb-8abe-96edb7be5fac,0.0,0.0,0.0,Passed,1.3785861730575562
f505df41-c1dd-477a-b46d-d4c704212a6f,bd4b72d4-a42f-4131-8e02-6a96573672ef,0.0,0.0,0.0,Passed,1.3482757806777954
f505df41-c1dd-477a-b46d-d4c704212a6f,ac3d190c-4f69-4b60-ab2b-3b95a5243eea,14.0,225.0,336.0,Failed,1.3075922727584839
