Folder1,Folder2,AST Edit Distance,DFG Edit Distance,PDG Edit Distance,Passed Or Failed,ROUGE-L
f36f87f9-93c7-43ef-ae93-7931472fa8b6,adfbb7be-d31c-493d-ab12-4f22f9119419,2.0,0.0,0.0,Passed,0.8181818181818182
f36f87f9-93c7-43ef-ae93-7931472fa8b6,ca379e38-27d6-4fc8-aa47-97db977b24f6,6.0,0.0,0.0,Passed,0.8181818181818182
f36f87f9-93c7-43ef-ae93-7931472fa8b6,0b308677-b3d9-4a58-a8d2-c5e4f8384bf6,26.0,0.0,0.0,Failed,0.7727272727272727
