Folder1,Folder2,AST Edit Distance,DFG Edit Distance,PDG Edit Distance,Passed Or Failed,Meteor Score
3ca25531-894a-475b-b3ed-bcfd41b3301c,07b36b30-a900-47a8-a56e-a972250ad4e4,53.0,39.0,47.0,Passed,0.711764705882353
3ca25531-894a-475b-b3ed-bcfd41b3301c,3446e65c-1a98-48d0-b058-4d7aef1a9a24,53.0,39.0,47.0,Passed,0.711764705882353
3ca25531-894a-475b-b3ed-bcfd41b3301c,44663e55-da29-4e1a-a11a-6011ce084428,34.0,133.0,185.0,Failed,0.711764705882353
