Folder1,Folder2,AST Edit Distance,DFG Edit Distance,PDG Edit Distance,Passed Or Failed,Euclidean Distance
2cfd9c23-87d8-4022-8107-44e4f81de3b4,45d00b89-b26d-4b29-a457-1c3a91c39460,18.0,0.0,0.0,Passed,0.17085613310337067
2cfd9c23-87d8-4022-8107-44e4f81de3b4,e53c5d0c-9a10-4aee-b1a5-be1b782d6c4a,18.0,0.0,0.0,Passed,0.17085613310337067
2cfd9c23-87d8-4022-8107-44e4f81de3b4,3f5d8ad1-bd8a-4ad0-b233-012237ca09f3,18.0,61.0,82.0,Failed,0.19954617321491241
