Folder1,Folder2,AST Edit Distance,DFG Edit Distance,PDG Edit Distance,Passed Or Failed,Cosine Similarity
2c67b7d0-a0cf-489f-803a-b8436a088059,b012b880-3f22-4dc7-97e2-ec274b2c024d,6.0,0.0,0.0,Passed,0.9996013641357422
2c67b7d0-a0cf-489f-803a-b8436a088059,96e64481-e544-4359-92f3-a6dd7cf72f43,6.0,0.0,0.0,Passed,0.9992668032646179
2c67b7d0-a0cf-489f-803a-b8436a088059,c9998239-4a07-446e-b991-82b72923c265,63.0,126.0,203.0,Failed,0.9988096356391907
