Folder1,Folder2,AST Edit Distance,DFG Edit Distance,PDG Edit Distance,Passed Or Failed,Similarity Score during Execution
7ae00d18-6128-4832-a736-dba0f94bfbcb,9d68decb-f681-4bd3-938c-d14536d75aa6,4.0,0.0,0.0,Passed,1.1300926208496094
7ae00d18-6128-4832-a736-dba0f94bfbcb,96269872-2926-43ab-998e-127a572c9454,17.0,0.0,0.0,Passed,1.0937777757644653
7ae00d18-6128-4832-a736-dba0f94bfbcb,e8a0e732-6c01-4601-928f-4ddd044d2c2c,4.0,0.0,0.0,Passed,1.0730071067810059
7ae00d18-6128-4832-a736-dba0f94bfbcb,dcaf7e09-f748-48d3-9950-c11bf390272e,4.0,0.0,0.0,Passed,1.0655617713928223
7ae00d18-6128-4832-a736-dba0f94bfbcb,238b4991-6692-45a7-96aa-414aa9926b60,4.0,0.0,0.0,Passed,1.0603358745574951
7ae00d18-6128-4832-a736-dba0f94bfbcb,1afa60d9-1301-438c-9c6c-fb65ca6b2f57,17.0,0.0,0.0,Passed,1.0527369976043701
7ae00d18-6128-4832-a736-dba0f94bfbcb,053731d2-cec0-46b5-aeac-ecd5cdad9a01,4.0,0.0,0.0,Passed,1.0283042192459106
7ae00d18-6128-4832-a736-dba0f94bfbcb,dced86f9-f8b9-46f5-a58e-ab9c3208cb57,4.0,0.0,0.0,Passed,0.9955480098724365
7ae00d18-6128-4832-a736-dba0f94bfbcb,5dfc4010-15cf-421d-9c8d-b826e01c80c5,32.0,0.0,0.0,Failed,0.9851030707359314
