Folder1,Folder2,AST Edit Distance,DFG Edit Distance,PDG Edit Distance,Passed Or Failed,Euclidean Distance
7b9603f9-a531-46f8-bd8c-02578788506e,faa15035-30e4-40f9-abad-7bd3eeb381e9,0.0,0.0,0.0,Passed,0.2299799770116806
7b9603f9-a531-46f8-bd8c-02578788506e,53b04e7f-111f-4af0-862a-df97675c1e71,21.0,0.0,0.0,Failed,0.26666927337646484
