Folder1,Folder2,AST Edit Distance,DFG Edit Distance,PDG Edit Distance,Passed Or Failed,ChrF Score
93b970da-e289-440b-ab2e-c092ffddefd7,ffdb6399-b56c-4960-92c0-d1457e575e20,1.0,40.0,54.0,Passed,80.30739748799675
93b970da-e289-440b-ab2e-c092ffddefd7,3040ac24-91b5-4173-a638-fa923fd6e19a,3.0,22.0,25.0,Passed,79.83105277385984
93b970da-e289-440b-ab2e-c092ffddefd7,6e4d34c5-87c1-4dfc-aa98-7d46658eaa8a,1.0,22.0,25.0,Passed,79.23076000282447
93b970da-e289-440b-ab2e-c092ffddefd7,60226508-28cd-463e-be8c-812274488cde,0.0,22.0,25.0,Passed,78.49839919057958
93b970da-e289-440b-ab2e-c092ffddefd7,9d24daef-e9dc-4614-8f3e-2c2e65666f07,2.0,31.0,43.0,Passed,78.1734513394974
93b970da-e289-440b-ab2e-c092ffddefd7,a5631704-80ec-4c99-a472-2aa8218e0d3a,3.0,22.0,25.0,Passed,76.11813155418928
93b970da-e289-440b-ab2e-c092ffddefd7,4e7c813d-d0aa-4a82-8c5e-8a7889458ce1,0.0,0.0,0.0,Passed,75.69392628311512
93b970da-e289-440b-ab2e-c092ffddefd7,15d7a64b-34d6-4904-9e43-d6ff0215137c,3.0,37.0,47.0,Passed,74.57943432603223
93b970da-e289-440b-ab2e-c092ffddefd7,a9b82da7-6778-4335-b122-ab6b6e32c28c,1.0,71.0,100.0,Failed,72.31226045528257
