Folder1,Folder2,AST Edit Distance,DFG Edit Distance,PDG Edit Distance,Passed Or Failed,BLEU score
9de29147-53e8-411f-9d23-e202b4eaf5e8,0019eb1b-ab4a-415e-8a2e-378795d7c1c9,22.0,96.0,138.0,Passed,0.865603055254171
9de29147-53e8-411f-9d23-e202b4eaf5e8,f62d4ee6-6c9f-4ac5-b658-162c160f309d,0.0,0.0,0.0,Passed,0.865603055254171
9de29147-53e8-411f-9d23-e202b4eaf5e8,0cc08104-17fc-439c-8fc9-c97ee0614d31,61.0,85.0,120.0,Failed,0.6455651607183005
