Folder1,Folder2,AST Edit Distance,DFG Edit Distance,PDG Edit Distance,Passed Or Failed,Meteor Score
c49760f5-fb14-4fbf-aad5-22be4eccf131,603394d5-c1dc-4d85-b017-8c937b1d1d5d,1.0,0.0,0.0,Passed,0.38185404339250495
c49760f5-fb14-4fbf-aad5-22be4eccf131,bea71247-956b-4fe4-92f9-9ad0e8fe3a9a,1.0,0.0,0.0,Passed,0.36885268293749013
c49760f5-fb14-4fbf-aad5-22be4eccf131,ba288efa-a3a1-4c10-99e1-a6c3029fdd84,13.0,0.0,0.0,Passed,0.3653832494659258
c49760f5-fb14-4fbf-aad5-22be4eccf131,cefa2406-37c2-470f-993f-b25cffc309ce,12.0,0.0,0.0,Passed,0.360766444295104
c49760f5-fb14-4fbf-aad5-22be4eccf131,da998279-81e2-4dd2-984a-726586cd46fa,19.0,0.0,0.0,Failed,0.360766444295104
