Folder1,Folder2,AST Edit Distance,DFG Edit Distance,PDG Edit Distance,Passed Or Failed,Cosine Similarity
c49760f5-fb14-4fbf-aad5-22be4eccf131,500cfd94-504f-4847-8fc4-7e09eec34cc6,13.0,0.0,0.0,Passed,0.9871108531951904
c49760f5-fb14-4fbf-aad5-22be4eccf131,7c71a7e4-2f51-453f-a720-5a3aa6b2aee6,0.0,0.0,0.0,Passed,0.9864311218261719
c49760f5-fb14-4fbf-aad5-22be4eccf131,dc06ee02-f5c4-4570-b486-3684e1d720ae,2.0,0.0,0.0,Passed,0.9863376617431641
c49760f5-fb14-4fbf-aad5-22be4eccf131,cd9e3cf1-bf2d-45fc-922e-6bfb6cff577f,8.0,100.0,0.0,Failed,0.9862400889396667
