Folder1,Folder2,AST Edit Distance,DFG Edit Distance,PDG Edit Distance,Passed Or Failed,BLEU score
82d323e1-dfb8-478d-9ebd-1e53571dcf42,c042e32f-56ee-40fe-af66-466035d81fbc,40.0,0.0,0.0,Passed,0.5812606111386484
82d323e1-dfb8-478d-9ebd-1e53571dcf42,ee8d706e-f777-41bc-b9bf-2ded5be71eb4,0.0,0.0,0.0,Passed,0.5812606111386484
82d323e1-dfb8-478d-9ebd-1e53571dcf42,aab84bdf-b539-4904-b9ba-7014621e31e5,25.0,78.0,0.0,Failed,0.5411589802303269
