Folder1,Folder2,AST Edit Distance,DFG Edit Distance,PDG Edit Distance,Passed Or Failed,ROUGE-2
daac3eff-42c5-4050-88e5-1ef987ac35c2,3b6e70c4-b6fc-4cca-8559-bf2beed5c77a,0.0,0.0,0.0,Passed,0.6923076923076923
daac3eff-42c5-4050-88e5-1ef987ac35c2,426f9c17-7f21-4374-9c1a-db5de28779ec,2.0,0.0,0.0,Passed,0.6923076923076923
daac3eff-42c5-4050-88e5-1ef987ac35c2,062150b1-3867-45f4-910d-f363033ea866,8.0,0.0,0.0,Passed,0.6153846153846153
daac3eff-42c5-4050-88e5-1ef987ac35c2,9f84de02-2173-4068-b452-1462a310d6c2,2.0,0.0,0.0,Passed,0.6153846153846153
daac3eff-42c5-4050-88e5-1ef987ac35c2,0daee780-6684-4d5e-8801-a1f0f068835f,6.0,43.0,56.0,Failed,0.5384615384615385
