Folder1,Folder2,AST Edit Distance,DFG Edit Distance,PDG Edit Distance,Passed Or Failed,BLEU score
889fe3e1-a5a2-415c-aa3b-b82d49f5d3f3,de1d1715-1176-4e0f-b38f-79e4c994c189,0.0,70.0,78.0,Passed,0.3225644666799451
889fe3e1-a5a2-415c-aa3b-b82d49f5d3f3,a2ba9056-2482-4939-b532-f3dc58dc6288,9.0,95.0,124.0,Failed,0.30018006006603426
