Folder1,Folder2,AST Edit Distance,DFG Edit Distance,PDG Edit Distance,Passed Or Failed,BLEU score
1facb8e7-30fa-4411-8fd7-ead79deddc1f,0fdd16d3-0ec5-4118-b04a-2688c85043f8,5.0,0.0,0.0,Passed,0.6217622907852725
1facb8e7-30fa-4411-8fd7-ead79deddc1f,b209e6a5-9ca7-4a4a-a588-7a5a429e2451,9.0,0.0,0.0,Passed,0.6217622907852725
1facb8e7-30fa-4411-8fd7-ead79deddc1f,131233dd-d99e-4872-9d02-59ec24a41cc4,3.0,0.0,0.0,Passed,0.5334053983387738
1facb8e7-30fa-4411-8fd7-ead79deddc1f,36548f8f-b3e1-49e6-835a-af9e1c6bae46,14.0,0.0,0.0,Passed,0.5334053983387738
1facb8e7-30fa-4411-8fd7-ead79deddc1f,30ac081e-d116-4416-bdda-6b7ef26381d9,9.0,76.0,127.0,Failed,0.5219276037182895
