Folder1,Folder2,AST Edit Distance,DFG Edit Distance,PDG Edit Distance,Passed Or Failed,ChrF Score
06ab4885-3456-4426-9952-9324a809f44b,2017ef5b-bf82-4357-89da-82dcb12f9fb6,8.0,0.0,0.0,Passed,89.79206157304677
06ab4885-3456-4426-9952-9324a809f44b,35771843-9a35-4844-9f88-31426a29e655,8.0,0.0,0.0,Passed,89.79206157304677
06ab4885-3456-4426-9952-9324a809f44b,844d1568-9ca5-43aa-b76b-c3ea46a4a3dc,28.0,0.0,0.0,Failed,89.79206157304677
