Folder1,Folder2,AST Edit Distance,DFG Edit Distance,PDG Edit Distance,Passed Or Failed,ROUGE-2
9de29147-53e8-411f-9d23-e202b4eaf5e8,0ddf2111-8e6e-47f3-8e09-333e1c619344,25.0,0.0,0.0,Passed,0.6428571428571429
9de29147-53e8-411f-9d23-e202b4eaf5e8,e73ddb1a-eb64-405a-a8ea-1769985340d3,47.0,0.0,0.0,Passed,0.6428571428571429
9de29147-53e8-411f-9d23-e202b4eaf5e8,eb297001-5afb-48d3-8c6b-ab4bd841ad9e,37.0,0.0,0.0,Passed,0.6428571428571429
9de29147-53e8-411f-9d23-e202b4eaf5e8,ec35d82a-ebfc-4deb-8124-685b1cda6ef0,27.0,0.0,0.0,Passed,0.5925925925925926
9de29147-53e8-411f-9d23-e202b4eaf5e8,cdc09bd8-22f5-4a6f-bab0-b759c17ac5a2,87.0,0.0,0.0,Failed,0.5714285714285715
