Folder1,Folder2,AST Edit Distance,DFG Edit Distance,PDG Edit Distance,Passed Or Failed,Meteor Score
ba58b740-20cf-4e43-81dc-8311690d3888,53811fce-617e-46ad-9974-8697f5d5146a,27.0,0.0,0.0,Passed,0.3635116598079561
ba58b740-20cf-4e43-81dc-8311690d3888,4b8351c7-bad6-4b5d-8186-f4dd289324b7,52.0,137.0,197.0,Failed,0.308641975308642
