Folder1,Folder2,AST Edit Distance,DFG Edit Distance,PDG Edit Distance,Passed Or Failed,ChrF Score
986a875e-15f7-4096-91a3-90fe75f9e0b3,07123224-c7da-458d-8125-24fccf172465,0.0,0.0,0.0,Passed,84.96132587480537
986a875e-15f7-4096-91a3-90fe75f9e0b3,df19fb74-19bb-46b4-b141-15d51855284a,0.0,0.0,0.0,Passed,84.60917952661181
986a875e-15f7-4096-91a3-90fe75f9e0b3,20a78a5d-7bea-4162-8c40-0822b355fcd5,0.0,0.0,0.0,Passed,84.17556411820951
986a875e-15f7-4096-91a3-90fe75f9e0b3,836a0680-07a9-4148-a886-eda7f7ad5d32,0.0,41.0,62.0,Passed,84.17556411820951
986a875e-15f7-4096-91a3-90fe75f9e0b3,9ca50925-f39a-4925-bdae-badb3294146b,3.0,87.0,128.0,Failed,83.1808485953271
