Folder1,Folder2,AST Edit Distance,DFG Edit Distance,PDG Edit Distance,Passed Or Failed,Similarity Score during Execution
82d323e1-dfb8-478d-9ebd-1e53571dcf42,ee8d706e-f777-41bc-b9bf-2ded5be71eb4,0.0,0.0,0.0,Passed,0.9034633636474609
82d323e1-dfb8-478d-9ebd-1e53571dcf42,e0961a94-bb6b-42eb-94c0-5024a9582062,25.0,0.0,0.0,Passed,0.8364003896713257
82d323e1-dfb8-478d-9ebd-1e53571dcf42,d8dca71d-a5a1-496e-8fa8-69aa05130944,0.0,0.0,0.0,Passed,0.8119262456893921
82d323e1-dfb8-478d-9ebd-1e53571dcf42,aab84bdf-b539-4904-b9ba-7014621e31e5,25.0,78.0,0.0,Failed,0.7997412085533142
