Folder1,Folder2,AST Edit Distance,DFG Edit Distance,PDG Edit Distance,Passed Or Failed,Meteor Score
462e6851-eef3-437d-a812-bff602650600,05e59232-37b5-4bd6-872c-da45a6980157,8.0,44.0,109.0,Passed,0.8464575066137566
462e6851-eef3-437d-a812-bff602650600,144a893d-7e9e-4878-845d-4ea639dc3fba,50.0,56.0,103.0,Passed,0.8464575066137566
462e6851-eef3-437d-a812-bff602650600,2d69109f-0ecb-4620-b9df-fcc6b2c9efca,52.0,63.0,145.0,Failed,0.8464575066137566
