Folder1,Folder2,AST Edit Distance,DFG Edit Distance,PDG Edit Distance,Passed Or Failed,Euclidean Distance
77ec1f35-871a-46f5-b045-569808cf9a3a,00d9f7da-ee5e-4742-b616-af7c2ae4dd21,20.0,125.0,183.0,Passed,4.452657699584961
77ec1f35-871a-46f5-b045-569808cf9a3a,d48f5667-260a-42f6-a428-1da0d6ecacd5,59.0,126.0,164.0,Failed,4.452657699584961
