Folder1,Folder2,AST Edit Distance,DFG Edit Distance,PDG Edit Distance,Passed Or Failed,Euclidean Distance
b34132d1-c653-4a27-9341-3bc379a10231,33c9da8e-bdda-4a91-94d6-c7509b698cd7,23.0,0.0,0.0,Passed,0.2816740870475769
b34132d1-c653-4a27-9341-3bc379a10231,8cc5ffa4-4321-495e-8ca7-965073001a17,2.0,0.0,0.0,Passed,0.3021535277366638
b34132d1-c653-4a27-9341-3bc379a10231,b99e7c7a-2da9-43ee-9613-a656f92e8c10,55.0,0.0,0.0,Failed,0.310451865196228
