Folder1,Folder2,AST Edit Distance,DFG Edit Distance,PDG Edit Distance,Passed Or Failed,Meteor Score
6a247678-a681-42d5-9dfc-c087b0b01c60,011979b5-1460-42c1-9e0a-bad6e71c1d7c,0.0,0.0,0.0,Passed,0.9133134416438369
6a247678-a681-42d5-9dfc-c087b0b01c60,085f7520-565e-45c0-b923-c717be919e21,0.0,0.0,0.0,Passed,0.9133134416438369
6a247678-a681-42d5-9dfc-c087b0b01c60,0b81cb06-a002-4ea3-b146-f6658fff5bfd,0.0,0.0,0.0,Passed,0.9133134416438369
6a247678-a681-42d5-9dfc-c087b0b01c60,207afabe-1b58-4442-862d-b37a027a73a6,49.0,0.0,0.0,Failed,0.9133134416438369
