Folder1,Folder2,AST Edit Distance,DFG Edit Distance,PDG Edit Distance,Passed Or Failed,Similarity Score during Execution
f699158f-3365-4b92-a1a8-9d6454489b08,ad1e229d-1a0f-43db-a577-aab2b9559244,30.0,58.0,81.0,Passed,0.21708080172538757
f699158f-3365-4b92-a1a8-9d6454489b08,536e5eb2-83b2-4a3c-9317-e1d54f6cdea5,41.0,61.0,93.0,Failed,0.11514340341091156
