Folder1,Folder2,AST Edit Distance,DFG Edit Distance,PDG Edit Distance,Passed Or Failed,ROUGE-2
77080d3d-8f07-4a92-a88a-b48213fdd0ad,9ea66c77-9bff-471b-9b8e-af628084e280,37.0,55.0,82.0,Passed,0.13793103448275865
77080d3d-8f07-4a92-a88a-b48213fdd0ad,afe9c7aa-1e9f-4e7c-91d9-4889506604e0,37.0,75.0,116.0,Failed,0.13559322033898305
