Folder1,Folder2,AST Edit Distance,DFG Edit Distance,PDG Edit Distance,Passed Or Failed,ChrF Score
c4c783cc-2ed4-481c-bdc1-658029b59568,68c72078-c03e-4276-9cc1-d54f68c1c279,0.0,0.0,0.0,Passed,61.20050018476276
c4c783cc-2ed4-481c-bdc1-658029b59568,ec04d5c3-3223-4e9f-a070-f970eae238da,0.0,0.0,0.0,Passed,60.55004466828855
c4c783cc-2ed4-481c-bdc1-658029b59568,08969cc5-bec2-41af-a7e7-9b63d1dc19ef,15.0,91.0,130.0,Failed,59.996984244360405
