Folder1,Folder2,AST Edit Distance,DFG Edit Distance,PDG Edit Distance,Passed Or Failed,Similarity Score during Execution
59d6457f-b5bb-40b7-9c20-fc6ca700d76f,9296bfce-975f-40da-a303-5b7d199dbdc3,29.0,56.0,84.0,Passed,1.4394711256027222
59d6457f-b5bb-40b7-9c20-fc6ca700d76f,a6d6dcbe-aaf6-4ec2-92f8-9d5d39b4553e,25.0,0.0,0.0,Passed,1.3457918167114258
59d6457f-b5bb-40b7-9c20-fc6ca700d76f,9c573763-e2ec-4f05-9191-27d81c44839d,52.0,53.0,77.0,Failed,1.2747619152069092
