Folder1,Folder2,AST Edit Distance,DFG Edit Distance,PDG Edit Distance,Passed Or Failed,ROUGE-L
f8199a5a-e2ae-4dce-a2e2-3765ee103aba,4530690d-ebc7-487b-b635-da4d24f273af,20.0,35.0,52.0,Passed,0.8125000000000001
f8199a5a-e2ae-4dce-a2e2-3765ee103aba,15c9012b-8c1d-4b6d-bb5d-97067eb1aeea,7.0,35.0,50.0,Passed,0.7741935483870968
f8199a5a-e2ae-4dce-a2e2-3765ee103aba,ea48376d-5222-4d09-ab42-338aad11bb11,20.0,35.0,52.0,Passed,0.7741935483870968
f8199a5a-e2ae-4dce-a2e2-3765ee103aba,28f2a5a6-638a-4d89-849f-e867cbbff59d,21.0,63.0,97.0,Failed,0.75
