Folder1,Folder2,AST Edit Distance,DFG Edit Distance,PDG Edit Distance,Semantic Similarity Using Roberta,Passed Or Failed,Similarity Score during Execution,Serial Execution,Cosine Similarity,Euclidean Distance,BLEU score,Maximal Safe Radius
4c63d5c0-776f-45dd-bf05-f15a72182678,400ab5ca-ecd0-42c7-bad5-18bfb5a1a130,14,0,0,0,Passed,1.323991537,0,0.993014574,0.447726369,0.331251481,2.16818914
4c63d5c0-776f-45dd-bf05-f15a72182678,f7ae762f-c9fe-4cd7-bfa3-be78d7986c23,15,0,0,0,Passed,1.281419158,5,0.994187713,0.428320944,0.369938226,2.137991126
4c63d5c0-776f-45dd-bf05-f15a72182678,437df8ae-7aa9-4e2f-91ec-4abdae29ee26,15,0,0,0,Passed,1.242551684,4,0.991737723,0.482776821,0.369938226,2.143270997
4c63d5c0-776f-45dd-bf05-f15a72182678,8c5ab3ce-a7b1-42f0-9167-05d654bb1539,10,34,33,0,Passed,1.160049796,3,0.993713379,0.429962695,0.321639736,2.168195385
4c63d5c0-776f-45dd-bf05-f15a72182678,6c8afb9b-1138-481d-82bb-f5b8fbc39235,23,29,40,0,Failed,0.994030833,0,0.992754936,0.453880638,0.347797709,2.184717715
