Folder1,Folder2,AST Edit Distance,DFG Edit Distance,PDG Edit Distance,Passed Or Failed,ROUGE-L
4cd42d14-fa3e-49b7-a7d7-929c15f0c7a3,3f3b7e83-ed1c-4f7c-90ec-79158e6097ad,0.0,0.0,0.0,Passed,0.8000000000000002
4cd42d14-fa3e-49b7-a7d7-929c15f0c7a3,72a9e998-d41b-4ee1-9a89-236ac7695fb4,0.0,0.0,0.0,Passed,0.7586206896551724
4cd42d14-fa3e-49b7-a7d7-929c15f0c7a3,ba4daf6a-72dc-46f6-8bb1-53e099dd0446,27.0,0.0,0.0,Passed,0.7586206896551724
4cd42d14-fa3e-49b7-a7d7-929c15f0c7a3,cf8241b9-78eb-43cc-9073-91b4ad5bae1a,31.0,0.0,0.0,Passed,0.7586206896551724
4cd42d14-fa3e-49b7-a7d7-929c15f0c7a3,dbb8b838-798f-4eac-aeed-ced092f542f9,39.0,0.0,0.0,Failed,0.7586206896551724
