Folder1,Folder2,AST Edit Distance,DFG Edit Distance,PDG Edit Distance,Passed Or Failed,Meteor Score
91cc6c21-60fd-4ef8-8705-a7b1c788d41d,fe48f41f-e07a-45a0-9f67-885133bc2187,38.0,26.0,47.0,Passed,0.5198744023406837
91cc6c21-60fd-4ef8-8705-a7b1c788d41d,3ddeb011-8fde-4732-9063-aef33811d10b,17.0,79.0,129.0,Failed,0.5173767216156426
