Folder1,Folder2,AST Edit Distance,DFG Edit Distance,PDG Edit Distance,Passed Or Failed,ChrF Score
7e10d4d4-3bd2-465f-afc7-e26ab57e6e7d,4a033a6b-12fa-4033-8487-0dd6a9ac9b26,1.0,27.0,35.0,Passed,37.52268453533754
7e10d4d4-3bd2-465f-afc7-e26ab57e6e7d,33f1bdf3-265a-4ab3-b0f6-8cb10cd8e21b,2.0,15.0,22.0,Passed,36.94423094997194
7e10d4d4-3bd2-465f-afc7-e26ab57e6e7d,2eb7640c-cef7-4421-950f-a8114190331c,2.0,14.0,17.0,Passed,36.71938802116996
7e10d4d4-3bd2-465f-afc7-e26ab57e6e7d,9077adb5-f9b8-4070-8ac9-032eb87e573d,16.0,23.0,35.0,Passed,36.63543073447009
7e10d4d4-3bd2-465f-afc7-e26ab57e6e7d,d3ec91fe-4c13-4041-8630-f032e022d0b0,29.0,22.0,35.0,Failed,31.896432477399923
