Folder1,Folder2,AST Edit Distance,DFG Edit Distance,PDG Edit Distance,Passed Or Failed,ChrF Score
33d27211-07de-4a0c-a84a-3d89425eee0d,b7106ff8-a755-4c99-bb80-3e2942ade987,0.0,0.0,0.0,Passed,83.32373920294552
33d27211-07de-4a0c-a84a-3d89425eee0d,283426a8-c063-4e2a-8b5e-74fdff115936,0.0,0.0,0.0,Passed,83.11456566146637
33d27211-07de-4a0c-a84a-3d89425eee0d,d1b7368b-9218-4cc8-9331-6539e7175f71,0.0,0.0,0.0,Passed,83.11456566146637
33d27211-07de-4a0c-a84a-3d89425eee0d,4e6c48b7-71e7-460c-9485-32aac7bb6920,0.0,0.0,0.0,Passed,82.70232303618013
33d27211-07de-4a0c-a84a-3d89425eee0d,eb2e916d-795f-4eeb-a99d-83f8cd218c6e,0.0,0.0,0.0,Passed,82.70232303618013
33d27211-07de-4a0c-a84a-3d89425eee0d,b95b10d7-051c-4482-a330-603296058fe8,0.0,0.0,0.0,Passed,82.37392918524301
33d27211-07de-4a0c-a84a-3d89425eee0d,fc3c658e-5783-405b-91be-ec1934ce58ee,0.0,0.0,0.0,Passed,82.37392918524301
33d27211-07de-4a0c-a84a-3d89425eee0d,0b8345c7-c860-4390-a57a-145e134ca5b7,0.0,0.0,0.0,Passed,81.7401062476939
33d27211-07de-4a0c-a84a-3d89425eee0d,ad24bcf2-3df3-4f63-8c36-18d5ae2f510f,38.0,36.0,57.0,Failed,81.41969920629805
