Folder1,Folder2,AST Edit Distance,DFG Edit Distance,PDG Edit Distance,Passed Or Failed,Similarity Score during Execution
50d0f3dc-bf59-4ab4-a159-6f57c4067774,cecfa178-7822-4050-a39b-a72c5a8109df,38.0,0.0,0.0,Passed,1.308374285697937
50d0f3dc-bf59-4ab4-a159-6f57c4067774,a0cff61d-a055-4113-9e45-880e298f54b5,1.0,39.0,49.0,Passed,1.2716176509857178
50d0f3dc-bf59-4ab4-a159-6f57c4067774,3af44771-c1c0-4995-9bc7-bf41fd1482dd,0.0,30.0,33.0,Passed,1.2709771394729614
50d0f3dc-bf59-4ab4-a159-6f57c4067774,f9dc8e24-457e-452d-9fb8-d701ee215755,0.0,42.0,57.0,Failed,1.256440281867981
