Folder1,Folder2,AST Edit Distance,DFG Edit Distance,PDG Edit Distance,Passed Or Failed,Euclidean Distance
b3a3c0e6-2f42-4081-a219-f8c124309724,2f833b84-0ae1-4803-9f02-64a8591c71b4,0.0,0.0,0.0,Passed,0.4801165461540222
b3a3c0e6-2f42-4081-a219-f8c124309724,bb8da357-7612-425b-b79b-7cf8c3b21cbb,2.0,0.0,0.0,Failed,0.4801165461540222
