Folder1,Folder2,AST Edit Distance,DFG Edit Distance,PDG Edit Distance,Passed Or Failed,Cosine Similarity
a8bf53e4-22d6-4d8c-915e-5fe98dc34c8e,88d997e8-9986-4300-af55-71826e7c4d0e,1.0,0.0,0.0,Passed,0.9990034699440002
a8bf53e4-22d6-4d8c-915e-5fe98dc34c8e,cd5b6817-c5ba-4980-bc20-7bd7fb854f08,1.0,0.0,0.0,Passed,0.9990034699440002
a8bf53e4-22d6-4d8c-915e-5fe98dc34c8e,8053726b-6de4-49c2-b9bb-e233cde2b4d5,43.0,0.0,0.0,Passed,0.9988682270050049
a8bf53e4-22d6-4d8c-915e-5fe98dc34c8e,e9959db1-2b7b-488f-876d-139492cd546f,52.0,0.0,0.0,Failed,0.9988682270050049
