Folder1,Folder2,AST Edit Distance,DFG Edit Distance,PDG Edit Distance,Passed Or Failed,Meteor Score
ad88f92b-5bbe-44c2-9866-f93623fca590,413aee3a-4902-47a4-9315-87a7536f128d,21.0,82.0,103.0,Passed,0.909034090909091
ad88f92b-5bbe-44c2-9866-f93623fca590,5da84e5a-ab65-4136-a359-cdcf809818c8,4.0,62.0,75.0,Passed,0.909034090909091
ad88f92b-5bbe-44c2-9866-f93623fca590,7605c348-b3d6-4f8f-bd20-15570ffacd3c,0.0,0.0,0.0,Passed,0.909034090909091
ad88f92b-5bbe-44c2-9866-f93623fca590,9927be57-6c4a-4a59-a13a-8209ede1cce5,21.0,142.0,192.0,Failed,0.909034090909091
