Folder1,Folder2,AST Edit Distance,DFG Edit Distance,PDG Edit Distance,Passed Or Failed,Cosine Similarity
c7db1623-5c15-4c27-8567-7aa554d77338,493bf4b3-341e-4044-b013-5ab242163c2c,8.0,0.0,0.0,Passed,0.9936769604682922
c7db1623-5c15-4c27-8567-7aa554d77338,863fa25f-c7db-4ad5-80d8-5555ef85a4e9,12.0,0.0,0.0,Passed,0.9936769604682922
c7db1623-5c15-4c27-8567-7aa554d77338,dd752f40-598f-41d9-a24a-6f16f34797d5,18.0,0.0,0.0,Passed,0.9915523529052734
c7db1623-5c15-4c27-8567-7aa554d77338,f3cc487e-e2dc-4585-9d0a-c52601ca0dcb,38.0,60.0,92.0,Failed,0.9915523529052734
