Folder1,Folder2,AST Edit Distance,DFG Edit Distance,PDG Edit Distance,Passed Or Failed,Euclidean Distance
e724e741-17a7-4255-828d-303d8218d23f,5b280eac-633b-4b3b-be6c-834ee90062c6,0.0,0.0,0.0,Passed,0.3393796682357788
e724e741-17a7-4255-828d-303d8218d23f,afd9f31a-ea1c-4a9b-8c14-359f221e6dbe,1.0,0.0,0.0,Passed,0.3393796682357788
e724e741-17a7-4255-828d-303d8218d23f,4d49edaa-2925-4964-8183-65168e552d21,0.0,0.0,0.0,Passed,0.41135865449905396
e724e741-17a7-4255-828d-303d8218d23f,c9844d09-e132-410e-a71f-d4bf792a2b19,1.0,0.0,0.0,Passed,0.41135865449905396
e724e741-17a7-4255-828d-303d8218d23f,09f4f6e2-e43b-41c2-b474-89ceab48101f,0.0,0.0,0.0,Passed,0.4116310179233551
e724e741-17a7-4255-828d-303d8218d23f,f2975c9e-9647-4332-8868-df7717bd9820,0.0,0.0,0.0,Passed,0.4145338833332062
e724e741-17a7-4255-828d-303d8218d23f,e03cda68-fc16-46bc-b195-ca9dbdc0f1ea,0.0,0.0,0.0,Passed,0.4170200228691101
e724e741-17a7-4255-828d-303d8218d23f,05445f43-baca-4e64-ba91-2f613081005a,25.0,0.0,0.0,Failed,0.4495069682598114
