Folder1,Folder2,AST Edit Distance,DFG Edit Distance,PDG Edit Distance,Passed Or Failed,ChrF Score
42a2bc14-4cd0-44eb-a7aa-d1199fa38f64,26036dd7-a434-4d60-a8f4-b2b3d2cbc57e,0.0,0.0,0.0,Passed,55.5111094084469
42a2bc14-4cd0-44eb-a7aa-d1199fa38f64,ae2b0fe2-0261-4ede-a10b-c1d64bd94c7d,0.0,0.0,0.0,Passed,55.19222509881391
42a2bc14-4cd0-44eb-a7aa-d1199fa38f64,c4288747-6fd5-4924-ab90-2d33b3d6c316,0.0,0.0,0.0,Passed,54.8795782399934
42a2bc14-4cd0-44eb-a7aa-d1199fa38f64,e9617ad6-d2b6-4c8c-aed2-cd3369ebd3bf,0.0,0.0,0.0,Passed,54.8795782399934
42a2bc14-4cd0-44eb-a7aa-d1199fa38f64,a2d7bd83-706c-4da6-931a-f7702acf022a,0.0,0.0,0.0,Passed,54.483111076658474
42a2bc14-4cd0-44eb-a7aa-d1199fa38f64,44cfef83-6e26-487b-9c73-fd96b9fbe73d,0.0,0.0,0.0,Passed,54.46331838698589
42a2bc14-4cd0-44eb-a7aa-d1199fa38f64,0aa85b7b-d841-4623-b74c-86b330b64e44,1.0,72.0,0.0,Failed,54.325648194321865
