Folder1,Folder2,AST Edit Distance,DFG Edit Distance,PDG Edit Distance,Passed Or Failed,Euclidean Distance
986a875e-15f7-4096-91a3-90fe75f9e0b3,df19fb74-19bb-46b4-b141-15d51855284a,0.0,0.0,0.0,Passed,0.3050159811973572
986a875e-15f7-4096-91a3-90fe75f9e0b3,9ca50925-f39a-4925-bdae-badb3294146b,0.0,0.0,0.0,Passed,0.31693005561828613
986a875e-15f7-4096-91a3-90fe75f9e0b3,07123224-c7da-458d-8125-24fccf172465,3.0,87.0,128.0,Failed,0.3176005482673645
