Folder1,Folder2,AST Edit Distance,DFG Edit Distance,PDG Edit Distance,Semantic Similarity Using Roberta,Passed Or Failed,Similarity Score during Execution,Serial Execution,Cosine Similarity,Euclidean Distance,BLEU score,Maximal Safe Radius,Neighbourhood,Number Of Words,Levenshtein_CharacterLevel,Levenshtein_WordLevel,ROUGE-1,ROUGE-2,ROUGE-L,Meteor Score,ChrF Score
9142f5ed-2c92-479c-a1ed-8778b93f8ab8,9ea9c54e-ccea-4e87-a09e-c2b51286c627,30.0,25.0,40.0,0.0,Failed,1.077649474143982,0.0,0.993249237537384,0.4085148870944977,0.4681865544208595,5.982809702555339,1.0,1.0,20.0,1.0,0.8421052631578948,0.7636363636363636,0.8421052631578948,0.8321185617103983,78.84426025424902
9142f5ed-2c92-479c-a1ed-8778b93f8ab8,aa84de3b-4b1b-432b-9c24-a61af3429c23,0.0,0.0,0.0,0.0,Passed,1.1048868894577026,0.0,0.994733452796936,0.3577432930469513,0.3901688087562046,4.743626654148102,1.0,1.0,23.0,1.0,0.8421052631578948,0.7636363636363636,0.8421052631578948,0.8321185617103983,77.79926139956915
9142f5ed-2c92-479c-a1ed-8778b93f8ab8,ec5602a0-4607-4cbd-bfdc-d82f94ddf718,4.0,2.0,5.0,0.0,Passed,1.1216965913772583,0.0,0.9926384091377258,0.41840946674346924,0.4407883467611227,4.816553056240082,1.0,1.0,20.0,1.0,0.8421052631578948,0.8,0.8421052631578948,0.8329734010006118,78.72141189763656
