Folder1,Folder2,AST Edit Distance,DFG Edit Distance,PDG Edit Distance,Passed Or Failed,BLEU score
ad88f92b-5bbe-44c2-9866-f93623fca590,5da84e5a-ab65-4136-a359-cdcf809818c8,4.0,62.0,75.0,Passed,0.701088303858115
ad88f92b-5bbe-44c2-9866-f93623fca590,7605c348-b3d6-4f8f-bd20-15570ffacd3c,0.0,0.0,0.0,Passed,0.701088303858115
ad88f92b-5bbe-44c2-9866-f93623fca590,1b40a966-9a0f-428e-90b5-4f41c65782bb,3.0,0.0,0.0,Passed,0.671185465707913
ad88f92b-5bbe-44c2-9866-f93623fca590,50e17fd4-ccf7-4435-b0e0-05c5e21a8c89,21.0,142.0,192.0,Failed,0.671185465707913
