Folder1,Folder2,AST Edit Distance,DFG Edit Distance,PDG Edit Distance,Passed Or Failed,Meteor Score
5ef94a73-62e1-4b32-8207-5ee38ab89798,35a45f83-057a-406f-9bc7-a0558ef9e0ef,62.0,0.0,0.0,Passed,0.89570375790519
5ef94a73-62e1-4b32-8207-5ee38ab89798,4ba24f6c-57d2-4af3-ac5d-6e148d7a5962,39.0,79.0,153.0,Passed,0.89570375790519
5ef94a73-62e1-4b32-8207-5ee38ab89798,a6feef99-02d8-4409-ae4f-31e0577f4364,72.0,0.0,0.0,Passed,0.89570375790519
5ef94a73-62e1-4b32-8207-5ee38ab89798,aeef8dac-db1c-4fe0-b775-da9121f10db6,46.0,0.0,0.0,Passed,0.89570375790519
5ef94a73-62e1-4b32-8207-5ee38ab89798,bfd33daa-ea68-4e5b-af9b-13cd50539232,65.0,0.0,0.0,Passed,0.89570375790519
5ef94a73-62e1-4b32-8207-5ee38ab89798,0b2ae820-20fb-437f-8f34-9870951927a4,48.0,0.0,0.0,Passed,0.848474260423946
5ef94a73-62e1-4b32-8207-5ee38ab89798,0f4242d8-ac1f-4e5d-886b-b6b81d0ad67f,68.0,76.0,133.0,Failed,0.848474260423946
