Folder1,Folder2,AST Edit Distance,DFG Edit Distance,PDG Edit Distance,Passed Or Failed,Cosine Similarity
ac79ede1-c4fa-45bf-9032-db27d361e619,fcdc82ae-8631-4135-9f87-521f27f362f8,0.0,0.0,0.0,Passed,0.995884895324707
ac79ede1-c4fa-45bf-9032-db27d361e619,a55803ed-2035-4761-a6bb-120452aff61c,2.0,0.0,0.0,Failed,0.994423508644104
