Folder1,Folder2,AST Edit Distance,DFG Edit Distance,PDG Edit Distance,Passed Or Failed,Similarity Score during Execution
0327ba7f-b1f2-4a11-8534-efc43e06747f,cdbbafff-4a68-4bf1-a733-fa8448fe9cad,0.0,0.0,0.0,Passed,1.35556161403656
0327ba7f-b1f2-4a11-8534-efc43e06747f,fba2fff3-a604-4021-8978-b17ee4d19521,0.0,0.0,0.0,Passed,1.3153928518295288
0327ba7f-b1f2-4a11-8534-efc43e06747f,b945f5fb-0e4f-47cd-aff1-fa6df4799bb0,19.0,0.0,0.0,Failed,1.3152397871017456
