Folder1,Folder2,AST Edit Distance,DFG Edit Distance,PDG Edit Distance,Passed Or Failed,Similarity Score during Execution
daac3eff-42c5-4050-88e5-1ef987ac35c2,e2a43a55-5b17-45bb-81c7-40b36f98b9fb,56.0,14.0,22.0,Passed,1.372314691543579
daac3eff-42c5-4050-88e5-1ef987ac35c2,96025845-3556-43f6-a7d1-ac75202540ed,32.0,36.0,53.0,Passed,1.3348549604415894
daac3eff-42c5-4050-88e5-1ef987ac35c2,0d4316fc-a3ee-4fd0-ba5e-e315c458070b,43.0,21.0,32.0,Passed,1.3002012968063354
daac3eff-42c5-4050-88e5-1ef987ac35c2,dea8b3ad-1905-41cf-b248-d546c9088b91,37.0,42.0,62.0,Failed,1.234623670578003
