Folder1,Folder2,AST Edit Distance,DFG Edit Distance,PDG Edit Distance,Passed Or Failed,ChrF Score
7b9603f9-a531-46f8-bd8c-02578788506e,faa15035-30e4-40f9-abad-7bd3eeb381e9,0.0,0.0,0.0,Passed,85.13062573713648
7b9603f9-a531-46f8-bd8c-02578788506e,53b04e7f-111f-4af0-862a-df97675c1e71,21.0,0.0,0.0,Failed,85.12801227107511
