Folder1,Folder2,AST Edit Distance,DFG Edit Distance,PDG Edit Distance,Passed Or Failed,ROUGE-L
0e09483d-a18e-407b-afa3-dd84dc109b62,0762aa0f-30e5-41f6-992d-c54084df6117,0.0,0.0,0.0,Passed,0.7692307692307692
0e09483d-a18e-407b-afa3-dd84dc109b62,8ba9c865-618a-4fa9-839e-e9185d6c1e3f,0.0,0.0,0.0,Passed,0.7692307692307692
0e09483d-a18e-407b-afa3-dd84dc109b62,0b064e03-9602-42d7-9c79-7d44a1ddc106,0.0,10.0,10.0,Passed,0.6923076923076923
0e09483d-a18e-407b-afa3-dd84dc109b62,15e1b3f8-7103-4b51-9eb7-6841cbdfe50c,27.0,58.0,86.0,Failed,0.6923076923076923
