Folder1,Folder2,AST Edit Distance,DFG Edit Distance,PDG Edit Distance,Passed Or Failed,ChrF Score
8e4d676c-66b7-428a-8824-55939e2a262d,84c60a37-539b-4d4a-b710-c6f631d7741b,5.0,0.0,0.0,Passed,77.52457872534112
8e4d676c-66b7-428a-8824-55939e2a262d,abbba7cc-fb6d-439c-a010-08ff3b222173,1.0,72.0,100.0,Failed,74.50415630215197
