Folder1,Folder2,AST Edit Distance,DFG Edit Distance,PDG Edit Distance,Passed Or Failed,Similarity Score during Execution
c49760f5-fb14-4fbf-aad5-22be4eccf131,60de2414-d0d6-4eb9-abf4-3c6099a84abe,8.0,0.0,0.0,Passed,0.9477802515029907
c49760f5-fb14-4fbf-aad5-22be4eccf131,6439c7b5-8862-4cc3-8cce-1c4e811eccf8,0.0,0.0,0.0,Passed,0.9076166749000549
c49760f5-fb14-4fbf-aad5-22be4eccf131,45284638-249d-40aa-8860-9ee173a17f95,12.0,0.0,0.0,Passed,0.8871716856956482
c49760f5-fb14-4fbf-aad5-22be4eccf131,e9f434e3-817e-449a-a337-23b8786c88a7,0.0,0.0,0.0,Passed,0.8418659567832947
c49760f5-fb14-4fbf-aad5-22be4eccf131,86126c6a-a530-42c3-9e00-370f1b2abe59,12.0,0.0,0.0,Passed,0.8271706104278564
c49760f5-fb14-4fbf-aad5-22be4eccf131,a6dbb477-4b26-4f1b-a174-562b73df7a71,13.0,0.0,0.0,Failed,0.8231359720230103
