Folder1,Folder2,AST Edit Distance,DFG Edit Distance,PDG Edit Distance,Passed Or Failed,Cosine Similarity
0b280966-c53f-4711-81b5-977371fc3606,458ed421-bc61-4160-9489-0e95396d0de2,32.0,22.0,0.0,Passed,0.9988178014755249
0b280966-c53f-4711-81b5-977371fc3606,cc084ee8-5610-47ab-a0b6-1d30c93ad618,73.0,0.0,0.0,Failed,0.9928502440452576
