Folder1,Folder2,AST Edit Distance,DFG Edit Distance,PDG Edit Distance,Passed Or Failed,ROUGE-2
7b9603f9-a531-46f8-bd8c-02578788506e,53b04e7f-111f-4af0-862a-df97675c1e71,0.0,0.0,0.0,Passed,0.9047619047619049
7b9603f9-a531-46f8-bd8c-02578788506e,bb162c83-642e-4749-9337-dba5002ccfe6,0.0,0.0,0.0,Passed,0.9047619047619049
7b9603f9-a531-46f8-bd8c-02578788506e,faa15035-30e4-40f9-abad-7bd3eeb381e9,21.0,0.0,0.0,Failed,0.8976377952755904
