Folder1,Folder2,AST Edit Distance,DFG Edit Distance,PDG Edit Distance,Passed Or Failed,ChrF Score
52d57624-4c0b-4dbb-8577-d2a5a782697f,a0601d89-d3d4-46b6-bca4-979a2a4f2024,31.0,0.0,0.0,Passed,74.46075255425436
52d57624-4c0b-4dbb-8577-d2a5a782697f,752ed27b-48a9-473b-8d95-050270eb43a9,23.0,0.0,0.0,Passed,73.3737041865569
52d57624-4c0b-4dbb-8577-d2a5a782697f,d0882401-0268-47a6-91c5-7f05ac6d149a,80.0,0.0,0.0,Failed,73.3737041865569
