Folder1,Folder2,AST Edit Distance,DFG Edit Distance,PDG Edit Distance,Passed Or Failed,Cosine Similarity
1a8d38cf-b76c-4d08-bfc4-d505e74ea07e,1ca55152-6544-4990-abf6-20d89b82b7fc,6.0,0.0,0.0,Passed,0.9992641806602478
1a8d38cf-b76c-4d08-bfc4-d505e74ea07e,6acc5e7a-aba9-483e-8ed5-291f4f44b2b0,6.0,0.0,0.0,Passed,0.9992475509643555
1a8d38cf-b76c-4d08-bfc4-d505e74ea07e,d8fe1e24-c2b3-4fdc-b8c7-faf935360f5a,27.0,0.0,0.0,Failed,0.9992475509643555
