Folder1,Folder2,AST Edit Distance,DFG Edit Distance,PDG Edit Distance,Passed Or Failed,Similarity Score during Execution
a4d72b42-0d08-47cb-b5a3-c54a483bbf8b,32a9a48b-f63e-48f2-be71-04c7824a7a91,0.0,0.0,0.0,Passed,1.3234667778015137
a4d72b42-0d08-47cb-b5a3-c54a483bbf8b,77e81090-01e7-4b13-98c0-e39e781822e9,0.0,0.0,0.0,Passed,1.3219741582870483
a4d72b42-0d08-47cb-b5a3-c54a483bbf8b,3d5dd744-1d70-4f16-8599-77e09ac13336,13.0,0.0,0.0,Failed,1.2882323265075684
