Folder1,Folder2,AST Edit Distance,DFG Edit Distance,PDG Edit Distance,Passed Or Failed,ROUGE-2
6f187edc-8365-4f6e-8c59-b8a0446b1907,32938081-e1c0-43ad-864b-1acf9e55f7d7,20.0,0.0,0.0,Passed,0.853932584269663
6f187edc-8365-4f6e-8c59-b8a0446b1907,3db93428-2516-493e-acc9-5ecd08fcabf1,20.0,0.0,0.0,Passed,0.853932584269663
6f187edc-8365-4f6e-8c59-b8a0446b1907,aa507c74-7939-4a03-bd59-001e84850608,20.0,0.0,0.0,Passed,0.853932584269663
6f187edc-8365-4f6e-8c59-b8a0446b1907,bfeaab9c-25f7-4b3f-8695-05e2e5c42850,20.0,0.0,0.0,Passed,0.853932584269663
6f187edc-8365-4f6e-8c59-b8a0446b1907,67c0b0c6-ed38-485f-b6c3-466c029fd3d0,0.0,0.0,0.0,Passed,0.8314606741573033
6f187edc-8365-4f6e-8c59-b8a0446b1907,85d0dae2-dcba-4cbe-ab3f-fd4178a79846,20.0,0.0,0.0,Passed,0.8314606741573033
6f187edc-8365-4f6e-8c59-b8a0446b1907,97b893cf-ce86-42b9-b65c-45ea23ad8f82,6.0,0.0,0.0,Passed,0.8314606741573033
6f187edc-8365-4f6e-8c59-b8a0446b1907,e90f675d-3af7-4790-b229-298d3671e6fd,23.0,0.0,0.0,Failed,0.8314606741573033
