Folder1,Folder2,AST Edit Distance,DFG Edit Distance,PDG Edit Distance,Passed Or Failed,ChrF Score
9cd3eabc-f518-41b5-9ac8-0cd0085f5a5a,4324fc0a-439d-4e19-9b75-53977d5722e6,1.0,0.0,0.0,Passed,70.40888695000844
9cd3eabc-f518-41b5-9ac8-0cd0085f5a5a,5b9ed9d3-b9da-4e35-b707-64869d22777e,0.0,0.0,0.0,Passed,70.40888695000844
9cd3eabc-f518-41b5-9ac8-0cd0085f5a5a,4652a474-de30-4705-8b95-586990cc249d,1.0,0.0,0.0,Passed,68.50348277769008
9cd3eabc-f518-41b5-9ac8-0cd0085f5a5a,d02a8f1c-1432-4cd2-9afa-70bd0af4572d,1.0,12.0,18.0,Failed,68.50348277769008
