Folder1,Folder2,AST Edit Distance,DFG Edit Distance,PDG Edit Distance,Passed Or Failed,Euclidean Distance
4afaaf99-aae5-49e8-93c1-a8ba4e42c5b9,67b63095-b15e-4b6e-9dfd-b82b69da1bb1,3.0,41.0,57.0,Passed,0.30692532658576965
4afaaf99-aae5-49e8-93c1-a8ba4e42c5b9,89ec4cfe-a8bc-4024-b663-e77915351ab7,2.0,29.0,39.0,Passed,0.30692532658576965
4afaaf99-aae5-49e8-93c1-a8ba4e42c5b9,37330724-bf92-46c3-8ae3-9fa0ea45315c,33.0,84.0,124.0,Failed,0.35176777839660645
