Folder1,Folder2,AST Edit Distance,DFG Edit Distance,PDG Edit Distance,Passed Or Failed,Euclidean Distance
2a000c65-4c30-4190-b603-14ef6c67dced,f8b451a4-4ae7-49b0-8a9f-629b57bb5e31,17.0,0.0,0.0,Passed,0.43749433755874634
2a000c65-4c30-4190-b603-14ef6c67dced,27f3ec15-ded9-4368-b181-01a3a9f1e0cb,2.0,15.0,21.0,Failed,0.5105886459350586
