Folder1,Folder2,AST Edit Distance,DFG Edit Distance,PDG Edit Distance,Passed Or Failed,BLEU score
7e8a8d9b-6375-4672-a606-5c7fdf94462c,32f8005f-044b-4f70-a2d1-da2950a1fd65,8.0,52.0,74.0,Passed,0.5731397520475183
7e8a8d9b-6375-4672-a606-5c7fdf94462c,33be5072-107b-4840-9270-512a548833df,7.0,0.0,0.0,Passed,0.5731397520475183
7e8a8d9b-6375-4672-a606-5c7fdf94462c,3dc99b18-3eba-473c-bcf6-e20951bf4914,4.0,50.0,71.0,Passed,0.5303784722436514
7e8a8d9b-6375-4672-a606-5c7fdf94462c,c0f97b84-30c2-4743-a0db-45c72a7b9dc4,5.0,15.0,23.0,Passed,0.5303784722436514
7e8a8d9b-6375-4672-a606-5c7fdf94462c,4536feb3-310d-4476-9e8b-bd922499e055,2.0,0.0,0.0,Passed,0.496706736311865
7e8a8d9b-6375-4672-a606-5c7fdf94462c,c7cf4e25-2e53-4953-b44c-5ef0e331a84f,49.0,68.0,106.0,Failed,0.496706736311865
