Folder1,Folder2,AST Edit Distance,DFG Edit Distance,PDG Edit Distance,Passed Or Failed,Similarity Score during Execution
d2160a4e-2a9a-4496-8bd8-8e79e098ca13,e034ccaa-4e3a-43c4-9483-3cc305b3a65f,0.0,0.0,0.0,Passed,1.2768199443817139
d2160a4e-2a9a-4496-8bd8-8e79e098ca13,28ed355f-a77b-4a4e-9a08-355716057675,0.0,0.0,0.0,Passed,1.2759946584701538
d2160a4e-2a9a-4496-8bd8-8e79e098ca13,e918dc5b-8ff5-423a-ab4b-b9647950bd8b,0.0,0.0,0.0,Passed,1.265261173248291
d2160a4e-2a9a-4496-8bd8-8e79e098ca13,3c4a3406-70a8-4c7c-8a99-799ee2c8eee3,71.0,83.0,127.0,Failed,1.2173486948013306
