Folder1,Folder2,AST Edit Distance,DFG Edit Distance,PDG Edit Distance,Passed Or Failed,ROUGE-L
99cc2cc6-11ca-4925-89db-7b7ec0f3c499,31d74870-4c47-4e4a-bbea-934e0c599957,16.0,0.0,0.0,Passed,0.7777777777777777
99cc2cc6-11ca-4925-89db-7b7ec0f3c499,321251da-86b5-418d-9e8f-79ade4c47f72,35.0,0.0,0.0,Failed,0.7777777777777777
