Folder1,Folder2,AST Edit Distance,DFG Edit Distance,PDG Edit Distance,Passed Or Failed,ROUGE-L
5d3321d9-8781-46ce-bc76-ce667ba46a05,aafd5234-7340-454d-8863-5f401cbc87e0,262.0,0.0,0.0,Passed,0.8125000000000001
5d3321d9-8781-46ce-bc76-ce667ba46a05,fbe68e11-9120-42b6-bf1a-2407a84cf0bc,255.0,0.0,0.0,Passed,0.8125000000000001
5d3321d9-8781-46ce-bc76-ce667ba46a05,2531efea-2fbf-4b50-9072-937cce7d4e45,298.0,0.0,0.0,Failed,0.75
