Folder1,Folder2,AST Edit Distance,DFG Edit Distance,PDG Edit Distance,Passed Or Failed,Meteor Score
13406e15-b39c-4656-aa0f-93b37e15078d,0b3e33fb-d4c2-48ba-ab84-0527def028a6,20.0,11.0,19.0,Passed,0.4508928571428571
13406e15-b39c-4656-aa0f-93b37e15078d,74d0eed6-a98c-4b64-8111-19db189deec7,25.0,12.0,21.0,Passed,0.26571428571428574
13406e15-b39c-4656-aa0f-93b37e15078d,80a7b011-e115-441c-a446-ae84c63773c3,25.0,22.0,38.0,Passed,0.20103503184713375
13406e15-b39c-4656-aa0f-93b37e15078d,900e67ae-5556-4707-bf74-dd0df261c549,35.0,90.0,127.0,Passed,0.20103503184713375
13406e15-b39c-4656-aa0f-93b37e15078d,91a1d503-4c06-48fb-b2ec-8c8e578a9642,49.0,148.0,205.0,Failed,0.20103503184713375
