Folder1,Folder2,AST Edit Distance,DFG Edit Distance,PDG Edit Distance,Passed Or Failed,ROUGE-2
a34d82f6-7b01-4ae1-9ec2-5a56567a227a,0f8dd9ff-f18b-49f5-8ba9-9ee2bfe46d59,29.0,0.0,0.0,Passed,0.8125000000000001
a34d82f6-7b01-4ae1-9ec2-5a56567a227a,6dd80306-406c-42d2-8a63-be52bec78821,18.0,0.0,0.0,Passed,0.8125000000000001
a34d82f6-7b01-4ae1-9ec2-5a56567a227a,6e2a1013-8eb7-4bcb-b57f-ff714e36fd19,20.0,0.0,0.0,Passed,0.75
a34d82f6-7b01-4ae1-9ec2-5a56567a227a,7aec8495-5f31-437e-a4fc-0265edb6efc6,17.0,0.0,0.0,Passed,0.75
a34d82f6-7b01-4ae1-9ec2-5a56567a227a,81a28e3e-7a34-4986-8451-990a89342814,34.0,0.0,0.0,Passed,0.75
a34d82f6-7b01-4ae1-9ec2-5a56567a227a,9946b656-8c3f-4e10-8d33-944a72c74879,52.0,0.0,0.0,Failed,0.75
