Folder1,Folder2,AST Edit Distance,DFG Edit Distance,PDG Edit Distance,Passed Or Failed,BLEU score
f5da9c02-9c14-46b8-ba57-463d651bf9fd,2840e02b-ea00-4887-9084-7f22dd52fb1e,0.0,0.0,0.0,Passed,0.28592291256793106
f5da9c02-9c14-46b8-ba57-463d651bf9fd,6d9f152a-169e-45ef-9033-55708f287299,0.0,0.0,0.0,Passed,0.28592291256793106
f5da9c02-9c14-46b8-ba57-463d651bf9fd,6dce6277-7e36-4ce5-8d8f-df91b79c002e,0.0,0.0,0.0,Passed,0.28592291256793106
f5da9c02-9c14-46b8-ba57-463d651bf9fd,7e3b134f-823d-41db-a760-d8e12459bb7e,0.0,0.0,0.0,Passed,0.28592291256793106
f5da9c02-9c14-46b8-ba57-463d651bf9fd,80c7b9a9-ab32-4175-b3cf-b4de328396d9,0.0,0.0,0.0,Passed,0.28592291256793106
f5da9c02-9c14-46b8-ba57-463d651bf9fd,8a103da8-9762-4a0a-b089-063f190906e8,14.0,0.0,0.0,Passed,0.28592291256793106
f5da9c02-9c14-46b8-ba57-463d651bf9fd,c66ddebf-bfb0-4f58-a7d6-732786087c58,0.0,0.0,0.0,Passed,0.28592291256793106
f5da9c02-9c14-46b8-ba57-463d651bf9fd,f7fd7adf-5a9e-4efe-80c1-e1d5c0cd3bc3,14.0,12.0,23.0,Failed,0.28592291256793106
