Folder1,Folder2,AST Edit Distance,DFG Edit Distance,PDG Edit Distance,Passed Or Failed,Similarity Score during Execution
312880ff-45c5-49d7-b909-01564f580dca,cc8f6a58-fa43-45db-a8e4-032e22a860fd,0.0,0.0,0.0,Passed,1.1893635988235474
312880ff-45c5-49d7-b909-01564f580dca,599eca21-ce05-47f0-835c-cbf4c375b618,0.0,0.0,0.0,Passed,1.178816795349121
312880ff-45c5-49d7-b909-01564f580dca,2fdeaf9e-1303-4f29-ae04-b9aeed0981cf,0.0,0.0,0.0,Passed,1.1759777069091797
312880ff-45c5-49d7-b909-01564f580dca,a5ff46ad-b411-494d-bf39-6349216f49f7,0.0,0.0,0.0,Passed,1.1546142101287842
312880ff-45c5-49d7-b909-01564f580dca,6bad0400-eb00-41a8-9de3-e1b4bafe410b,45.0,92.0,246.0,Failed,1.1259969472885132
