Folder1,Folder2,AST Edit Distance,DFG Edit Distance,PDG Edit Distance,Passed Or Failed,Similarity Score during Execution
b2a87ba8-a16d-4a10-8733-711d3dca452f,e6007abf-77a6-4cfa-95f8-e4ed385159e8,0.0,0.0,0.0,Passed,1.349965214729309
b2a87ba8-a16d-4a10-8733-711d3dca452f,d9063ba0-13d2-4898-90dc-06fa82429898,0.0,0.0,0.0,Passed,1.3359020948410034
b2a87ba8-a16d-4a10-8733-711d3dca452f,f96d63ed-02e9-4307-bf0c-3aba020bd751,0.0,0.0,0.0,Passed,1.310548186302185
b2a87ba8-a16d-4a10-8733-711d3dca452f,15302dff-1c78-4c31-b655-946ff91e8f91,15.0,0.0,0.0,Passed,1.2508598566055298
b2a87ba8-a16d-4a10-8733-711d3dca452f,61243e9e-a69f-4f89-ba93-a14bf488252c,54.0,101.0,141.0,Failed,1.2294865846633911
