Folder1,Folder2,AST Edit Distance,DFG Edit Distance,PDG Edit Distance,Passed Or Failed,Similarity Score during Execution
c49760f5-fb14-4fbf-aad5-22be4eccf131,c4e4f474-3469-4c3b-998a-4ec66b3cacad,12.0,0.0,0.0,Passed,0.9324058890342712
c49760f5-fb14-4fbf-aad5-22be4eccf131,b489ebff-c314-41e2-8a73-73014bb4d9c6,0.0,0.0,0.0,Passed,0.8896620869636536
c49760f5-fb14-4fbf-aad5-22be4eccf131,42032f48-251d-46b0-81b5-a128a8dcec4a,0.0,0.0,0.0,Passed,0.8888558745384216
c49760f5-fb14-4fbf-aad5-22be4eccf131,cd885d9b-bbd6-4eaf-bbae-236ed29b45af,20.0,0.0,0.0,Failed,0.8808940649032593
