Folder1,Folder2,AST Edit Distance,DFG Edit Distance,PDG Edit Distance,Passed Or Failed,ChrF Score
5d41e44c-b039-4be5-95ed-37b24f967e3e,d4b65d2a-4678-465a-8f02-63f68363c088,57.0,63.0,95.0,Passed,38.201088061568875
5d41e44c-b039-4be5-95ed-37b24f967e3e,6876ee8d-b1db-4a32-84be-33f756c88590,60.0,25.0,40.0,Passed,35.82427593369718
5d41e44c-b039-4be5-95ed-37b24f967e3e,7692d556-4631-4e9d-8e7e-e17130af10dd,41.0,90.0,136.0,Failed,35.71016410255323
