Folder1,Folder2,AST Edit Distance,DFG Edit Distance,PDG Edit Distance,Passed Or Failed,ChrF Score
67d2dcca-680e-478c-9acd-4ee47cd5febf,00b25359-704d-46ae-a80e-c223a33db7cd,23.0,0.0,0.0,Passed,65.89806827749929
67d2dcca-680e-478c-9acd-4ee47cd5febf,16053473-fe9c-47b1-a7ee-59c785c2f552,6.0,0.0,0.0,Passed,65.89806827749929
67d2dcca-680e-478c-9acd-4ee47cd5febf,81978ac7-4284-4ed6-9317-4a4021230923,27.0,0.0,0.0,Failed,65.50463098443237
