Folder1,Folder2,AST Edit Distance,DFG Edit Distance,PDG Edit Distance,Passed Or Failed,ChrF Score
aa5968d5-65a8-41fc-adc4-c87e3f47a327,e1e23d3c-900f-41fd-91d8-68cee6665c06,9.0,0.0,0.0,Passed,93.59860459456159
aa5968d5-65a8-41fc-adc4-c87e3f47a327,a4295b42-99ef-4047-9929-3bf1c0deb89e,9.0,18.0,0.0,Failed,93.06522357211968
