Folder1,Folder2,AST Edit Distance,DFG Edit Distance,PDG Edit Distance,Passed Or Failed,ChrF Score
050927c8-ed55-43dc-a43c-cbe23bf0ea64,7851f4d3-046f-4d0c-a39b-e9d0b5a40d50,66.0,0.0,0.0,Passed,71.93269818676703
050927c8-ed55-43dc-a43c-cbe23bf0ea64,cb093a18-909f-4472-a80d-2a6425db16f8,63.0,0.0,0.0,Passed,71.93269818676703
050927c8-ed55-43dc-a43c-cbe23bf0ea64,bb454072-17cf-4a8a-a70d-a39f5db1b96a,81.0,0.0,0.0,Passed,70.75851294561164
050927c8-ed55-43dc-a43c-cbe23bf0ea64,c5ec0931-3aa3-4f12-b463-dda50ca58bb2,66.0,0.0,0.0,Passed,70.75851294561164
050927c8-ed55-43dc-a43c-cbe23bf0ea64,a51d8cfd-4a06-4133-b4b8-671e2662b86a,0.0,0.0,0.0,Passed,68.43065540488361
050927c8-ed55-43dc-a43c-cbe23bf0ea64,aef91b66-dd91-42db-8fe0-0d5035c20134,63.0,0.0,0.0,Passed,67.27521598058632
050927c8-ed55-43dc-a43c-cbe23bf0ea64,3747fa0b-f546-4a62-8b73-416d0b9309d2,64.0,0.0,0.0,Passed,64.4658997787507
050927c8-ed55-43dc-a43c-cbe23bf0ea64,4c14936f-3197-4a70-883f-ecbcdec41a9e,84.0,0.0,0.0,Failed,64.4658997787507
