Folder1,Folder2,AST Edit Distance,DFG Edit Distance,PDG Edit Distance,Passed Or Failed,Cosine Similarity
ea78de3d-328e-439b-8bac-d7f35b63c7f6,82cb884f-432e-429c-84da-2cae2fea93d7,12.0,0.0,0.0,Passed,0.9926513433456421
ea78de3d-328e-439b-8bac-d7f35b63c7f6,df72452c-94c8-4a03-a331-50adcd04883a,1.0,0.0,0.0,Passed,0.9926513433456421
ea78de3d-328e-439b-8bac-d7f35b63c7f6,1f94f4ab-e384-4cd2-86a2-2de90e99ea96,0.0,52.0,70.0,Passed,0.9922430515289307
ea78de3d-328e-439b-8bac-d7f35b63c7f6,721a4db5-bbc9-4e59-8eed-4f179956e26b,0.0,30.0,38.0,Passed,0.9922430515289307
ea78de3d-328e-439b-8bac-d7f35b63c7f6,c465aace-8a3f-4498-aaac-863dcdf89b25,10.0,34.0,54.0,Passed,0.9909679889678955
ea78de3d-328e-439b-8bac-d7f35b63c7f6,d3eb9c58-49c7-41ba-9e83-93f01d4fb830,10.0,34.0,54.0,Passed,0.9909679889678955
ea78de3d-328e-439b-8bac-d7f35b63c7f6,04b32dfa-3641-4838-9536-5c92772bbf4e,10.0,59.0,85.0,Failed,0.990074634552002
