Folder1,Folder2,AST Edit Distance,DFG Edit Distance,PDG Edit Distance,Passed Or Failed,ROUGE-L
18299b58-921d-4a75-8734-80e8e748b290,0a1d8dab-3c96-4a67-910b-7bf68d583668,0.0,0.0,0.0,Passed,0.8000000000000002
18299b58-921d-4a75-8734-80e8e748b290,5d899253-566f-434f-8dcb-ab293d8c2450,0.0,0.0,0.0,Passed,0.8000000000000002
18299b58-921d-4a75-8734-80e8e748b290,720e473f-a3a3-4bfc-b4ff-310c7e1dd46e,20.0,19.0,0.0,Failed,0.7586206896551724
