Folder1,Folder2,AST Edit Distance,DFG Edit Distance,PDG Edit Distance,Passed Or Failed,Similarity Score during Execution
050927c8-ed55-43dc-a43c-cbe23bf0ea64,19373371-22f4-4f8c-96c1-263a95415ba5,3.0,25.0,29.0,Passed,1.15919029712677
050927c8-ed55-43dc-a43c-cbe23bf0ea64,453f630a-f6c6-45e2-b8e9-c0127f3c210d,2.0,31.0,37.0,Passed,1.0367072820663452
050927c8-ed55-43dc-a43c-cbe23bf0ea64,24a034a6-ce90-4ee4-92ca-332c10e2cbdb,10.0,86.0,130.0,Failed,0.865767776966095
