Folder1,Folder2,AST Edit Distance,DFG Edit Distance,PDG Edit Distance,Passed Or Failed,Similarity Score during Execution
42a2bc14-4cd0-44eb-a7aa-d1199fa38f64,ae2b0fe2-0261-4ede-a10b-c1d64bd94c7d,0.0,0.0,0.0,Passed,1.1437257528305054
42a2bc14-4cd0-44eb-a7aa-d1199fa38f64,c4288747-6fd5-4924-ab90-2d33b3d6c316,0.0,0.0,0.0,Passed,1.142527461051941
42a2bc14-4cd0-44eb-a7aa-d1199fa38f64,4c93fb4c-da1a-4a37-9146-efb149199131,1.0,72.0,0.0,Failed,1.1410292387008667
