Folder1,Folder2,AST Edit Distance,DFG Edit Distance,PDG Edit Distance,Passed Or Failed,Similarity Score during Execution
8e4d676c-66b7-428a-8824-55939e2a262d,84c60a37-539b-4d4a-b710-c6f631d7741b,5.0,0.0,0.0,Passed,1.391230583190918
8e4d676c-66b7-428a-8824-55939e2a262d,f8738df0-38fc-4763-8c7c-dc6a71a2511d,1.0,72.0,100.0,Failed,1.3765621185302734
