Folder1,Folder2,AST Edit Distance,DFG Edit Distance,PDG Edit Distance,Passed Or Failed,ChrF Score
33c8a9f6-bd8e-4ca2-b093-37b5c7c472c4,e34e887f-bd1f-4613-95a6-ad6cd706c50f,33.0,0.0,0.0,Passed,67.74067777374141
33c8a9f6-bd8e-4ca2-b093-37b5c7c472c4,3d101157-4b96-4801-ac4d-942c5ceecd35,32.0,0.0,0.0,Passed,67.64957319431757
33c8a9f6-bd8e-4ca2-b093-37b5c7c472c4,ca664aa4-fcc9-4993-a1fa-df0be09ec80f,25.0,53.0,91.0,Failed,67.42894792250362
