Folder1,Folder2,AST Edit Distance,DFG Edit Distance,PDG Edit Distance,Passed Or Failed,Euclidean Distance
5d3321d9-8781-46ce-bc76-ce667ba46a05,aafd5234-7340-454d-8863-5f401cbc87e0,262.0,0.0,0.0,Passed,0.3036719560623169
5d3321d9-8781-46ce-bc76-ce667ba46a05,fbe68e11-9120-42b6-bf1a-2407a84cf0bc,255.0,0.0,0.0,Passed,0.3036719560623169
5d3321d9-8781-46ce-bc76-ce667ba46a05,3ca32d62-5aee-49eb-9247-4aa87e622d91,293.0,0.0,0.0,Passed,0.3232068419456482
5d3321d9-8781-46ce-bc76-ce667ba46a05,c9560888-8abe-4651-b964-1f5b4ddabf0e,297.0,0.0,0.0,Passed,0.3708389103412628
5d3321d9-8781-46ce-bc76-ce667ba46a05,2531efea-2fbf-4b50-9072-937cce7d4e45,298.0,0.0,0.0,Failed,0.3765145242214203
