Folder1,Folder2,AST Edit Distance,DFG Edit Distance,PDG Edit Distance,Passed Or Failed,ROUGE-2
eb84aaa1-fce1-449a-82c9-24cffa9458e6,7c3dbac6-3dc7-4f12-bd3d-93ebbcc63622,0.0,0.0,0.0,Passed,0.7000000000000001
eb84aaa1-fce1-449a-82c9-24cffa9458e6,f52cb632-390a-4f90-b5aa-f6625f78b300,0.0,0.0,0.0,Passed,0.7000000000000001
eb84aaa1-fce1-449a-82c9-24cffa9458e6,10f0a9d8-d7e8-4793-8729-646d9f8660cb,29.0,0.0,0.0,Passed,0.6
eb84aaa1-fce1-449a-82c9-24cffa9458e6,1f1d47cd-0fc8-4509-b9c8-59470c46b718,14.0,0.0,0.0,Passed,0.6
eb84aaa1-fce1-449a-82c9-24cffa9458e6,37b7e095-766c-4f4d-97ef-3ba1e6d6c311,0.0,0.0,0.0,Passed,0.6
eb84aaa1-fce1-449a-82c9-24cffa9458e6,54a9b285-17d0-4649-b23c-57cd8eae0ffe,0.0,0.0,0.0,Passed,0.6
eb84aaa1-fce1-449a-82c9-24cffa9458e6,090df4db-0f09-447e-9784-66d3f663c375,15.0,120.0,167.0,Failed,0.5263157894736842
