Folder1,Folder2,AST Edit Distance,DFG Edit Distance,PDG Edit Distance,Passed Or Failed,ROUGE-2
40b89aa6-4884-4007-b81f-ed210e79c9e6,38d9febe-846f-4fd2-b1b3-236689c79e74,5.0,0.0,0.0,Passed,0.6666666666666665
40b89aa6-4884-4007-b81f-ed210e79c9e6,917fe518-5456-46bc-9fec-204dc0d62189,5.0,0.0,0.0,Passed,0.6666666666666665
40b89aa6-4884-4007-b81f-ed210e79c9e6,d28a9d8d-c3d4-4939-89b9-2f159785372e,5.0,0.0,0.0,Passed,0.6666666666666665
40b89aa6-4884-4007-b81f-ed210e79c9e6,dad0d402-f605-46eb-b16d-b50a2b133d50,28.0,106.0,165.0,Failed,0.6666666666666665
