Folder1,Folder2,AST Edit Distance,DFG Edit Distance,PDG Edit Distance,Passed Or Failed,Meteor Score
7e61db62-a835-410f-9692-fe4a5556b3f3,6f609030-7362-424d-9d49-f70fff1b3243,13.0,0.0,0.0,Passed,0.7544986023759609
7e61db62-a835-410f-9692-fe4a5556b3f3,4903d686-0593-419f-8cc9-07ce465a09a2,65.0,0.0,0.0,Failed,0.7529699510831587
