Folder1,Folder2,AST Edit Distance,DFG Edit Distance,PDG Edit Distance,Passed Or Failed,Euclidean Distance
873fbee6-a662-44e0-8763-4a65eca0c77d,aa2da9cf-9489-4f8e-979d-ab82372d788c,0.0,19.0,34.0,Passed,0.4384900629520416
873fbee6-a662-44e0-8763-4a65eca0c77d,20499e18-8f02-4ef6-91d3-76f2161bdc46,0.0,7.0,13.0,Passed,0.5047496557235718
873fbee6-a662-44e0-8763-4a65eca0c77d,ed331328-ef9b-458f-8aac-074fe8b4d914,0.0,0.0,0.0,Passed,0.5047496557235718
873fbee6-a662-44e0-8763-4a65eca0c77d,a4273ecf-fa80-407a-938b-37e8fc30c18e,14.0,15.0,27.0,Failed,0.5072635412216187
