Folder1,Folder2,AST Edit Distance,DFG Edit Distance,PDG Edit Distance,Passed Or Failed,Meteor Score
1e0ea0ae-a20f-4b6f-87e2-dae6049e33c0,60af2deb-4fa9-466f-b44d-e09a4d5b1c12,1.0,0.0,0.0,Passed,0.8458359821996186
1e0ea0ae-a20f-4b6f-87e2-dae6049e33c0,6f058b3c-d82b-4f60-91fa-e7960704ef84,0.0,0.0,0.0,Passed,0.8458359821996186
1e0ea0ae-a20f-4b6f-87e2-dae6049e33c0,a2012f21-a552-41e8-a916-740cab1ae5d9,1.0,0.0,0.0,Passed,0.8458359821996186
1e0ea0ae-a20f-4b6f-87e2-dae6049e33c0,a9479afd-a0e9-4224-a6b7-e07a53e3dbd5,0.0,0.0,0.0,Passed,0.8458359821996186
1e0ea0ae-a20f-4b6f-87e2-dae6049e33c0,f0f22d4a-f40c-4672-89f3-5a9deffeb647,1.0,0.0,0.0,Passed,0.8458359821996186
1e0ea0ae-a20f-4b6f-87e2-dae6049e33c0,f80d47c0-7100-4dab-8f94-5aa3dd6e8609,16.0,0.0,0.0,Passed,0.8458359821996186
1e0ea0ae-a20f-4b6f-87e2-dae6049e33c0,a54fb5dd-2ad2-4dae-b22b-27b48ca3cfdc,23.0,0.0,0.0,Failed,0.768846153846154
