Folder1,Folder2,AST Edit Distance,DFG Edit Distance,PDG Edit Distance,Passed Or Failed,ChrF Score
c49760f5-fb14-4fbf-aad5-22be4eccf131,0151af65-fbf4-4e5e-9ec8-79319bb583ad,7.0,0.0,0.0,Passed,48.92397204530581
c49760f5-fb14-4fbf-aad5-22be4eccf131,1748422b-bfb9-4bd6-9506-7ab3005ade5e,7.0,0.0,0.0,Passed,48.92397204530581
c49760f5-fb14-4fbf-aad5-22be4eccf131,1402f80c-e403-4d89-aa12-53e1e0ac9498,2.0,0.0,0.0,Passed,48.65713482953778
c49760f5-fb14-4fbf-aad5-22be4eccf131,98db61f1-9fcb-4810-a774-f448b86fc0d8,1.0,105.0,0.0,Failed,47.674367389330605
