Folder1,Folder2,AST Edit Distance,DFG Edit Distance,PDG Edit Distance,Passed Or Failed,BLEU score
ccb65103-2c80-4738-b838-5296d2218826,3417d430-d02b-4bc7-9e7d-01bf327be3c5,0.0,0.0,0.0,Passed,0.7168674343586146
ccb65103-2c80-4738-b838-5296d2218826,c8a7b994-b1bd-46a1-9b56-7e8e73d8dca0,0.0,0.0,0.0,Passed,0.7168674343586146
ccb65103-2c80-4738-b838-5296d2218826,d7afefb5-13a9-436e-81d8-6b94d6051522,0.0,0.0,0.0,Passed,0.7168674343586146
ccb65103-2c80-4738-b838-5296d2218826,9aefa56e-91c3-4d29-a865-ab58884c7cca,0.0,0.0,0.0,Failed,0.7127591423874172
