Folder1,Folder2,AST Edit Distance,DFG Edit Distance,PDG Edit Distance,Passed Or Failed,Cosine Similarity
7bd8b237-31f2-438b-a9dc-fd29cdae1a1e,102fc1d8-f7ed-4623-a345-524d92afb0f8,4.0,0.0,0.0,Passed,1.0000001192092896
7bd8b237-31f2-438b-a9dc-fd29cdae1a1e,8aaf40b1-0744-40a7-8fd1-13e4e85da892,0.0,0.0,0.0,Passed,1.0000001192092896
7bd8b237-31f2-438b-a9dc-fd29cdae1a1e,9a6eb394-d98c-4241-bbdf-ba2670e83ac7,4.0,0.0,0.0,Passed,1.0000001192092896
7bd8b237-31f2-438b-a9dc-fd29cdae1a1e,c1f891f6-84ec-427f-8680-33661155df44,4.0,0.0,0.0,Passed,1.0000001192092896
7bd8b237-31f2-438b-a9dc-fd29cdae1a1e,15c9dbc1-bae7-452a-ad88-ae03cf956d4b,15.0,0.0,0.0,Failed,0.9992035627365112
