Folder1,Folder2,AST Edit Distance,DFG Edit Distance,PDG Edit Distance,Passed Or Failed,BLEU score
c49760f5-fb14-4fbf-aad5-22be4eccf131,336c05c0-7257-450e-ae5f-b65ffac1e4e2,0.0,0.0,0.0,Passed,0.26038053012911716
c49760f5-fb14-4fbf-aad5-22be4eccf131,7c61493f-f98d-4685-94cf-5c3f6a5d48d0,0.0,0.0,0.0,Passed,0.2373488414075553
c49760f5-fb14-4fbf-aad5-22be4eccf131,d85b50d4-1e91-459f-8f7a-2bc61a9d5ade,13.0,0.0,0.0,Failed,0.2373488414075553
