Folder1,Folder2,AST Edit Distance,DFG Edit Distance,PDG Edit Distance,Passed Or Failed,ChrF Score
c49760f5-fb14-4fbf-aad5-22be4eccf131,f81c8dc8-339b-4415-a493-fc594c843b1b,2.0,0.0,0.0,Passed,47.674367389330605
c49760f5-fb14-4fbf-aad5-22be4eccf131,f8c83934-45b9-4ea2-b02a-9644405cf2cb,12.0,0.0,0.0,Passed,47.12180405021712
c49760f5-fb14-4fbf-aad5-22be4eccf131,0c1684c9-1e83-49b6-8499-583a9fbc2193,1.0,0.0,0.0,Passed,46.81537224327849
c49760f5-fb14-4fbf-aad5-22be4eccf131,577978ce-cca1-4c90-b849-cb00ae649d9e,0.0,0.0,0.0,Passed,46.75354375444287
c49760f5-fb14-4fbf-aad5-22be4eccf131,c9176a40-6cf7-4361-99ef-fb0c2511becb,15.0,0.0,0.0,Passed,46.42391956640142
c49760f5-fb14-4fbf-aad5-22be4eccf131,9017b13f-af18-4db8-8eeb-108ebc2a4b36,20.0,0.0,0.0,Failed,46.257291746800085
