Folder1,Folder2,AST Edit Distance,DFG Edit Distance,PDG Edit Distance,Passed Or Failed,Cosine Similarity
f8229e48-1dd4-4a41-9464-30d24da56c0d,65a3ee52-9319-43de-805c-242335efd895,31,41,60,Passed,0.989984214
f8229e48-1dd4-4a41-9464-30d24da56c0d,9423a8d5-a8c1-4cf0-9ef1-030a96399b04,55,78,113,Passed,0.987495184
f8229e48-1dd4-4a41-9464-30d24da56c0d,3b8f4a69-2438-401f-9c82-316a0277a7cc,58,77,114,Failed,0.985235691
