Folder1,Folder2,AST Edit Distance,DFG Edit Distance,PDG Edit Distance,Passed Or Failed,ROUGE-2
7e738d6c-8c66-42af-83ce-98a44356b3ce,28f13d52-7bbe-4e1a-b0fa-b76de1d9b0e5,0.0,0.0,0.0,Passed,0.8999999999999999
7e738d6c-8c66-42af-83ce-98a44356b3ce,e5d1d790-a48b-4af2-a27d-1f8bad4ef292,0.0,0.0,0.0,Passed,0.8999999999999999
7e738d6c-8c66-42af-83ce-98a44356b3ce,5737eb66-b5a7-49f2-b5d0-25995443dbee,0.0,0.0,0.0,Passed,0.8666666666666666
7e738d6c-8c66-42af-83ce-98a44356b3ce,a1597d10-b296-47ca-9cd1-f3cb3f495b9a,0.0,0.0,0.0,Passed,0.8666666666666666
7e738d6c-8c66-42af-83ce-98a44356b3ce,5ee63ea0-fdf6-4232-a3d8-650c14c4a64e,0.0,0.0,0.0,Passed,0.847457627118644
7e738d6c-8c66-42af-83ce-98a44356b3ce,a2030b9a-c9c3-438d-b305-fff09a3781a2,0.0,0.0,0.0,Passed,0.847457627118644
7e738d6c-8c66-42af-83ce-98a44356b3ce,aaa528d2-dbe6-4b66-a7ee-322420441066,1.0,0.0,0.0,Passed,0.847457627118644
7e738d6c-8c66-42af-83ce-98a44356b3ce,06bcabbb-24e7-4fad-bef7-ebaf798c0c6c,51.0,0.0,0.0,Failed,0.8333333333333334
