Folder1,Folder2,AST Edit Distance,DFG Edit Distance,PDG Edit Distance,Passed Or Failed,Meteor Score
ea64bed6-a9d1-4011-b497-5bda00427d07,874e5644-6159-4ed7-a351-367638bad568,8.0,0.0,0.0,Passed,0.8162878787878789
ea64bed6-a9d1-4011-b497-5bda00427d07,8899e4b9-529c-4dee-8c88-d847d9c9b7ca,8.0,0.0,0.0,Failed,0.7741227030699467
