Folder1,Folder2,AST Edit Distance,DFG Edit Distance,PDG Edit Distance,Passed Or Failed,BLEU score
7db29848-aec2-4117-bf27-c22f4b6a6d8d,7a027884-6ef9-4a02-9485-16ab248d9c7c,7.0,0.0,0.0,Passed,0.5633316759136161
7db29848-aec2-4117-bf27-c22f4b6a6d8d,b946f63a-6e49-4e4c-be8d-d469a6bc8122,28.0,42.0,68.0,Passed,0.5633316759136161
7db29848-aec2-4117-bf27-c22f4b6a6d8d,0436e96e-6e62-4d65-b7bb-3c561b8fe25b,21.0,40.0,63.0,Passed,0.5378166868009917
7db29848-aec2-4117-bf27-c22f4b6a6d8d,7c585959-916f-4719-8ba8-8b8a4584f437,7.0,63.0,98.0,Failed,0.4789736254435747
