Folder1,Folder2,AST Edit Distance,DFG Edit Distance,PDG Edit Distance,Passed Or Failed,Cosine Similarity
67d2dcca-680e-478c-9acd-4ee47cd5febf,daa36fe6-82d5-456f-913a-f9ed38149dfb,0.0,0.0,0.0,Passed,0.9999998211860657
67d2dcca-680e-478c-9acd-4ee47cd5febf,17d7d01e-af82-4b61-8ce3-9e6b40397752,5.0,0.0,0.0,Passed,0.9982032775878906
67d2dcca-680e-478c-9acd-4ee47cd5febf,cc271d03-f7b3-40b9-bfc4-0f1d7ae7d4e1,5.0,0.0,0.0,Passed,0.997325599193573
67d2dcca-680e-478c-9acd-4ee47cd5febf,247f5020-7479-4f8d-a308-233e369000c5,5.0,24.0,38.0,Failed,0.9969332218170166
