Folder1,Folder2,AST Edit Distance,DFG Edit Distance,PDG Edit Distance,Passed Or Failed,ROUGE-2
4ca1e60c-9df9-400a-957e-87898a0ab3b9,5938a65a-1b2f-4f40-823b-e646b78fc786,30.0,58.0,87.0,Passed,0.1694915254237288
4ca1e60c-9df9-400a-957e-87898a0ab3b9,ec1cf73e-74a1-4d30-a769-dae43fdfb483,49.0,49.0,71.0,Passed,0.13793103448275865
4ca1e60c-9df9-400a-957e-87898a0ab3b9,709dc744-b0af-4a7f-875d-61036e425f04,48.0,62.0,87.0,Passed,0.10169491525423728
4ca1e60c-9df9-400a-957e-87898a0ab3b9,94d65330-4ec0-4099-bd7e-e16db63ac2ca,39.0,157.0,224.0,Failed,0.09999999999999999
