Folder1,Folder2,AST Edit Distance,DFG Edit Distance,PDG Edit Distance,Passed Or Failed,ROUGE-2
cddeca42-88d3-4ef2-aa7e-217337f21583,2cb8d4b9-46df-4379-a6e7-8ef3bfb43d51,0.0,0.0,0.0,Passed,0.7692307692307692
cddeca42-88d3-4ef2-aa7e-217337f21583,79b6c6c7-d2ed-4e05-9743-0e858c7083d8,27.0,0.0,0.0,Passed,0.7450980392156864
cddeca42-88d3-4ef2-aa7e-217337f21583,88e4eda7-5a5e-4309-9d9c-6eba7f83b6aa,27.0,0.0,0.0,Failed,0.7307692307692307
