Folder1,Folder2,AST Edit Distance,DFG Edit Distance,PDG Edit Distance,Passed Or Failed,BLEU score
c270e439-3cd8-46e7-878c-34dfc3995600,84ad8144-8fd6-4994-80ee-6cc7275c3a9b,18.0,0.0,0.0,Passed,0.4328015276270855
c270e439-3cd8-46e7-878c-34dfc3995600,4076e431-3c44-49cd-9f00-6935f6fe585e,34.0,0.0,0.0,Failed,0.3595290285752277
