Folder1,Folder2,AST Edit Distance,DFG Edit Distance,PDG Edit Distance,Passed Or Failed,Euclidean Distance
c49760f5-fb14-4fbf-aad5-22be4eccf131,b3effa1c-9542-4c5e-aabb-3de371a3a60b,12.0,0.0,0.0,Passed,0.5426562428474426
c49760f5-fb14-4fbf-aad5-22be4eccf131,f7a43350-0595-4c8e-b4df-a1844d2073df,12.0,0.0,0.0,Passed,0.5946025252342224
c49760f5-fb14-4fbf-aad5-22be4eccf131,9f48f8d1-99c4-4885-a55d-40abacbf928f,19.0,0.0,0.0,Passed,0.6058143973350525
c49760f5-fb14-4fbf-aad5-22be4eccf131,aa062f0e-f4f9-4d7d-95fe-19022aad4e9a,13.0,0.0,0.0,Passed,0.6191551685333252
c49760f5-fb14-4fbf-aad5-22be4eccf131,5c3a1164-113f-406e-8c5f-21b82ed54055,12.0,0.0,0.0,Passed,0.6196190714836121
c49760f5-fb14-4fbf-aad5-22be4eccf131,82c24534-ee5d-4140-884d-cd26bba74b7a,12.0,0.0,0.0,Passed,0.6313080787658691
c49760f5-fb14-4fbf-aad5-22be4eccf131,7ca42d28-8ba8-45a5-bf86-0836d274c145,24.0,0.0,0.0,Failed,0.6317412853240967
