Folder1,Folder2,AST Edit Distance,DFG Edit Distance,PDG Edit Distance,Passed Or Failed,Similarity Score during Execution
0cfd9712-72c1-46a5-9127-a814a6a3131c,22e282c2-46ca-47ab-aad6-43408d3ff826,34.0,0.0,0.0,Passed,0.9423813223838806
0cfd9712-72c1-46a5-9127-a814a6a3131c,9e135091-b425-4be0-a130-71fe5e86ecc4,31.0,49.0,0.0,Failed,0.9399115443229675
