Folder1,Folder2,AST Edit Distance,DFG Edit Distance,PDG Edit Distance,Passed Or Failed,Euclidean Distance
4ca1e60c-9df9-400a-957e-87898a0ab3b9,ec1cf73e-74a1-4d30-a769-dae43fdfb483,49.0,49.0,71.0,Passed,0.8160586357116699
4ca1e60c-9df9-400a-957e-87898a0ab3b9,94d65330-4ec0-4099-bd7e-e16db63ac2ca,39.0,157.0,224.0,Failed,0.8425930738449097
