Folder1,Folder2,AST Edit Distance,DFG Edit Distance,PDG Edit Distance,Passed Or Failed,Meteor Score
889fe3e1-a5a2-415c-aa3b-b82d49f5d3f3,d811d95d-1810-4d0a-915f-6d785238fdd5,0.0,66.0,101.0,Passed,0.4984252719984731
889fe3e1-a5a2-415c-aa3b-b82d49f5d3f3,3e825148-cd88-4b26-b4f6-a3fec232edcd,9.0,95.0,124.0,Failed,0.46636984767025097
