Folder1,Folder2,AST Edit Distance,DFG Edit Distance,PDG Edit Distance,Passed Or Failed,ChrF Score
91cc6c21-60fd-4ef8-8705-a7b1c788d41d,06e6e30f-5f3b-49e7-aaa8-c126bfe4f1e3,0.0,0.0,0.0,Passed,75.1371217645131
91cc6c21-60fd-4ef8-8705-a7b1c788d41d,47edef6e-472b-444c-9457-5e403b662155,0.0,0.0,0.0,Passed,75.1371217645131
91cc6c21-60fd-4ef8-8705-a7b1c788d41d,63f65583-440b-46ba-96a4-64008c803f2b,43.0,28.0,49.0,Passed,71.78700257657108
91cc6c21-60fd-4ef8-8705-a7b1c788d41d,99008f71-ada4-4498-b304-d60f4c9be947,62.0,79.0,133.0,Failed,71.78700257657108
