Folder1,Folder2,AST Edit Distance,DFG Edit Distance,PDG Edit Distance,Passed Or Failed,ROUGE-L
7e10d4d4-3bd2-465f-afc7-e26ab57e6e7d,9077adb5-f9b8-4070-8ac9-032eb87e573d,16.0,23.0,35.0,Passed,0.2857142857142857
7e10d4d4-3bd2-465f-afc7-e26ab57e6e7d,33f1bdf3-265a-4ab3-b0f6-8cb10cd8e21b,2.0,15.0,22.0,Passed,0.2807017543859649
7e10d4d4-3bd2-465f-afc7-e26ab57e6e7d,2eb7640c-cef7-4421-950f-a8114190331c,2.0,14.0,17.0,Passed,0.2758620689655173
7e10d4d4-3bd2-465f-afc7-e26ab57e6e7d,4a033a6b-12fa-4033-8487-0dd6a9ac9b26,1.0,27.0,35.0,Passed,0.2758620689655173
7e10d4d4-3bd2-465f-afc7-e26ab57e6e7d,a0fa86dd-7df2-4fac-bd67-63841454d41d,19.0,5.0,8.0,Passed,0.24137931034482757
7e10d4d4-3bd2-465f-afc7-e26ab57e6e7d,d3ec91fe-4c13-4041-8630-f032e022d0b0,29.0,22.0,35.0,Failed,0.20689655172413793
