Folder1,Folder2,AST Edit Distance,DFG Edit Distance,PDG Edit Distance,Passed Or Failed,Meteor Score
ee25a635-e737-41bb-a542-ba6749f552f0,31faa93a-89e1-40b9-9564-bb287b2271d1,0.0,0.0,0.0,Passed,0.8176206509539844
ee25a635-e737-41bb-a542-ba6749f552f0,e2b01ddf-5e86-41ce-89ef-963cc596f06a,0.0,0.0,0.0,Passed,0.8176206509539844
ee25a635-e737-41bb-a542-ba6749f552f0,5f379392-8700-4d60-bea0-2456e2b35c70,0.0,0.0,0.0,Passed,0.7265625
ee25a635-e737-41bb-a542-ba6749f552f0,a8e3939a-b1b7-465e-9c20-a52a4e15a541,40.0,97.0,148.0,Failed,0.7265625
