Folder1,Folder2,AST Edit Distance,DFG Edit Distance,PDG Edit Distance,Passed Or Failed,ROUGE-L
050927c8-ed55-43dc-a43c-cbe23bf0ea64,a51d8cfd-4a06-4133-b4b8-671e2662b86a,File Not Found,File Not Found,File Not Found,Passed,0.7633136094674556
050927c8-ed55-43dc-a43c-cbe23bf0ea64,bb454072-17cf-4a8a-a70d-a39f5db1b96a,81.0,0.0,0.0,Passed,0.7567567567567567
050927c8-ed55-43dc-a43c-cbe23bf0ea64,c5ec0931-3aa3-4f12-b463-dda50ca58bb2,66.0,0.0,0.0,Passed,0.7567567567567567
050927c8-ed55-43dc-a43c-cbe23bf0ea64,3747fa0b-f546-4a62-8b73-416d0b9309d2,84.0,0.0,0.0,Failed,0.7368421052631577
