Folder1,Folder2,AST Edit Distance,DFG Edit Distance,PDG Edit Distance,Passed Or Failed,ROUGE-L
2d915945-6d2c-47d9-8e6f-28a42c948d87,5089c161-0c04-4c08-98f0-c05e9165afb7,37.0,0.0,0.0,Passed,0.7647058823529413
2d915945-6d2c-47d9-8e6f-28a42c948d87,a6f1defa-4482-4d96-ae18-78de75c067a9,51.0,0.0,0.0,Passed,0.7647058823529413
2d915945-6d2c-47d9-8e6f-28a42c948d87,d3a178f1-32c4-4529-863e-f9a112041e52,21.0,49.0,107.0,Passed,0.7647058823529413
2d915945-6d2c-47d9-8e6f-28a42c948d87,ddbcb1f2-c748-443c-a604-5b5122474ab6,44.0,76.0,151.0,Failed,0.7647058823529413
