Folder1,Folder2,AST Edit Distance,DFG Edit Distance,PDG Edit Distance,Passed Or Failed,Cosine Similarity
2864aee3-f444-4ddb-9cee-3cbd0aeca0b9,ef1cd466-5373-4fe9-a381-40a1c2032d8e,32.0,0.0,0.0,Passed,0.9699548482894897
2864aee3-f444-4ddb-9cee-3cbd0aeca0b9,cdf5b64a-9435-4fae-a303-370684ad0310,0.0,0.0,0.0,Passed,0.9683219790458679
2864aee3-f444-4ddb-9cee-3cbd0aeca0b9,fc8f686f-47f5-49fa-98cf-bd99fd64e5a7,0.0,0.0,0.0,Passed,0.9660359025001526
2864aee3-f444-4ddb-9cee-3cbd0aeca0b9,497e5851-5b8c-4243-836e-c74d61dd0f14,63.0,74.0,112.0,Passed,0.9644379615783691
2864aee3-f444-4ddb-9cee-3cbd0aeca0b9,05fa6182-578f-46bf-a541-daf3a16b7adf,53.0,79.0,114.0,Passed,0.962226927280426
2864aee3-f444-4ddb-9cee-3cbd0aeca0b9,b229d84d-1ebb-4603-b683-2d9a13c1f3f9,45.0,124.0,186.0,Failed,0.9579943418502808
