Folder1,Folder2,AST Edit Distance,DFG Edit Distance,PDG Edit Distance,Passed Or Failed,Similarity Score during Execution
202f548c-ec95-45e9-a866-5dd01934e351,56759a88-13f4-49d4-a913-24e7585e2f34,4.0,6.0,13.0,Passed,1.2606743574142456
202f548c-ec95-45e9-a866-5dd01934e351,d461e060-dfe8-4e45-84e8-2f73c091aa6b,0.0,0.0,0.0,Passed,1.2488510608673096
202f548c-ec95-45e9-a866-5dd01934e351,77569498-f2e7-4ee6-91d0-cdc102a6e8d4,4.0,6.0,13.0,Passed,1.2341179847717285
202f548c-ec95-45e9-a866-5dd01934e351,bbcb49db-9542-488c-9304-db63c44ce165,13.0,23.0,41.0,Failed,1.222864031791687
