Folder1,Folder2,AST Edit Distance,DFG Edit Distance,PDG Edit Distance,Passed Or Failed,Meteor Score
0b248f4b-59c1-4957-bbc6-2e891f6a8d7c,1f2ec3f8-6d0d-4e25-8816-313c38bedeeb,2.0,0.0,0.0,Passed,0.8458359821996186
0b248f4b-59c1-4957-bbc6-2e891f6a8d7c,5752c8d6-aea4-41a5-b0b6-53e75d3390d3,33.0,77.0,119.0,Passed,0.8458359821996186
0b248f4b-59c1-4957-bbc6-2e891f6a8d7c,7cf20ef1-b7ea-433e-85ac-5d9d5e9b7bfa,12.0,0.0,0.0,Passed,0.8458359821996186
0b248f4b-59c1-4957-bbc6-2e891f6a8d7c,b4b5ad44-072b-4ac6-b6c6-0597d65dd963,18.0,79.0,123.0,Passed,0.8458359821996186
0b248f4b-59c1-4957-bbc6-2e891f6a8d7c,167c3d3b-9afc-485b-82c0-0df25b5b6dc2,18.0,0.0,0.0,Passed,0.768846153846154
0b248f4b-59c1-4957-bbc6-2e891f6a8d7c,168d0134-4557-4456-965c-1862e7845a9c,23.0,100.0,165.0,Passed,0.768846153846154
0b248f4b-59c1-4957-bbc6-2e891f6a8d7c,7f959ee6-2e80-44db-a612-23cfef156896,107.0,133.0,214.0,Failed,0.768846153846154
