Folder1,Folder2,AST Edit Distance,DFG Edit Distance,PDG Edit Distance,Passed Or Failed,ROUGE-L
c49760f5-fb14-4fbf-aad5-22be4eccf131,f8c83934-45b9-4ea2-b02a-9644405cf2cb,12.0,0.0,0.0,Passed,0.5128205128205128
c49760f5-fb14-4fbf-aad5-22be4eccf131,577978ce-cca1-4c90-b849-cb00ae649d9e,0.0,0.0,0.0,Passed,0.4935064935064935
c49760f5-fb14-4fbf-aad5-22be4eccf131,03c20903-cc80-49f2-8e8c-2799f598dc5d,0.0,0.0,0.0,Passed,0.4871794871794871
c49760f5-fb14-4fbf-aad5-22be4eccf131,0c1684c9-1e83-49b6-8499-583a9fbc2193,20.0,0.0,0.0,Failed,0.4871794871794871
