Folder1,Folder2,AST Edit Distance,DFG Edit Distance,PDG Edit Distance,Passed Or Failed,Cosine Similarity
4d8601f4-8783-4630-a21c-dfd2e96d4eab,07403362-0b67-412d-bce0-e58334bc97c1,37.0,67.0,99.0,Passed,0.993696391582489
4d8601f4-8783-4630-a21c-dfd2e96d4eab,a7023f31-3211-453a-a8e3-1a1189f536fe,35.0,78.0,99.0,Passed,0.993696391582489
4d8601f4-8783-4630-a21c-dfd2e96d4eab,2115cc15-875f-4b6a-ad0f-d255f3f7b3e2,8.0,0.0,0.0,Passed,0.9917048215866089
4d8601f4-8783-4630-a21c-dfd2e96d4eab,9ab924e7-8392-4000-b697-b504eb2a78ef,35.0,0.0,0.0,Passed,0.9917048215866089
4d8601f4-8783-4630-a21c-dfd2e96d4eab,001997c3-a12c-4e11-aee4-7602df4443ff,74.0,80.0,92.0,Failed,0.990920901298523
