Folder1,Folder2,AST Edit Distance,DFG Edit Distance,PDG Edit Distance,Passed Or Failed,ChrF Score
8166477f-e999-4444-aab0-adf86534c894,7c661db5-9a0b-400c-8d7e-d46dc4af69d8,18.0,61.0,96.0,Passed,60.832387877882965
8166477f-e999-4444-aab0-adf86534c894,db955069-74f0-4304-9746-03138c5c1113,15.0,22.0,34.0,Passed,52.663313038183105
8166477f-e999-4444-aab0-adf86534c894,3aec356a-cf23-472d-afac-2c427331bb41,20.0,48.0,72.0,Passed,50.82870468125932
8166477f-e999-4444-aab0-adf86534c894,93389a25-2aab-45da-a3e3-496a3344088f,18.0,83.0,134.0,Failed,49.07564919586733
