Folder1,Folder2,AST Edit Distance,DFG Edit Distance,PDG Edit Distance,Passed Or Failed,BLEU score
390dd236-58db-4f67-8878-88203c82d53d,da40cfb0-ac92-47c1-a9c5-02bdcdc048d3,9.0,0.0,0.0,Passed,0.3886527787239817
390dd236-58db-4f67-8878-88203c82d53d,dc81f8e9-d91b-4f69-aeea-1e47ecf79a3b,27.0,13.0,25.0,Failed,0.3886527787239817
