Folder1,Folder2,AST Edit Distance,DFG Edit Distance,PDG Edit Distance,Passed Or Failed,Cosine Similarity
5d41e44c-b039-4be5-95ed-37b24f967e3e,7692d556-4631-4e9d-8e7e-e17130af10dd,67.0,6.0,9.0,Passed,0.9783238172531128
5d41e44c-b039-4be5-95ed-37b24f967e3e,c17d6225-ce2a-4523-9bea-f6ad3e1a5f39,48.0,13.0,20.0,Passed,0.9780781865119934
5d41e44c-b039-4be5-95ed-37b24f967e3e,6876ee8d-b1db-4a32-84be-33f756c88590,60.0,25.0,40.0,Passed,0.975622296333313
5d41e44c-b039-4be5-95ed-37b24f967e3e,5a42612d-7dbe-42e0-9d95-9cbbd8e955c2,59.0,20.0,32.0,Passed,0.9735669493675232
5d41e44c-b039-4be5-95ed-37b24f967e3e,d4b65d2a-4678-465a-8f02-63f68363c088,57.0,63.0,95.0,Passed,0.9733347296714783
5d41e44c-b039-4be5-95ed-37b24f967e3e,571cac89-4daf-4013-9fdf-40b001e1f06b,46.0,0.0,0.0,Passed,0.9713993668556213
5d41e44c-b039-4be5-95ed-37b24f967e3e,0a5d26e7-f4b5-422b-bd0c-516345b948d4,41.0,90.0,136.0,Failed,0.9679200649261475
