Folder1,Folder2,AST Edit Distance,DFG Edit Distance,PDG Edit Distance,Passed Or Failed,Cosine Similarity
044bd72b-a426-41ff-a99a-b7f83aaf6f1b,c1d8953a-4860-4373-acb1-9190b3794ca3,41.0,46.0,68.0,Passed,0.9787800312042236
044bd72b-a426-41ff-a99a-b7f83aaf6f1b,caf04f76-b0be-4b79-a3ff-339418bd19e7,44.0,0.0,0.0,Passed,0.9739871621131897
044bd72b-a426-41ff-a99a-b7f83aaf6f1b,18509d81-fb1a-42ac-bdd5-0d21bc64e51c,16.0,55.0,82.0,Passed,0.9713752269744873
044bd72b-a426-41ff-a99a-b7f83aaf6f1b,a7910463-0bed-4428-a256-57dc27436302,31.0,116.0,178.0,Failed,0.9668063521385193
