Folder1,Folder2,AST Edit Distance,DFG Edit Distance,PDG Edit Distance,Passed Or Failed,Meteor Score
b34132d1-c653-4a27-9341-3bc379a10231,33c9da8e-bdda-4a91-94d6-c7509b698cd7,23.0,0.0,0.0,Passed,0.545157967032967
b34132d1-c653-4a27-9341-3bc379a10231,4479baf3-5a8c-4b77-9a06-786e62152100,2.0,0.0,0.0,Passed,0.545157967032967
b34132d1-c653-4a27-9341-3bc379a10231,8cc5ffa4-4321-495e-8ca7-965073001a17,2.0,0.0,0.0,Passed,0.545157967032967
b34132d1-c653-4a27-9341-3bc379a10231,9b398852-aeea-42c6-935a-c182c412d7a1,23.0,0.0,0.0,Passed,0.545157967032967
b34132d1-c653-4a27-9341-3bc379a10231,ff2492eb-a9d2-4c18-b664-0835d530e76e,2.0,0.0,0.0,Passed,0.545157967032967
b34132d1-c653-4a27-9341-3bc379a10231,5b034d7a-adb7-4800-9664-ad17e6b0c2ef,2.0,0.0,0.0,Passed,0.5420329670329671
b34132d1-c653-4a27-9341-3bc379a10231,b99e7c7a-2da9-43ee-9613-a656f92e8c10,55.0,0.0,0.0,Failed,0.5420329670329671
