Folder1,Folder2,AST Edit Distance,DFG Edit Distance,PDG Edit Distance,Passed Or Failed,ROUGE-L
bb6be792-887e-4773-a5bc-d73d3e8a944b,19b74525-9e18-4717-912a-5bfe0386d438,18.0,58.0,81.0,Passed,0.8108108108108109
bb6be792-887e-4773-a5bc-d73d3e8a944b,b2c106a7-88ce-47eb-b906-71dba7f50cd1,14.0,0.0,0.0,Passed,0.8108108108108109
bb6be792-887e-4773-a5bc-d73d3e8a944b,c4991279-83b0-4ac3-89c2-854c4f60f25f,0.0,18.0,20.0,Passed,0.8108108108108109
bb6be792-887e-4773-a5bc-d73d3e8a944b,255ecedf-e06e-4cd7-afe3-5898da120120,19.0,33.0,66.0,Passed,0.7894736842105262
bb6be792-887e-4773-a5bc-d73d3e8a944b,25a3843b-277c-424c-8da1-625f5d81368d,15.0,85.0,111.0,Failed,0.7894736842105262
