Folder1,Folder2,AST Edit Distance,DFG Edit Distance,PDG Edit Distance,Passed Or Failed,Meteor Score
c49760f5-fb14-4fbf-aad5-22be4eccf131,0e9c9a49-06e7-450b-a135-b64ad2fe4585,13.0,0.0,0.0,Passed,0.38185404339250495
c49760f5-fb14-4fbf-aad5-22be4eccf131,899a78f1-204e-4db0-832f-c8f176688276,8.0,0.0,0.0,Passed,0.36885268293749013
c49760f5-fb14-4fbf-aad5-22be4eccf131,be7662fd-9c3c-4036-a588-ae97a65f2d28,7.0,0.0,0.0,Passed,0.3653832494659258
c49760f5-fb14-4fbf-aad5-22be4eccf131,c6978412-6bf1-444a-97a9-1e5078e8b264,19.0,0.0,0.0,Failed,0.360766444295104
