Folder1,Folder2,AST Edit Distance,DFG Edit Distance,PDG Edit Distance,Passed Or Failed,ChrF Score
eb583425-0944-49bc-bc44-02c014597d70,cfee43ef-3005-4e59-9613-5459a5fc01fb,35.0,35.0,50.0,Passed,75.31904734912847
eb583425-0944-49bc-bc44-02c014597d70,2c882a4a-cdf4-4a60-b1c5-22479ed21271,40.0,40.0,54.0,Passed,73.64072875938658
eb583425-0944-49bc-bc44-02c014597d70,ef9f5286-b6e1-4b75-93ba-65e1bda3f6ca,40.0,45.0,57.0,Passed,73.64072875938658
eb583425-0944-49bc-bc44-02c014597d70,510723fa-2837-40ff-b974-7563a521f85a,42.0,78.0,106.0,Failed,73.43239413672194
