Folder1,Folder2,AST Edit Distance,DFG Edit Distance,PDG Edit Distance,Passed Or Failed,Similarity Score during Execution
34c3ee25-ce3e-498c-b0de-f8124d0c6421,a933c903-9bd3-4a3b-9425-508920e13f26,0.0,0.0,0.0,Passed,1.3016934394836426
34c3ee25-ce3e-498c-b0de-f8124d0c6421,2823e829-5401-4153-ac4c-ed0481a1c3d4,3.0,0.0,0.0,Passed,1.276323914527893
34c3ee25-ce3e-498c-b0de-f8124d0c6421,b127337b-19ea-4e0f-bca2-9961bce77911,0.0,0.0,0.0,Passed,1.2414358854293823
34c3ee25-ce3e-498c-b0de-f8124d0c6421,18eb054f-990a-4054-8d56-a159065ec0f5,0.0,0.0,0.0,Passed,1.240277647972107
34c3ee25-ce3e-498c-b0de-f8124d0c6421,59775cb2-f78f-432e-b591-d843b4e33414,8.0,0.0,0.0,Failed,1.2216259241104126
