Folder1,Folder2,AST Edit Distance,DFG Edit Distance,PDG Edit Distance,Passed Or Failed,Similarity Score during Execution
f9e6bad7-8154-4a2e-87ea-64354c67d8a8,fdd10f3d-ff69-40ed-9b92-3099a714f563,23.0,13.0,21.0,Passed,1.0842046737670898
f9e6bad7-8154-4a2e-87ea-64354c67d8a8,6336e978-b209-4c33-ab7c-a5cbe66c058d,28.0,34.0,77.0,Passed,1.0716183185577393
f9e6bad7-8154-4a2e-87ea-64354c67d8a8,5005956a-a61e-4b08-b98a-f88d847fe31d,28.0,0.0,0.0,Passed,1.055396318435669
f9e6bad7-8154-4a2e-87ea-64354c67d8a8,d4d7a53c-09bb-4bda-8e0a-36cb7bb0368b,28.0,40.0,84.0,Failed,1.049809217453003
