Folder1,Folder2,AST Edit Distance,DFG Edit Distance,PDG Edit Distance,Passed Or Failed,BLEU score
5d41e44c-b039-4be5-95ed-37b24f967e3e,6876ee8d-b1db-4a32-84be-33f756c88590,60.0,25.0,40.0,Passed,0.10779768683004065
5d41e44c-b039-4be5-95ed-37b24f967e3e,0a5d26e7-f4b5-422b-bd0c-516345b948d4,67.0,6.0,9.0,Passed,0.10099313283283323
5d41e44c-b039-4be5-95ed-37b24f967e3e,5a42612d-7dbe-42e0-9d95-9cbbd8e955c2,41.0,90.0,136.0,Failed,0.10099313283283323
