Folder1,Folder2,AST Edit Distance,DFG Edit Distance,PDG Edit Distance,Passed Or Failed,Meteor Score
b34132d1-c653-4a27-9341-3bc379a10231,1504b915-7713-4551-810b-9f2113bc45f3,2.0,0.0,0.0,Passed,0.545157967032967
b34132d1-c653-4a27-9341-3bc379a10231,6ce446b2-b6b7-4742-82b3-8914247f1cfc,37.0,30.0,0.0,Failed,0.545157967032967
