Folder1,Folder2,AST Edit Distance,DFG Edit Distance,PDG Edit Distance,Passed Or Failed,Cosine Similarity
c49760f5-fb14-4fbf-aad5-22be4eccf131,4e3e05dc-80b2-4a5f-b23e-fa3cf0167c08,1.0,0.0,0.0,Passed,0.9897037148475647
c49760f5-fb14-4fbf-aad5-22be4eccf131,45284638-249d-40aa-8860-9ee173a17f95,12.0,0.0,0.0,Passed,0.9885863065719604
c49760f5-fb14-4fbf-aad5-22be4eccf131,57c0c882-8070-4ead-9145-af739a5916ea,13.0,0.0,0.0,Failed,0.9875629544258118
