Folder1,Folder2,AST Edit Distance,DFG Edit Distance,PDG Edit Distance,Passed Or Failed,Cosine Similarity
0ae71378-f588-4977-97e7-91f6e8129670,115cab0d-624d-437f-92af-33ec224a6769,2.0,27.0,48.0,Passed,0.9956232309341431
0ae71378-f588-4977-97e7-91f6e8129670,9266f278-edf7-4485-9e14-c8678ed6518e,12.0,28.0,39.0,Passed,0.9956232309341431
0ae71378-f588-4977-97e7-91f6e8129670,539b0dba-dee0-44c4-862a-0f5d7caa7dee,24.0,71.0,96.0,Passed,0.9955014586448669
0ae71378-f588-4977-97e7-91f6e8129670,f289238c-cfd4-4c11-9e7b-fb891cf2e013,27.0,84.0,113.0,Failed,0.9955014586448669
