Folder1,Folder2,AST Edit Distance,DFG Edit Distance,PDG Edit Distance,Passed Or Failed,BLEU score
91cc6c21-60fd-4ef8-8705-a7b1c788d41d,36070ea6-110a-4f45-9b25-14ee467f432a,8.0,0.0,0.0,Passed,0.5029163664487494
91cc6c21-60fd-4ef8-8705-a7b1c788d41d,a1d938c5-bae3-463a-8c43-993e6236dc6a,0.0,0.0,0.0,Passed,0.5029163664487494
91cc6c21-60fd-4ef8-8705-a7b1c788d41d,c44356af-15e7-49b5-a819-dd29f8f81171,0.0,0.0,0.0,Passed,0.5029163664487494
91cc6c21-60fd-4ef8-8705-a7b1c788d41d,c90e6a72-c54d-4df8-b7df-896aef1aea87,35.0,26.0,45.0,Failed,0.5029163664487494
