Folder1,Folder2,AST Edit Distance,DFG Edit Distance,PDG Edit Distance,Passed Or Failed,Meteor Score
ccb2f531-e099-436a-a756-9ba2d51c36e8,03946cff-a990-45c1-8eee-2009ad648654,0.0,0.0,0.0,Passed,0.6815843621399178
ccb2f531-e099-436a-a756-9ba2d51c36e8,0d73ebc3-a3fe-44a7-8671-ec505d925897,0.0,0.0,0.0,Passed,0.6815843621399178
ccb2f531-e099-436a-a756-9ba2d51c36e8,1586057b-0bf7-448d-9d10-d588681787b4,0.0,0.0,0.0,Passed,0.6815843621399178
ccb2f531-e099-436a-a756-9ba2d51c36e8,2d749d14-d5f2-4bb4-8feb-af34677f4c1e,0.0,0.0,0.0,Passed,0.6815843621399178
ccb2f531-e099-436a-a756-9ba2d51c36e8,66d85b08-f8b3-4a48-b156-0cef312bca3d,0.0,0.0,0.0,Passed,0.6815843621399178
ccb2f531-e099-436a-a756-9ba2d51c36e8,ad666faf-7f60-4886-94af-c313cae27a98,0.0,0.0,0.0,Passed,0.6815843621399178
ccb2f531-e099-436a-a756-9ba2d51c36e8,d8415aa1-59d4-4734-b3f9-574c363024b1,0.0,0.0,0.0,Passed,0.6815843621399178
ccb2f531-e099-436a-a756-9ba2d51c36e8,f2c1cfab-5711-431a-9536-b6978fbe3ac2,8.0,0.0,0.0,Failed,0.6815843621399178
