Folder1,Folder2,AST Edit Distance,DFG Edit Distance,PDG Edit Distance,Passed Or Failed,ROUGE-2
a06a5d50-a583-447a-8fdd-110a1ac538af,39887bcb-a78a-48fc-91f2-4123f183965d,13.0,0.0,0.0,Passed,0.5862068965517241
a06a5d50-a583-447a-8fdd-110a1ac538af,9278ce48-401a-442a-b641-0eb655a94bb1,8.0,0.0,0.0,Passed,0.5172413793103449
a06a5d50-a583-447a-8fdd-110a1ac538af,fd82b8d4-c98c-424c-b532-ade979b24ee7,13.0,0.0,0.0,Passed,0.5172413793103449
a06a5d50-a583-447a-8fdd-110a1ac538af,5d55ae86-62d3-441b-860c-59d926ab4588,33.0,0.0,0.0,Passed,0.48275862068965514
a06a5d50-a583-447a-8fdd-110a1ac538af,da33d263-b9c3-4eeb-9c5d-2fd06fb7184b,8.0,29.0,40.0,Failed,0.48275862068965514
