Folder1,Folder2,AST Edit Distance,DFG Edit Distance,PDG Edit Distance,Passed Or Failed,ROUGE-2
bb6be792-887e-4773-a5bc-d73d3e8a944b,5ea9c890-577e-418c-95cc-f10efa57b0ed,0.0,33.0,48.0,Passed,0.7777777777777777
bb6be792-887e-4773-a5bc-d73d3e8a944b,e5b87c8a-ccf5-47bc-8482-a5f286f342dc,18.0,28.0,40.0,Passed,0.7777777777777777
bb6be792-887e-4773-a5bc-d73d3e8a944b,19b74525-9e18-4717-912a-5bfe0386d438,18.0,58.0,81.0,Passed,0.7428571428571429
bb6be792-887e-4773-a5bc-d73d3e8a944b,b2c106a7-88ce-47eb-b906-71dba7f50cd1,14.0,0.0,0.0,Passed,0.7428571428571429
bb6be792-887e-4773-a5bc-d73d3e8a944b,c4991279-83b0-4ac3-89c2-854c4f60f25f,15.0,85.0,111.0,Failed,0.7428571428571429
