Folder1,Folder2,AST Edit Distance,DFG Edit Distance,PDG Edit Distance,Passed Or Failed,Euclidean Distance
306d8a2e-c0d9-4b22-a52b-dad3c492ff87,e9ede248-e9ac-4151-9da2-d49637c58a1a,12.0,0.0,0.0,Passed,0.46225863695144653
306d8a2e-c0d9-4b22-a52b-dad3c492ff87,09843385-373e-40c2-975c-6755535b6142,11.0,0.0,0.0,Passed,0.47930780053138733
306d8a2e-c0d9-4b22-a52b-dad3c492ff87,894ec98a-709a-415a-a3ed-17f45f7cc9f8,0.0,21.0,35.0,Failed,0.47930780053138733
