Folder1,Folder2,AST Edit Distance,DFG Edit Distance,PDG Edit Distance,Passed Or Failed,Cosine Similarity
9f8fa2ef-16c0-46ca-b61c-66cd1248443f,94089eaf-047b-4835-9808-b861b01f08c7,0.0,0.0,0.0,Passed,0.9999093413352966
9f8fa2ef-16c0-46ca-b61c-66cd1248443f,b0a5e901-ddd3-4f1b-8463-dbd46f74e528,0.0,0.0,0.0,Passed,0.9998691082000732
9f8fa2ef-16c0-46ca-b61c-66cd1248443f,9386ec9a-ab6a-43f1-829e-0fa43d09c6f6,0.0,0.0,0.0,Passed,0.9998525977134705
9f8fa2ef-16c0-46ca-b61c-66cd1248443f,098652bc-4e0e-46f9-a39a-9dbb2a55c134,4.0,0.0,0.0,Passed,0.9998512268066406
9f8fa2ef-16c0-46ca-b61c-66cd1248443f,8f14c84c-0a64-4ce2-a4e0-8d227832a884,1.0,0.0,0.0,Passed,0.9998440742492676
9f8fa2ef-16c0-46ca-b61c-66cd1248443f,9da00ae6-f2df-42dc-a298-c20f677ee271,0.0,0.0,0.0,Passed,0.9998440742492676
9f8fa2ef-16c0-46ca-b61c-66cd1248443f,d7d14511-add4-4e15-8ae0-dea71b9c4632,0.0,0.0,0.0,Passed,0.9998434782028198
9f8fa2ef-16c0-46ca-b61c-66cd1248443f,9c198205-ca16-4f98-bf02-4deab4b5ef19,25.0,0.0,0.0,Failed,0.9998365640640259
