Folder1,Folder2,AST Edit Distance,DFG Edit Distance,PDG Edit Distance,Passed Or Failed,Meteor Score
67d2dcca-680e-478c-9acd-4ee47cd5febf,daa36fe6-82d5-456f-913a-f9ed38149dfb,0.0,0.0,0.0,Passed,0.9997106481481481
67d2dcca-680e-478c-9acd-4ee47cd5febf,247f5020-7479-4f8d-a308-233e369000c5,5.0,0.0,0.0,Passed,0.9139118457300276
67d2dcca-680e-478c-9acd-4ee47cd5febf,17d7d01e-af82-4b61-8ce3-9e6b40397752,5.0,24.0,38.0,Failed,0.8220833333333335
