Folder1,Folder2,AST Edit Distance,DFG Edit Distance,PDG Edit Distance,Passed Or Failed,Cosine Similarity
7195ab52-cdaf-47d4-a831-ce9c337bef43,73651aab-2d50-42cb-b0f8-dd44c554292e,25.0,0.0,0.0,Passed,0.9975891709327698
7195ab52-cdaf-47d4-a831-ce9c337bef43,cbc12f8a-af4c-4bb2-8452-35112be062a9,30.0,0.0,0.0,Passed,0.9975891709327698
7195ab52-cdaf-47d4-a831-ce9c337bef43,8a194f5e-d233-4dfd-b1fc-6f775d736aed,21.0,0.0,0.0,Passed,0.9969558715820312
7195ab52-cdaf-47d4-a831-ce9c337bef43,1cf39270-074c-4218-90d5-7def08677f50,30.0,0.0,0.0,Failed,0.9965452551841736
