Folder1,Folder2,AST Edit Distance,DFG Edit Distance,PDG Edit Distance,Passed Or Failed,ROUGE-2
8137ed2d-667f-406e-9bca-2915f5c3feec,a887f5b8-9267-4c72-9148-0209d0870e81,0.0,0.0,0.0,Passed,0.8125000000000001
8137ed2d-667f-406e-9bca-2915f5c3feec,b2e78b7d-3042-4468-8b51-070d09df04bf,0.0,0.0,0.0,Passed,0.8125000000000001
8137ed2d-667f-406e-9bca-2915f5c3feec,12847633-4d46-4abc-807f-5a211f02004a,0.0,52.0,72.0,Failed,0.75
