Folder1,Folder2,AST Edit Distance,DFG Edit Distance,PDG Edit Distance,Passed Or Failed,ROUGE-2
870aa3d3-0bad-4173-9574-93300dc9dc76,1a3c4414-a8d2-48ff-ba52-71bcf7b87aef,17.0,0.0,0.0,Passed,0.7647058823529413
870aa3d3-0bad-4173-9574-93300dc9dc76,1e9252d5-2d3d-475c-9705-453743e59a28,16.0,0.0,0.0,Passed,0.7647058823529413
870aa3d3-0bad-4173-9574-93300dc9dc76,291fd459-089b-4079-818d-0c7c28ef2d00,0.0,0.0,0.0,Passed,0.7647058823529413
870aa3d3-0bad-4173-9574-93300dc9dc76,de6269cb-9713-4112-a9a7-d9b0786b93e8,3.0,0.0,0.0,Passed,0.7647058823529413
870aa3d3-0bad-4173-9574-93300dc9dc76,e6585bfe-53cb-4eab-b6a0-279e9757b4ca,3.0,0.0,0.0,Passed,0.7647058823529413
870aa3d3-0bad-4173-9574-93300dc9dc76,ff3d28cc-507a-4754-bd56-f961279d1df2,16.0,0.0,0.0,Passed,0.7647058823529413
870aa3d3-0bad-4173-9574-93300dc9dc76,1d250f58-5e6d-4318-918d-1649bc968396,35.0,0.0,0.0,Passed,0.7058823529411765
870aa3d3-0bad-4173-9574-93300dc9dc76,63e68b64-2efd-4ea1-9859-6c5a662deac1,37.0,35.0,58.0,Failed,0.7058823529411765
