Folder1,Folder2,AST Edit Distance,DFG Edit Distance,PDG Edit Distance,Passed Or Failed,ROUGE-2
51707210-2a2a-4669-a07e-273224672e07,a4365218-4506-4318-be2a-114ae65da582,45.0,75.0,98.0,Passed,0.15384615384615383
51707210-2a2a-4669-a07e-273224672e07,a5591618-6213-4b0f-94c3-815d3ed8b4e7,53.0,72.0,100.0,Passed,0.15384615384615383
51707210-2a2a-4669-a07e-273224672e07,5a003395-051b-416c-abc8-4d7719e48710,47.0,0.0,0.0,Passed,0.12
51707210-2a2a-4669-a07e-273224672e07,1c926169-94b1-4008-a6de-42fe51d2bf2f,73.0,178.0,279.0,Failed,0.11320754716981132
