Folder1,Folder2,AST Edit Distance,DFG Edit Distance,PDG Edit Distance,Passed Or Failed,Similarity Score during Execution
bb6be792-887e-4773-a5bc-d73d3e8a944b,e5b87c8a-ccf5-47bc-8482-a5f286f342dc,18.0,28.0,40.0,Passed,1.3096452951431274
bb6be792-887e-4773-a5bc-d73d3e8a944b,f53b79ff-7e01-462f-8507-53dd1bfcff2a,17.0,18.0,20.0,Passed,1.255105972290039
bb6be792-887e-4773-a5bc-d73d3e8a944b,25a3843b-277c-424c-8da1-625f5d81368d,15.0,85.0,111.0,Failed,1.2383629083633423
