Folder1,Folder2,AST Edit Distance,DFG Edit Distance,PDG Edit Distance,Passed Or Failed,BLEU score
575c27e8-8a07-4241-a8f2-438d719d6d1e,e548448e-918b-4f0f-952b-47c021e7d485,44.0,0.0,0.0,Passed,0.11763018775942014
575c27e8-8a07-4241-a8f2-438d719d6d1e,ac6b194d-2c0d-4a7b-bfa9-584312044460,17.0,59.0,91.0,Failed,0.10740820869954354
