Folder1,Folder2,AST Edit Distance,DFG Edit Distance,PDG Edit Distance,Passed Or Failed,BLEU score
021a0f6f-1763-4cc4-8d0a-06efa6ae4b48,071b4e43-4f31-47f3-9892-be11a752c052,0.0,0.0,0.0,Passed,0.6885653191921647
021a0f6f-1763-4cc4-8d0a-06efa6ae4b48,4a6ea92f-6411-422a-ba38-069c847e559d,0.0,0.0,0.0,Passed,0.6298688263019091
021a0f6f-1763-4cc4-8d0a-06efa6ae4b48,84d91299-c042-4ac5-81ae-915f9f0e3e79,0.0,0.0,0.0,Passed,0.6298688263019091
021a0f6f-1763-4cc4-8d0a-06efa6ae4b48,aa0f3258-3ded-4a86-80c9-fad9f4a632cc,0.0,0.0,0.0,Failed,0.6298688263019091
