Folder1,Folder2,AST Edit Distance,DFG Edit Distance,PDG Edit Distance,Passed Or Failed,Similarity Score during Execution
4e567edf-84b8-472c-a72b-1da87ed091f1,32390a0d-fb5c-469c-8050-97f4cce1c953,0.0,0.0,0.0,Passed,1.3464373350143433
4e567edf-84b8-472c-a72b-1da87ed091f1,6d51b9de-f856-4090-8412-6577ed7c95ea,1.0,0.0,0.0,Passed,1.319056510925293
4e567edf-84b8-472c-a72b-1da87ed091f1,42646ffb-76e8-4dab-9ca8-e12d10dc6858,0.0,0.0,0.0,Passed,1.2626159191131592
4e567edf-84b8-472c-a72b-1da87ed091f1,7af4a140-7a36-477f-99b3-37b83a708e12,0.0,0.0,0.0,Passed,1.2500568628311157
4e567edf-84b8-472c-a72b-1da87ed091f1,d26ee7f2-d394-4258-a7cb-590051f1b5d7,0.0,0.0,0.0,Passed,1.2405427694320679
4e567edf-84b8-472c-a72b-1da87ed091f1,7e609159-b1d2-47c9-8148-f595f494a2f2,0.0,0.0,0.0,Passed,1.2338873147964478
4e567edf-84b8-472c-a72b-1da87ed091f1,5ccf7ab1-21c6-4f7a-82dd-d6aeda45081e,0.0,0.0,0.0,Passed,1.2304855585098267
4e567edf-84b8-472c-a72b-1da87ed091f1,a30b7505-ec5b-4d7b-95e1-cc222ae65ea7,0.0,0.0,0.0,Passed,1.223846435546875
4e567edf-84b8-472c-a72b-1da87ed091f1,5788c49a-c3a4-4d68-933d-59c0ad79bd73,9.0,0.0,0.0,Failed,1.2033586502075195
