Folder1,Folder2,AST Edit Distance,DFG Edit Distance,PDG Edit Distance,Semantic Similarity Using Roberta,Passed Or Failed,Similarity Score during Execution,Serial Execution,Cosine Similarity,Euclidean Distance,BLEU score,Maximal Safe Radius
77080d3d-8f07-4a92-a88a-b48213fdd0ad,be08c28a-9e57-4757-ba42-a0f4bed573d7,19,85,122,0,Passed,1.215423703,0,0.977912128,0.834704757,0.091975501,4.913079074
77080d3d-8f07-4a92-a88a-b48213fdd0ad,0b195996-e6bb-4cd1-b842-6ed4d03f3977,33,20,32,0,Passed,1.208311915,0,0.992646158,0.484080136,0.523948454,2.433841613
77080d3d-8f07-4a92-a88a-b48213fdd0ad,6c6eae6b-29c4-4f5d-8637-ad60aa7cfe3c,23,37,58,0,Passed,1.182298779,0,0.977912128,0.834704757,0.099635871,4.913079074
77080d3d-8f07-4a92-a88a-b48213fdd0ad,43d8c27d-af09-45cd-825e-11c3f6ca8681,22,20,32,0,Passed,1.164598227,4,0.99961549,0.111456409,0.901631213,1.671845794
77080d3d-8f07-4a92-a88a-b48213fdd0ad,ce9f57d1-f47f-4111-9dc1-33172c305926,16,35,53,0,Passed,1.137164593,3,0.995444715,0.383950174,0.610304608,2.223855955
77080d3d-8f07-4a92-a88a-b48213fdd0ad,bba81e09-8128-40bf-8208-5fb3288bbc39,47,47,72,0,Failed,1.012332201,0,0.988269389,0.611370742,0.305369417,2.306808046
