Folder1,Folder2,AST Edit Distance,DFG Edit Distance,PDG Edit Distance,Passed Or Failed,Cosine Similarity
061687ae-3360-4206-b5e2-5cd419880cff,3b60c295-06d8-4ff9-bc1a-98a7e9b1e590,2.0,48.0,86.0,Passed,0.9910003542900085
061687ae-3360-4206-b5e2-5cd419880cff,45b90873-3480-411e-91e4-1c57b52c714b,33.0,67.0,110.0,Passed,0.9910003542900085
061687ae-3360-4206-b5e2-5cd419880cff,24c36a03-4a11-4bce-b295-6db76478ba2c,0.0,0.0,0.0,Passed,0.9899338483810425
061687ae-3360-4206-b5e2-5cd419880cff,ee2eb3d4-8faf-4b42-90e9-8f368f746270,50.0,104.0,168.0,Failed,0.9899338483810425
