Folder1,Folder2,AST Edit Distance,DFG Edit Distance,PDG Edit Distance,Passed Or Failed,ROUGE-L
212cc78f-df57-4b52-a133-823594c1f84e,42006228-af4a-4066-b44c-00a4022c5eac,0.0,0.0,0.0,Passed,0.8125000000000001
212cc78f-df57-4b52-a133-823594c1f84e,d72172a4-620f-4de2-80cd-fee07789b128,24.0,0.0,0.0,Passed,0.8125000000000001
212cc78f-df57-4b52-a133-823594c1f84e,915960a5-cdf9-46fe-bdda-3ea80a6adb6c,24.0,0.0,0.0,Passed,0.7741935483870968
212cc78f-df57-4b52-a133-823594c1f84e,ab9aa45a-c811-4d8a-8300-0eeb6185e742,18.0,54.0,86.0,Passed,0.7741935483870968
212cc78f-df57-4b52-a133-823594c1f84e,0543ba9c-91b2-4422-99a1-25eeba359623,24.0,0.0,0.0,Passed,0.75
212cc78f-df57-4b52-a133-823594c1f84e,0b780dc0-21ec-463a-9f41-a6db05dfe672,25.0,41.0,63.0,Passed,0.75
212cc78f-df57-4b52-a133-823594c1f84e,122baa50-4622-4a7b-b1bb-6ec19d082ef4,4.0,0.0,0.0,Passed,0.75
212cc78f-df57-4b52-a133-823594c1f84e,152d6f01-8550-4088-803e-a76eeb9e3d6b,24.0,0.0,0.0,Passed,0.75
212cc78f-df57-4b52-a133-823594c1f84e,22ec0ec4-83fb-4578-8f21-767107e41ead,41.0,107.0,151.0,Failed,0.75
