Folder1,Folder2,AST Edit Distance,DFG Edit Distance,PDG Edit Distance,Passed Or Failed,ROUGE-2
4ca1e60c-9df9-400a-957e-87898a0ab3b9,6534a2ad-9be2-47b0-be73-fce9f5a608e5,0.0,0.0,0.0,Passed,0.7894736842105262
4ca1e60c-9df9-400a-957e-87898a0ab3b9,fd90d3be-9fbb-40c2-a844-15622867d8be,1.0,0.0,0.0,Passed,0.7894736842105262
4ca1e60c-9df9-400a-957e-87898a0ab3b9,36e92a21-558b-4ed7-af26-eaf972a5ee90,0.0,0.0,0.0,Passed,0.7368421052631577
4ca1e60c-9df9-400a-957e-87898a0ab3b9,be1c17d8-f3a7-47ac-9f4f-0b0d74073fd0,0.0,0.0,0.0,Passed,0.7368421052631577
4ca1e60c-9df9-400a-957e-87898a0ab3b9,efc79a6e-e0e8-4272-b75a-dc0f342f220b,2.0,0.0,0.0,Failed,0.7368421052631577
