Folder1,Folder2,AST Edit Distance,DFG Edit Distance,PDG Edit Distance,Passed Or Failed,Euclidean Distance
9de29147-53e8-411f-9d23-e202b4eaf5e8,0019eb1b-ab4a-415e-8a2e-378795d7c1c9,22.0,96.0,138.0,Passed,0.0896138846874237
9de29147-53e8-411f-9d23-e202b4eaf5e8,f62d4ee6-6c9f-4ac5-b658-162c160f309d,0.0,0.0,0.0,Passed,0.23717232048511505
9de29147-53e8-411f-9d23-e202b4eaf5e8,758b6fa6-6e4b-47e1-811e-fdc0d47a3423,0.0,0.0,0.0,Passed,0.370687872171402
9de29147-53e8-411f-9d23-e202b4eaf5e8,0cc08104-17fc-439c-8fc9-c97ee0614d31,61.0,85.0,120.0,Failed,0.39970290660858154
