Folder1,Folder2,AST Edit Distance,DFG Edit Distance,PDG Edit Distance,Passed Or Failed,Similarity Score during Execution
c49760f5-fb14-4fbf-aad5-22be4eccf131,a19a495f-539c-4331-a59b-4c080dcdd70a,8.0,0.0,0.0,Passed,0.9744062423706055
c49760f5-fb14-4fbf-aad5-22be4eccf131,499a78fe-8c9e-4250-b9b7-9681b50c1576,0.0,0.0,0.0,Passed,0.9527266621589661
c49760f5-fb14-4fbf-aad5-22be4eccf131,cef11263-8d13-4510-ad0a-f8cb5fd66a86,12.0,0.0,0.0,Failed,0.9141601324081421
