Folder1,Folder2,AST Edit Distance,DFG Edit Distance,PDG Edit Distance,Passed Or Failed,BLEU score
0f3fe6a6-f15f-43d1-b7fb-5e144bf63ce9,3e337c78-f30f-43eb-af82-1b52a4273cf8,16.0,113.0,183.0,Passed,0.6179396438001991
0f3fe6a6-f15f-43d1-b7fb-5e144bf63ce9,440284d2-f086-43ef-80a1-554ef820c6ab,7.0,36.0,50.0,Passed,0.615326732664331
0f3fe6a6-f15f-43d1-b7fb-5e144bf63ce9,db3789e7-ae1d-456e-9744-ee8db2c373ae,65.0,148.0,209.0,Failed,0.5718458251358625
