Folder1,Folder2,AST Edit Distance,DFG Edit Distance,PDG Edit Distance,Passed Or Failed,ROUGE-2
93d8eb80-b8fb-4ece-a08c-fab561b9eefc,19a0acf8-9d35-4a34-b247-3973829433ce,19.0,0.0,0.0,Passed,0.5555555555555556
93d8eb80-b8fb-4ece-a08c-fab561b9eefc,8b14bd37-e18a-45f6-8fba-41861c7534eb,0.0,0.0,0.0,Passed,0.5555555555555556
93d8eb80-b8fb-4ece-a08c-fab561b9eefc,8cc2458f-39f0-4269-af96-612e607e4826,0.0,0.0,0.0,Passed,0.5555555555555556
93d8eb80-b8fb-4ece-a08c-fab561b9eefc,ba4bccc3-7ca7-48b4-a663-1fba76e3ce8b,0.0,0.0,0.0,Passed,0.5555555555555556
93d8eb80-b8fb-4ece-a08c-fab561b9eefc,3240be93-c478-4726-b2f0-e601c1122704,37.0,0.0,0.0,Failed,0.4444444444444444
