Folder1,Folder2,AST Edit Distance,DFG Edit Distance,PDG Edit Distance,Passed Or Failed,Euclidean Distance
5c40abca-66e6-4a94-9ea0-ef29b10ebcce,2ab4c0a4-0f66-4866-853f-94fd30f6b07f,0.0,0.0,0.0,Passed,0.6192554831504822
5c40abca-66e6-4a94-9ea0-ef29b10ebcce,54563ffb-06a1-427f-a5dc-34fd76a5c1b3,14.0,24.0,28.0,Passed,0.6192554831504822
5c40abca-66e6-4a94-9ea0-ef29b10ebcce,626fc377-d375-4a82-93b3-0053f81c6b5f,13.0,22.0,32.0,Failed,0.6192554831504822
