Folder1,Folder2,AST Edit Distance,DFG Edit Distance,PDG Edit Distance,Passed Or Failed,ROUGE-2
4c63d5c0-776f-45dd-bf05-f15a72182678,f0dc29a7-c38e-4b42-88b3-176dddb1cac3,0.0,0.0,0.0,Passed,0.7999999999999999
4c63d5c0-776f-45dd-bf05-f15a72182678,085805b3-1bda-4df7-87a6-58fa161b556d,7.0,0.0,0.0,Failed,0.7499999999999999
