Folder1,Folder2,AST Edit Distance,DFG Edit Distance,PDG Edit Distance,Passed Or Failed,BLEU score
b8943ab6-8c90-4c8e-ae5c-86ee469c4a5c,1d81c410-3a92-4268-b6ce-0756765a9fc0,14.0,33.0,57.0,Passed,0.6068410610880495
b8943ab6-8c90-4c8e-ae5c-86ee469c4a5c,fd01b861-2233-42d6-a316-d706a8661753,16.0,94.0,152.0,Failed,0.6068410610880495
