Folder1,Folder2,AST Edit Distance,DFG Edit Distance,PDG Edit Distance,Passed Or Failed,ChrF Score
2c67b7d0-a0cf-489f-803a-b8436a088059,757c405d-7445-425a-bca9-c4f35074b1b2,8.0,0.0,0.0,Passed,77.5076020804927
2c67b7d0-a0cf-489f-803a-b8436a088059,8e4c7fe9-9735-45ff-a09d-1fee5724b496,8.0,0.0,0.0,Failed,77.5076020804927
