Folder1,Folder2,AST Edit Distance,DFG Edit Distance,PDG Edit Distance,Passed Or Failed,BLEU score
0493153d-ba46-4682-9333-fe17de5a6350,e50963c7-5780-4534-adc4-527ac102b8d9,1.0,36.0,40.0,Passed,0.6387208863208838
0493153d-ba46-4682-9333-fe17de5a6350,c4bacfeb-ac26-4d67-9b6a-c124748b41e8,0.0,48.0,58.0,Failed,0.5954944507101547
