Folder1,Folder2,AST Edit Distance,DFG Edit Distance,PDG Edit Distance,Passed Or Failed,BLEU score
c0d5d2f0-ad34-4160-954c-cdbd7f419c66,22e3dc1e-6fc8-4413-b553-f4b3193fe715,0.0,0.0,0.0,Passed,0.4845766087853282
c0d5d2f0-ad34-4160-954c-cdbd7f419c66,e057d5fb-3f8a-424e-8108-09bfa28ad00f,0.0,0.0,0.0,Passed,0.4845766087853282
c0d5d2f0-ad34-4160-954c-cdbd7f419c66,1095a6e0-b581-4063-9af7-8c5153f70a5c,0.0,0.0,0.0,Passed,0.4328015276270855
c0d5d2f0-ad34-4160-954c-cdbd7f419c66,f3ff65b2-0496-452b-b8e1-66e39adea444,0.0,0.0,0.0,Passed,0.4328015276270855
c0d5d2f0-ad34-4160-954c-cdbd7f419c66,920e6fca-509c-43d6-9df7-60dcbc59c947,22.0,39.0,57.0,Passed,0.391080327529236
c0d5d2f0-ad34-4160-954c-cdbd7f419c66,c25d1819-26d0-4cf6-8ec1-5f40256dc177,37.0,52.0,66.0,Failed,0.391080327529236
