Folder1,Folder2,AST Edit Distance,DFG Edit Distance,PDG Edit Distance,Passed Or Failed,Similarity Score during Execution
7bd8b237-31f2-438b-a9dc-fd29cdae1a1e,df0e0518-a891-4b7c-97ce-73201165c4bd,4.0,0.0,0.0,Passed,1.4223744869232178
7bd8b237-31f2-438b-a9dc-fd29cdae1a1e,c1f891f6-84ec-427f-8680-33661155df44,4.0,0.0,0.0,Passed,1.2798513174057007
7bd8b237-31f2-438b-a9dc-fd29cdae1a1e,bbd4dea5-d73f-4cd6-9db1-e3904126766c,0.0,0.0,0.0,Passed,1.2715529203414917
7bd8b237-31f2-438b-a9dc-fd29cdae1a1e,fb917966-61e0-4f68-8d20-6957b6527f16,1.0,0.0,0.0,Passed,1.271242380142212
7bd8b237-31f2-438b-a9dc-fd29cdae1a1e,b2df1488-fcec-4497-943d-d3d55e02b8e0,0.0,0.0,0.0,Passed,1.2623239755630493
7bd8b237-31f2-438b-a9dc-fd29cdae1a1e,102fc1d8-f7ed-4623-a345-524d92afb0f8,15.0,0.0,0.0,Failed,1.2353236675262451
