Folder1,Folder2,AST Edit Distance,DFG Edit Distance,PDG Edit Distance,Passed Or Failed,Similarity Score during Execution
b34132d1-c653-4a27-9341-3bc379a10231,30478401-271f-4fd2-97f7-99e45a015021,0.0,0.0,0.0,Passed,1.061359167098999
b34132d1-c653-4a27-9341-3bc379a10231,f969c3c4-5ef5-4b1e-8917-bdef31066d5b,23.0,0.0,0.0,Passed,0.9549000859260559
b34132d1-c653-4a27-9341-3bc379a10231,00c49363-d597-49d1-86d6-b5571b82996a,23.0,0.0,0.0,Passed,0.939811110496521
b34132d1-c653-4a27-9341-3bc379a10231,6d7f5c0e-d2ed-4887-b133-9c6e22e323f5,23.0,0.0,0.0,Passed,0.9085663557052612
b34132d1-c653-4a27-9341-3bc379a10231,03e9eaac-9254-47e1-b936-cea8b331041e,23.0,0.0,0.0,Passed,0.8965587019920349
b34132d1-c653-4a27-9341-3bc379a10231,dcc468d7-2d7a-4918-8f58-3c488ddd9edc,0.0,0.0,0.0,Passed,0.8887948989868164
b34132d1-c653-4a27-9341-3bc379a10231,aee8a2ea-f347-489f-ab21-a56e2b29a7cc,44.0,0.0,0.0,Failed,0.8818942308425903
