Folder1,Folder2,AST Edit Distance,DFG Edit Distance,PDG Edit Distance,Passed Or Failed,ChrF Score
c49760f5-fb14-4fbf-aad5-22be4eccf131,45284638-249d-40aa-8860-9ee173a17f95,12.0,0.0,0.0,Passed,47.674367389330605
c49760f5-fb14-4fbf-aad5-22be4eccf131,4e3e05dc-80b2-4a5f-b23e-fa3cf0167c08,1.0,0.0,0.0,Passed,47.12180405021712
c49760f5-fb14-4fbf-aad5-22be4eccf131,6439c7b5-8862-4cc3-8cce-1c4e811eccf8,0.0,0.0,0.0,Passed,46.75354375444287
c49760f5-fb14-4fbf-aad5-22be4eccf131,e9f434e3-817e-449a-a337-23b8786c88a7,0.0,0.0,0.0,Passed,46.44479324311352
c49760f5-fb14-4fbf-aad5-22be4eccf131,57c0c882-8070-4ead-9145-af739a5916ea,13.0,0.0,0.0,Failed,46.2122746419333
