Folder1,Folder2,AST Edit Distance,DFG Edit Distance,PDG Edit Distance,Passed Or Failed,ROUGE-L
7d72d009-0e3b-47cb-a951-31967f662fef,df61c43a-b169-47f7-b0aa-0607d95502d6,2.0,0.0,0.0,Passed,0.7586206896551724
7d72d009-0e3b-47cb-a951-31967f662fef,e6f119ac-711d-4822-937b-3906ca675a86,2.0,0.0,0.0,Passed,0.7586206896551724
7d72d009-0e3b-47cb-a951-31967f662fef,081ac94f-6fa9-4249-9674-a8a132e2cf7d,18.0,14.0,0.0,Failed,0.7333333333333334
