Folder1,Folder2,AST Edit Distance,DFG Edit Distance,PDG Edit Distance,Passed Or Failed,Cosine Similarity
374e9889-78cd-42de-8322-db3c6f50f73f,fb2f44a0-42cf-44b2-8214-946aa02b94af,13.0,0.0,0.0,Passed,0.9991564750671387
374e9889-78cd-42de-8322-db3c6f50f73f,39d3ab40-fa68-4455-a419-5b529358884c,27.0,0.0,0.0,Failed,0.9988451600074768
