Folder1,Folder2,AST Edit Distance,DFG Edit Distance,PDG Edit Distance,Passed Or Failed,Similarity Score during Execution
52d57624-4c0b-4dbb-8577-d2a5a782697f,752ed27b-48a9-473b-8d95-050270eb43a9,23.0,0.0,0.0,Passed,1.3597307205200195
52d57624-4c0b-4dbb-8577-d2a5a782697f,d0882401-0268-47a6-91c5-7f05ac6d149a,42.0,0.0,0.0,Passed,1.3323891162872314
52d57624-4c0b-4dbb-8577-d2a5a782697f,04fe8b03-52d5-41b6-bd49-e824f32e45b0,80.0,0.0,0.0,Failed,1.3050580024719238
