Folder1,Folder2,AST Edit Distance,DFG Edit Distance,PDG Edit Distance,Passed Or Failed,Cosine Similarity
c8ae8294-409c-4d51-b253-3a4c6b4dc9a9,92a18a26-3d9b-4653-98c6-4b2541106f54,2.0,0.0,0.0,Passed,0.998723566532135
c8ae8294-409c-4d51-b253-3a4c6b4dc9a9,f2e003bc-99fb-405d-991d-e1d33f450dac,10.0,0.0,0.0,Passed,0.998723566532135
c8ae8294-409c-4d51-b253-3a4c6b4dc9a9,085b09eb-4c14-499f-90ad-1b4ca75d4544,13.0,73.0,115.0,Failed,0.9984395503997803
