Folder1,Folder2,AST Edit Distance,DFG Edit Distance,PDG Edit Distance,Passed Or Failed,Cosine Similarity
32ea3c3a-1e54-4b1f-b3ba-e031992ce073,5214ab24-4081-4063-ae82-42f1303432e2,7.0,179.0,260.0,Passed,0.9734875559806824
32ea3c3a-1e54-4b1f-b3ba-e031992ce073,da033133-8392-4e32-ba82-0309010cf49d,1.0,72.0,103.0,Passed,0.9733495712280273
32ea3c3a-1e54-4b1f-b3ba-e031992ce073,9af0ca59-981a-41d4-b33b-2707dc531e42,22.0,181.0,265.0,Failed,0.9708425402641296
