Folder1,Folder2,AST Edit Distance,DFG Edit Distance,PDG Edit Distance,Passed Or Failed,Similarity Score during Execution
94cce6d9-710d-4595-8cc4-b8553683cc0c,f311cb90-9096-4c23-9bd8-d22212d05fc5,34.0,104.0,127.0,Passed,1.2883623838424683
94cce6d9-710d-4595-8cc4-b8553683cc0c,e918163b-a52c-4a5c-8631-71d1fd0ee069,30.0,0.0,0.0,Passed,1.2575231790542603
94cce6d9-710d-4595-8cc4-b8553683cc0c,7cbdaabb-7db6-443a-81a4-709d4e0d0f91,30.0,67.0,68.0,Passed,1.254866123199463
94cce6d9-710d-4595-8cc4-b8553683cc0c,0e19996a-6aaa-48e2-a9fd-439ce50be998,30.0,132.0,167.0,Failed,1.2547187805175781
