Folder1,Folder2,AST Edit Distance,DFG Edit Distance,PDG Edit Distance,Passed Or Failed,Meteor Score
54c96a8e-9917-4139-84a9-55af213d4e23,bc20e994-17bc-4af0-874d-da6429064d64,33.0,0.0,0.0,Passed,0.8541844168941595
54c96a8e-9917-4139-84a9-55af213d4e23,30352c19-8d85-4c79-8714-5ac20bbf828a,33.0,0.0,0.0,Passed,0.803921953517588
54c96a8e-9917-4139-84a9-55af213d4e23,51cbe6b0-ffaf-4d1e-8e93-7c27cd4938b3,39.0,0.0,0.0,Passed,0.803921953517588
54c96a8e-9917-4139-84a9-55af213d4e23,2353fc56-8503-498b-bac7-698903df7fbb,45.0,0.0,0.0,Passed,0.8032349246231156
54c96a8e-9917-4139-84a9-55af213d4e23,6af6eeec-bc65-4132-8f0c-f381e9a2d378,48.0,70.0,121.0,Failed,0.8032349246231156
