Folder1,Folder2,AST Edit Distance,DFG Edit Distance,PDG Edit Distance,Passed Or Failed,Similarity Score during Execution
969dd0b6-fb42-4d7c-a208-8c99ec0947dc,94444bcf-70c6-42f5-99eb-b677012b373f,0.0,0.0,0.0,Passed,1.1298513412475586
969dd0b6-fb42-4d7c-a208-8c99ec0947dc,a7f3ab16-9d7f-4e96-8dbc-722abedb8683,0.0,0.0,0.0,Passed,1.1072927713394165
969dd0b6-fb42-4d7c-a208-8c99ec0947dc,ad36c248-9696-4bc6-a260-548708ba9d6c,0.0,0.0,0.0,Passed,1.106391191482544
969dd0b6-fb42-4d7c-a208-8c99ec0947dc,63c01b86-2dc9-46d3-9bd5-511929425ac7,11.0,0.0,0.0,Failed,1.1016641855239868
