Folder1,Folder2,AST Edit Distance,DFG Edit Distance,PDG Edit Distance,Passed Or Failed,Cosine Similarity
24ef5470-98c5-406c-afd6-8cfa624d79df,54c2d916-116c-4033-b0b9-e6375503b621,31.0,0.0,0.0,Passed,0.9993204474449158
24ef5470-98c5-406c-afd6-8cfa624d79df,15726d5e-a671-46c0-a3ea-ff6c96825276,31.0,0.0,0.0,Passed,0.9992948770523071
24ef5470-98c5-406c-afd6-8cfa624d79df,99e19516-79bc-4730-8994-0685ced9c6eb,5.0,84.0,140.0,Passed,0.9992576241493225
24ef5470-98c5-406c-afd6-8cfa624d79df,42b006a8-d5b1-4b9e-84db-aa8d8f6dd6c8,31.0,0.0,0.0,Passed,0.9992321729660034
24ef5470-98c5-406c-afd6-8cfa624d79df,621cf069-8b87-4903-ab40-153a8ec89cc9,31.0,0.0,0.0,Passed,0.9992321729660034
24ef5470-98c5-406c-afd6-8cfa624d79df,b6665ad9-c118-4fbb-8f5b-019f52645c50,10.0,83.0,143.0,Passed,0.9992321729660034
24ef5470-98c5-406c-afd6-8cfa624d79df,538da73e-9768-4b28-8710-3cbb1943fa96,41.0,0.0,0.0,Passed,0.9991893768310547
24ef5470-98c5-406c-afd6-8cfa624d79df,c8b22a05-48f4-403a-a4d8-74a88b68f6e2,4.0,227.0,342.0,Failed,0.999133825302124
