Folder1,Folder2,AST Edit Distance,DFG Edit Distance,PDG Edit Distance,Passed Or Failed,BLEU score
54cdb20c-b0cd-40fe-b70c-c370e3289010,1efef26c-52bd-4f3d-94a8-497574a87c95,1.0,0.0,0.0,Passed,0.4200402809362061
54cdb20c-b0cd-40fe-b70c-c370e3289010,ec54ffe9-d238-47d6-b0ad-965435aa4b51,3.0,0.0,0.0,Failed,0.4200402809362061
