Folder1,Folder2,AST Edit Distance,DFG Edit Distance,PDG Edit Distance,Passed Or Failed,Similarity Score during Execution
83f275ae-863a-4923-9454-7403b731ef51,287ca742-103c-47dc-939f-d4af207a74fe,0.0,0.0,0.0,Passed,1.2691465616226196
83f275ae-863a-4923-9454-7403b731ef51,ece731a3-9602-46f4-a863-0983d32cb1e6,0.0,0.0,0.0,Failed,1.2680137157440186
