Folder1,Folder2,AST Edit Distance,DFG Edit Distance,PDG Edit Distance,Passed Or Failed,Cosine Similarity
575c27e8-8a07-4241-a8f2-438d719d6d1e,cbea0cf3-ab55-4d24-be74-c8cafc64f229,41.0,0.0,0.0,Passed,0.9692071676254272
575c27e8-8a07-4241-a8f2-438d719d6d1e,e548448e-918b-4f0f-952b-47c021e7d485,44.0,0.0,0.0,Passed,0.9691805839538574
575c27e8-8a07-4241-a8f2-438d719d6d1e,ac6b194d-2c0d-4a7b-bfa9-584312044460,39.0,52.0,76.0,Failed,0.9684476852416992
