Folder1,Folder2,AST Edit Distance,DFG Edit Distance,PDG Edit Distance,Passed Or Failed,BLEU score
2bfe82f1-f120-42ee-94a8-e3d93ac7a389,1894192d-a6d0-4189-9c28-897c86047282,28.0,13.0,20.0,Passed,0.20333448190047887
2bfe82f1-f120-42ee-94a8-e3d93ac7a389,8e557b85-e5ff-43d3-8c42-3ce6262d8a08,39.0,40.0,59.0,Failed,0.18373344524824237
