Folder1,Folder2,AST Edit Distance,DFG Edit Distance,PDG Edit Distance,Passed Or Failed,ROUGE-2
38de1c08-56a9-45fb-b882-e189ba4d4079,2f824652-4945-40ca-89b9-1e9da7e049dd,15.0,1.0,2.0,Passed,0.5555555555555556
38de1c08-56a9-45fb-b882-e189ba4d4079,571d6bf0-d449-49d7-9467-378d90903711,35.0,0.0,0.0,Passed,0.5555555555555556
38de1c08-56a9-45fb-b882-e189ba4d4079,ef5238b6-7d58-4889-bd81-ffa85615627b,35.0,0.0,0.0,Failed,0.4444444444444444
