Folder1,Folder2,AST Edit Distance,DFG Edit Distance,PDG Edit Distance,Passed Or Failed,Similarity Score during Execution
f59e2431-159a-45f4-9b87-52f554ea2f40,eb0e48a3-d05f-4511-8670-1cfe4a1fe06b,29.0,0.0,0.0,Passed,0.956780195236206
f59e2431-159a-45f4-9b87-52f554ea2f40,979e54e6-10b8-4ff3-9475-29e02c58928b,29.0,0.0,0.0,Failed,0.9476782083511353
