Folder1,Folder2,AST Edit Distance,DFG Edit Distance,PDG Edit Distance,Passed Or Failed,Similarity Score during Execution
7e10d4d4-3bd2-465f-afc7-e26ab57e6e7d,2eb7640c-cef7-4421-950f-a8114190331c,2.0,14.0,17.0,Passed,0.734108567237854
7e10d4d4-3bd2-465f-afc7-e26ab57e6e7d,9077adb5-f9b8-4070-8ac9-032eb87e573d,16.0,23.0,35.0,Passed,0.5724023580551147
7e10d4d4-3bd2-465f-afc7-e26ab57e6e7d,4a033a6b-12fa-4033-8487-0dd6a9ac9b26,1.0,27.0,35.0,Passed,0.5224633812904358
7e10d4d4-3bd2-465f-afc7-e26ab57e6e7d,a0fa86dd-7df2-4fac-bd67-63841454d41d,19.0,5.0,8.0,Passed,0.4738953411579132
7e10d4d4-3bd2-465f-afc7-e26ab57e6e7d,33f1bdf3-265a-4ab3-b0f6-8cb10cd8e21b,29.0,22.0,35.0,Failed,0.4120871424674988
