Folder1,Folder2,AST Edit Distance,DFG Edit Distance,PDG Edit Distance,Passed Or Failed,Meteor Score
ffb21bae-e22f-41d0-ba39-a43bed56f779,0d27d804-1482-4bfb-bc99-6db04a8e3fde,35.0,0.0,0.0,Passed,0.8110207100591716
ffb21bae-e22f-41d0-ba39-a43bed56f779,c6fd8c2e-4f7f-4ac6-a59a-7929911bf431,12.0,7.0,11.0,Passed,0.8110207100591716
ffb21bae-e22f-41d0-ba39-a43bed56f779,03f32e40-c528-4aab-9ece-a66e899c41ce,35.0,0.0,0.0,Passed,0.7529699510831587
ffb21bae-e22f-41d0-ba39-a43bed56f779,7321a465-c8e2-4f1e-856f-cb2d23023206,6.0,42.0,56.0,Failed,0.7529699510831587
