Folder1,Folder2,AST Edit Distance,DFG Edit Distance,PDG Edit Distance,Passed Or Failed,Similarity Score during Execution
b3a3c0e6-2f42-4081-a219-f8c124309724,ac0f25f8-2474-46ca-bef0-30558c77bf69,0.0,0.0,0.0,Passed,1.3512089252471924
b3a3c0e6-2f42-4081-a219-f8c124309724,adc1023d-f32d-4e83-8dd4-0aaa830ec04e,0.0,0.0,0.0,Passed,1.3455911874771118
b3a3c0e6-2f42-4081-a219-f8c124309724,24ef0c71-2fca-41ee-9d57-9255bd1b8a89,0.0,0.0,0.0,Passed,1.320164680480957
b3a3c0e6-2f42-4081-a219-f8c124309724,de9bdea1-4d19-4d6d-b570-e4934e2f3673,0.0,0.0,0.0,Passed,1.2953333854675293
b3a3c0e6-2f42-4081-a219-f8c124309724,ad6bb7af-ad56-4834-b55a-a69bea81b81c,0.0,0.0,0.0,Passed,1.2726126909255981
b3a3c0e6-2f42-4081-a219-f8c124309724,2f833b84-0ae1-4803-9f02-64a8591c71b4,0.0,0.0,0.0,Passed,1.250300645828247
b3a3c0e6-2f42-4081-a219-f8c124309724,84d3b4e9-1d95-485d-b9d5-8c84d8575b87,2.0,0.0,0.0,Failed,1.2422139644622803
