Folder1,Folder2,AST Edit Distance,DFG Edit Distance,PDG Edit Distance,Passed Or Failed,Meteor Score
2740c818-3379-41f4-81d0-a383796ef0d8,3936f56f-c7bb-47c0-805a-e8065378b908,29.0,0.0,0.0,Passed,0.8786136490858547
2740c818-3379-41f4-81d0-a383796ef0d8,8b5064c6-9b71-4441-9e0e-c513139e2857,29.0,0.0,0.0,Passed,0.8367677824267782
2740c818-3379-41f4-81d0-a383796ef0d8,a0698106-a6c5-4ddf-b0e4-82b7be10663b,29.0,0.0,0.0,Passed,0.8367677824267782
2740c818-3379-41f4-81d0-a383796ef0d8,28c73bd7-d901-46c6-b738-9e218e2c4f05,29.0,49.0,0.0,Failed,0.8364016736401674
