Folder1,Folder2,AST Edit Distance,DFG Edit Distance,PDG Edit Distance,Passed Or Failed,ChrF Score
77886076-0675-490e-9097-fb52713a721b,4014f109-0685-4708-aa57-51ed32a33397,2.0,0.0,0.0,Passed,76.45503390559395
77886076-0675-490e-9097-fb52713a721b,3832e395-fe7c-41a9-995f-f1d0c97ebc40,3.0,0.0,0.0,Failed,75.88052327969926
