Folder1,Folder2,AST Edit Distance,DFG Edit Distance,PDG Edit Distance,Passed Or Failed,BLEU score
dc636719-c4e1-422c-b866-c98b00de2714,1ebb2e88-e988-42e9-972a-5332a80cf65e,4.0,37.0,58.0,Passed,0.4683624652369494
dc636719-c4e1-422c-b866-c98b00de2714,d456e3be-0362-4173-aa73-e266a27aa7d8,0.0,0.0,0.0,Passed,0.4166760762362751
dc636719-c4e1-422c-b866-c98b00de2714,e8d3ce7c-07a0-461e-b72e-026822d6ee36,23.0,36.0,51.0,Failed,0.10740820869954354
