Folder1,Folder2,AST Edit Distance,DFG Edit Distance,PDG Edit Distance,Passed Or Failed,ROUGE-L
b1226e88-8cff-46e2-ae3b-728f8445b0a7,3d247eb9-cc72-42a2-a81f-64564c5e5ff2,29.0,69.0,89.0,Passed,0.8636363636363635
b1226e88-8cff-46e2-ae3b-728f8445b0a7,ec4eb1d9-4b3f-470a-ac8c-ffc90b17fc2a,4.0,129.0,194.0,Failed,0.8636363636363635
