Folder1,Folder2,AST Edit Distance,DFG Edit Distance,PDG Edit Distance,Passed Or Failed,Meteor Score
ba58b740-20cf-4e43-81dc-8311690d3888,23aa1338-c71b-438a-80c3-a5ca6f7fc03d,0.0,0.0,0.0,Passed,0.8450810553083281
ba58b740-20cf-4e43-81dc-8311690d3888,b7106b54-ee1c-4e23-92fb-5f48b01074ed,0.0,0.0,0.0,Passed,0.8450810553083281
ba58b740-20cf-4e43-81dc-8311690d3888,06c0bcc5-7e8b-4f13-b0b9-d1293e28ba4b,6.0,31.0,41.0,Failed,0.8411872218690402
