Folder1,Folder2,AST Edit Distance,DFG Edit Distance,PDG Edit Distance,Passed Or Failed,ROUGE-L
16f364a2-fb56-4473-b3f1-4d6b9b95468c,c6be5720-dcb1-45b3-b7e2-72524cf77d8d,0.0,0.0,0.0,Passed,0.8636363636363635
16f364a2-fb56-4473-b3f1-4d6b9b95468c,cd06e3ff-0327-47d2-86a0-f9dab26f4b14,0.0,0.0,0.0,Passed,0.8636363636363635
16f364a2-fb56-4473-b3f1-4d6b9b95468c,0c46fa02-3ee5-4904-9d53-860967789cbb,0.0,0.0,0.0,Passed,0.8444444444444444
16f364a2-fb56-4473-b3f1-4d6b9b95468c,a1764b2d-2e5e-42d5-8014-197c203bf736,46.0,57.0,0.0,Failed,0.8372093023255814
