Folder1,Folder2,AST Edit Distance,DFG Edit Distance,PDG Edit Distance,Passed Or Failed,ROUGE-L
ee25a635-e737-41bb-a542-ba6749f552f0,31faa93a-89e1-40b9-9564-bb287b2271d1,0.0,0.0,0.0,Passed,0.7692307692307692
ee25a635-e737-41bb-a542-ba6749f552f0,e2b01ddf-5e86-41ce-89ef-963cc596f06a,0.0,0.0,0.0,Passed,0.7692307692307692
ee25a635-e737-41bb-a542-ba6749f552f0,10a2c919-9da3-4c52-b1f7-c4c2b96d4345,0.0,0.0,0.0,Passed,0.7200000000000001
ee25a635-e737-41bb-a542-ba6749f552f0,b80264d2-6a59-497f-be8e-0b96f9b4815c,40.0,97.0,148.0,Failed,0.7200000000000001
