Folder1,Folder2,AST Edit Distance,DFG Edit Distance,PDG Edit Distance,Passed Or Failed,BLEU score
a89dd2db-47ca-4664-9602-2644734bd5e5,dd7a2b5d-7d00-4869-aa1a-7cd4e569e741,8.0,0.0,0.0,Passed,0.4216890913810254
a89dd2db-47ca-4664-9602-2644734bd5e5,446d4947-efe8-487d-9508-648cbbe96cfb,17.0,0.0,0.0,Failed,0.4057473284975201
