Folder1,Folder2,AST Edit Distance,DFG Edit Distance,PDG Edit Distance,Passed Or Failed,Euclidean Distance
920ea559-0a16-4b06-8628-dd618e56b5dc,0a515de0-635e-4732-91d0-1484a7aec029,45.0,0.0,0.0,Passed,0.10942442715167999
920ea559-0a16-4b06-8628-dd618e56b5dc,0fe581d1-004f-43e8-af55-ac1b0240d661,16.0,66.0,0.0,Failed,0.10942442715167999
