Folder1,Folder2,AST Edit Distance,DFG Edit Distance,PDG Edit Distance,Passed Or Failed,ChrF Score
b2917188-30aa-4a0d-9cc8-4abcd9765a2c,49945dda-16f6-44e5-9466-1aadf399cead,2.0,0.0,0.0,Passed,83.10636586281821
b2917188-30aa-4a0d-9cc8-4abcd9765a2c,550e80d3-8334-45f0-b467-c6ac9816a6be,12.0,0.0,0.0,Failed,83.10636586281821
