Folder1,Folder2,AST Edit Distance,DFG Edit Distance,PDG Edit Distance,Passed Or Failed,Euclidean Distance
c49760f5-fb14-4fbf-aad5-22be4eccf131,e6dd1230-eb4c-4158-a9c2-41d3c2e8f229,37.0,0.0,0.0,Passed,0.5426562428474426
c49760f5-fb14-4fbf-aad5-22be4eccf131,ea28065c-1edc-4083-b20f-f3f1ad993ddb,40.0,0.0,0.0,Passed,0.6058143973350525
c49760f5-fb14-4fbf-aad5-22be4eccf131,cbd0c136-7edf-434a-adcf-5eb5f2358e0a,41.0,0.0,0.0,Failed,0.6294839382171631
