Folder1,Folder2,AST Edit Distance,DFG Edit Distance,PDG Edit Distance,Passed Or Failed,Euclidean Distance
85a73b8a-81cc-44f8-ad58-2439694225f1,a1f1eeee-a44b-4588-8293-74b4318f077b,0.0,0.0,0.0,Passed,0.5379724502563477
85a73b8a-81cc-44f8-ad58-2439694225f1,f7dbce4f-22d4-4837-85c7-e27c0ee0c7f1,11.0,0.0,0.0,Failed,0.583331823348999
