Folder1,Folder2,AST Edit Distance,DFG Edit Distance,PDG Edit Distance,Passed Or Failed,Similarity Score during Execution
56a65784-43ae-4a8c-956c-d35e58ba3df5,65a6a5ee-5d98-4415-b1c8-b6ad6dc514a0,4.0,0.0,0.0,Passed,1.017957091331482
56a65784-43ae-4a8c-956c-d35e58ba3df5,888e994a-5c34-4f23-93a5-7c1b2fd5d725,4.0,0.0,0.0,Passed,1.0160670280456543
56a65784-43ae-4a8c-956c-d35e58ba3df5,a91830a4-8983-49e7-b95f-a4bf4bcf9707,39.0,0.0,0.0,Passed,1.0134373903274536
56a65784-43ae-4a8c-956c-d35e58ba3df5,4698f48d-9f7f-4359-bbcf-a76717740c29,4.0,0.0,0.0,Passed,1.003790020942688
56a65784-43ae-4a8c-956c-d35e58ba3df5,c8d1d3fb-194a-4c8d-9d87-a656d0fd45a2,0.0,0.0,0.0,Passed,0.9885568618774414
56a65784-43ae-4a8c-956c-d35e58ba3df5,cb9c65ff-0a4c-4802-ae5b-f576cfe28f38,0.0,0.0,0.0,Passed,0.982154369354248
56a65784-43ae-4a8c-956c-d35e58ba3df5,4eb7934d-a1c8-44e2-b2dd-69691f37f328,40.0,0.0,0.0,Failed,0.9797284007072449
