Folder1,Folder2,AST Edit Distance,DFG Edit Distance,PDG Edit Distance,Passed Or Failed,ROUGE-2
7d113005-908f-4281-a36f-c7bb461ac862,736ab006-cf45-4bea-b066-3b80d9e3cf67,18.0,0.0,0.0,Passed,0.8787878787878788
7d113005-908f-4281-a36f-c7bb461ac862,fdb2d9d4-4a12-402c-bb52-2456ba0cd12c,0.0,0.0,0.0,Passed,0.8787878787878788
7d113005-908f-4281-a36f-c7bb461ac862,416a2b94-520f-460f-8ecb-6e608df40685,3.0,48.0,0.0,Failed,0.8484848484848486
