Folder1,Folder2,AST Edit Distance,DFG Edit Distance,PDG Edit Distance,Passed Or Failed,Cosine Similarity
1ea56590-e9fb-4c0d-8b26-71296a16f99f,0613b0fc-814b-458c-8ae6-d9ff7f3271fa,22.0,0.0,0.0,Passed,0.9963050484657288
1ea56590-e9fb-4c0d-8b26-71296a16f99f,2ed34ef5-9009-41cd-8565-27efcd227a74,22.0,0.0,0.0,Passed,0.9963050484657288
1ea56590-e9fb-4c0d-8b26-71296a16f99f,10e5d3b3-b094-4b99-bb33-19f563e55e5c,26.0,0.0,0.0,Failed,0.9961631894111633
