Folder1,Folder2,AST Edit Distance,DFG Edit Distance,PDG Edit Distance,Passed Or Failed,ROUGE-L
39334af6-26e2-439a-ac2f-709e51dfc68d,0ec33c39-ffad-4648-a759-2177792b2405,0.0,0.0,0.0,Passed,0.6233766233766235
39334af6-26e2-439a-ac2f-709e51dfc68d,acc6d0c0-0417-419f-9bd7-dc62f5afe65f,0.0,0.0,0.0,Passed,0.6233766233766235
39334af6-26e2-439a-ac2f-709e51dfc68d,f6587133-db1b-45a0-b793-5adba0f804e3,0.0,0.0,0.0,Passed,0.6233766233766235
39334af6-26e2-439a-ac2f-709e51dfc68d,596d54fb-7335-4d76-80c5-12fb946c5ae4,22.0,0.0,0.0,Failed,0.6052631578947368
