Folder1,Folder2,AST Edit Distance,DFG Edit Distance,PDG Edit Distance,Passed Or Failed,Cosine Similarity
c10ffd15-7582-4ea5-be57-b29958803a34,48e9ebfc-af8f-4e5d-bc00-5b7952ce40b6,0.0,49.0,66.0,Passed,0.9972525238990784
c10ffd15-7582-4ea5-be57-b29958803a34,c41ed26d-c197-4152-9edc-0087d359ab01,0.0,0.0,0.0,Passed,0.9972525238990784
c10ffd15-7582-4ea5-be57-b29958803a34,48319111-1c51-4466-82be-71b1a2a3ed05,0.0,0.0,0.0,Passed,0.9971957206726074
c10ffd15-7582-4ea5-be57-b29958803a34,1224f883-8bcd-4ceb-92c9-5c8a1dc0cafa,0.0,49.0,66.0,Passed,0.9971234202384949
c10ffd15-7582-4ea5-be57-b29958803a34,a4919108-27b2-4c89-b281-61e5a6a446a5,0.0,0.0,0.0,Passed,0.9971234202384949
c10ffd15-7582-4ea5-be57-b29958803a34,795bdcae-1eb1-4663-9681-df64f5b71e30,0.0,0.0,0.0,Passed,0.9969659447669983
c10ffd15-7582-4ea5-be57-b29958803a34,f1cdd2b9-ad59-4dbf-9b69-17f372fe95f9,0.0,53.0,78.0,Failed,0.9969659447669983
