Folder1,Folder2,AST Edit Distance,DFG Edit Distance,PDG Edit Distance,Passed Or Failed,ChrF Score
061687ae-3360-4206-b5e2-5cd419880cff,6121cf03-0cba-4c42-a411-9be404d0c6d5,14.0,28.0,50.0,Passed,88.42648656763068
061687ae-3360-4206-b5e2-5cd419880cff,087b117e-063b-4a18-bf16-3a7016142cce,32.0,27.0,42.0,Passed,75.8456349894799
061687ae-3360-4206-b5e2-5cd419880cff,e93e8786-0bde-4751-852a-90fe4da84174,18.0,55.0,86.0,Failed,74.10960666868455
