Folder1,Folder2,AST Edit Distance,DFG Edit Distance,PDG Edit Distance,Passed Or Failed,Similarity Score during Execution
f0190746-a028-4100-ac65-f3a957f01944,e21d84b9-a6ba-46b9-85de-2348341cb515,0.0,0.0,0.0,Passed,1.1522278785705566
f0190746-a028-4100-ac65-f3a957f01944,3921cba5-71bf-493c-ae4a-7cba4802e0f0,1.0,33.0,45.0,Failed,1.13563871383667
