Folder1,Folder2,AST Edit Distance,DFG Edit Distance,PDG Edit Distance,Passed Or Failed,Similarity Score during Execution
f36f87f9-93c7-43ef-ae93-7931472fa8b6,8775eaf1-c80b-4220-a400-fdaeb7538a22,4.0,0.0,0.0,Passed,1.4390071630477905
f36f87f9-93c7-43ef-ae93-7931472fa8b6,ca379e38-27d6-4fc8-aa47-97db977b24f6,6.0,0.0,0.0,Passed,1.4357722997665405
f36f87f9-93c7-43ef-ae93-7931472fa8b6,adfbb7be-d31c-493d-ab12-4f22f9119419,2.0,0.0,0.0,Passed,1.4335356950759888
f36f87f9-93c7-43ef-ae93-7931472fa8b6,fd63a274-34b6-4f18-bc89-3fcaf4217802,26.0,0.0,0.0,Failed,1.408839225769043
