Folder1,Folder2,AST Edit Distance,DFG Edit Distance,PDG Edit Distance,Passed Or Failed,BLEU score
6de1a2a0-df7c-4d43-91f7-17f59e47ccdf,e2f62483-51f5-42bc-81c9-09b07bf8725e,7.0,0.0,0.0,Passed,0.59068718489185
6de1a2a0-df7c-4d43-91f7-17f59e47ccdf,3ee5fa54-6ff3-4d56-a998-03a9b0c5a08d,5.0,0.0,0.0,Passed,0.549696364469696
6de1a2a0-df7c-4d43-91f7-17f59e47ccdf,6ad9a304-cd91-4b98-87e7-fc0b76024fb6,1.0,0.0,0.0,Passed,0.549696364469696
6de1a2a0-df7c-4d43-91f7-17f59e47ccdf,610cb109-05f8-4f49-b928-c5c7927321ab,33.0,83.0,132.0,Failed,0.5175341674292826
