Folder1,Folder2,AST Edit Distance,DFG Edit Distance,PDG Edit Distance,Passed Or Failed,ChrF Score
2106cd73-fd96-4889-b5a3-658448e6512e,036a4223-0bdc-4902-b447-192a9746cc0c,16.0,0.0,0.0,Passed,75.34678656516617
2106cd73-fd96-4889-b5a3-658448e6512e,94ec178f-a67e-45e8-8e31-07705f1bdec6,0.0,0.0,0.0,Passed,75.34678656516617
2106cd73-fd96-4889-b5a3-658448e6512e,2e084e51-0f6d-49e3-963e-536918075799,0.0,54.0,152.0,Passed,75.009400922275
2106cd73-fd96-4889-b5a3-658448e6512e,10d5165a-c198-4f19-bea8-2c952e0aee78,21.0,0.0,0.0,Passed,73.93493992395105
2106cd73-fd96-4889-b5a3-658448e6512e,3b7221d0-dff0-41e8-9cec-3f375d767696,0.0,0.0,0.0,Passed,73.93493992395105
2106cd73-fd96-4889-b5a3-658448e6512e,9c568f22-af7b-415a-ab7e-9667cba7fa25,11.0,72.0,195.0,Failed,72.0614824495094
