Folder1,Folder2,AST Edit Distance,DFG Edit Distance,PDG Edit Distance,Passed Or Failed,ROUGE-L
7b649acd-6c30-41f9-84e0-8bb3d0320c28,ccf9e37f-64ac-41ac-8d37-1db1fe132212,16.0,0.0,0.0,Passed,0.8235294117647058
7b649acd-6c30-41f9-84e0-8bb3d0320c28,b130b966-5754-4efd-b72c-5ab4e15e3460,12.0,30.0,0.0,Failed,0.7878787878787878
