Folder1,Folder2,AST Edit Distance,DFG Edit Distance,PDG Edit Distance,Passed Or Failed,ROUGE-L
afae4f80-ba75-4e24-9325-96dbd41d05d7,3149a7db-3681-4807-8503-3f958a36121b,33.0,88.0,129.0,Passed,0.30508474576271183
afae4f80-ba75-4e24-9325-96dbd41d05d7,36317feb-91dd-42c4-8228-4f53df23817d,40.0,0.0,0.0,Passed,0.30508474576271183
afae4f80-ba75-4e24-9325-96dbd41d05d7,7fc445cb-4c71-4995-81c0-662df5e77cce,32.0,121.0,179.0,Failed,0.23728813559322032
