Folder1,Folder2,AST Edit Distance,DFG Edit Distance,PDG Edit Distance,Passed Or Failed,ChrF Score
050927c8-ed55-43dc-a43c-cbe23bf0ea64,453f630a-f6c6-45e2-b8e9-c0127f3c210d,2.0,31.0,37.0,Passed,35.97193767573711
050927c8-ed55-43dc-a43c-cbe23bf0ea64,24a034a6-ce90-4ee4-92ca-332c10e2cbdb,10.0,86.0,130.0,Failed,35.671788229915926
