Folder1,Folder2,AST Edit Distance,DFG Edit Distance,PDG Edit Distance,Passed Or Failed,Meteor Score
7e738d6c-8c66-42af-83ce-98a44356b3ce,08bf3c70-f577-4801-bbd6-37fc9e933131,0.0,0.0,0.0,Passed,0.8736088359724942
7e738d6c-8c66-42af-83ce-98a44356b3ce,28f13d52-7bbe-4e1a-b0fa-b76de1d9b0e5,0.0,0.0,0.0,Passed,0.8736088359724942
7e738d6c-8c66-42af-83ce-98a44356b3ce,2d37e932-0aa8-47e4-a061-697b87abef8d,0.0,0.0,0.0,Passed,0.8736088359724942
7e738d6c-8c66-42af-83ce-98a44356b3ce,e5d1d790-a48b-4af2-a27d-1f8bad4ef292,0.0,0.0,0.0,Passed,0.8736088359724942
7e738d6c-8c66-42af-83ce-98a44356b3ce,5737eb66-b5a7-49f2-b5d0-25995443dbee,51.0,0.0,0.0,Failed,0.8412324543765918
