Folder1,Folder2,AST Edit Distance,DFG Edit Distance,PDG Edit Distance,Passed Or Failed,BLEU score
c49760f5-fb14-4fbf-aad5-22be4eccf131,093c0d28-76b0-49eb-aaf8-4ead37033a1e,39.0,0.0,0.0,Passed,0.27010074174938287
c49760f5-fb14-4fbf-aad5-22be4eccf131,4bad57e9-caf9-43fb-8993-07fceb7b2f9d,39.0,0.0,0.0,Passed,0.26038053012911716
c49760f5-fb14-4fbf-aad5-22be4eccf131,1c85296b-3a53-4ba6-bece-7025bc1cd1f3,41.0,0.0,0.0,Passed,0.24097353617832407
c49760f5-fb14-4fbf-aad5-22be4eccf131,b5994330-82ed-4d66-8f71-a462d13ab1e4,40.0,0.0,0.0,Passed,0.2373488414075553
c49760f5-fb14-4fbf-aad5-22be4eccf131,c9e1b246-ea10-4d6a-8d96-03360cc26008,42.0,0.0,0.0,Passed,0.2373488414075553
c49760f5-fb14-4fbf-aad5-22be4eccf131,d4703733-6afb-47ab-ad25-ce8aaba2f162,40.0,0.0,0.0,Passed,0.2373488414075553
c49760f5-fb14-4fbf-aad5-22be4eccf131,dd6a0f39-c1ad-4936-b83f-cc79bd7270ed,40.0,0.0,0.0,Passed,0.2373488414075553
c49760f5-fb14-4fbf-aad5-22be4eccf131,ebbd1619-f0d5-44cc-b7a6-e7e9c80c9107,32.0,0.0,0.0,Passed,0.2373488414075553
c49760f5-fb14-4fbf-aad5-22be4eccf131,f28c2b1f-4feb-4f45-acad-8f6b7f8acefe,43.0,0.0,0.0,Failed,0.2373488414075553
