Folder1,Folder2,AST Edit Distance,DFG Edit Distance,PDG Edit Distance,Passed Or Failed,Cosine Similarity
b728c8b0-03a6-4053-ae26-093e66530e79,a9100641-5291-4eea-bf99-8a2beaad7ff2,1.0,0.0,0.0,Passed,0.9976215362548828
b728c8b0-03a6-4053-ae26-093e66530e79,1df59bfc-2155-4f75-a02c-6eed0cfd1645,1.0,0.0,0.0,Passed,0.996942400932312
b728c8b0-03a6-4053-ae26-093e66530e79,20356895-bfc8-4f18-8f17-cdb11d4e368d,1.0,0.0,0.0,Passed,0.996942400932312
b728c8b0-03a6-4053-ae26-093e66530e79,f017bc84-e9b6-40c9-b961-f4fef90e99f9,1.0,0.0,0.0,Passed,0.9960911870002747
b728c8b0-03a6-4053-ae26-093e66530e79,f601bf3c-56c8-4750-bcc7-d3083c16bc39,18.0,0.0,0.0,Failed,0.9960911870002747
