Folder1,Folder2,AST Edit Distance,DFG Edit Distance,PDG Edit Distance,Passed Or Failed,BLEU score
00549329-ed0c-4400-9c84-9b6a5296582d,aa519b4f-d98a-4aee-bca8-195759f5c941,19.0,27.0,41.0,Passed,0.6082119331252117
00549329-ed0c-4400-9c84-9b6a5296582d,f26b5070-353e-4342-8242-08bfef459ebe,24.0,35.0,51.0,Passed,0.5591430457928663
00549329-ed0c-4400-9c84-9b6a5296582d,a94bf676-245c-4299-aecc-3677ef37e9c9,19.0,28.0,41.0,Passed,0.5203412353479888
00549329-ed0c-4400-9c84-9b6a5296582d,7cd80daf-d77f-46b4-ac12-4d5390cd34ab,28.0,27.0,43.0,Passed,0.49210835714870726
00549329-ed0c-4400-9c84-9b6a5296582d,9bb3ff80-3698-46e3-ae02-12c9807735d2,19.0,48.0,66.0,Passed,0.49210835714870726
00549329-ed0c-4400-9c84-9b6a5296582d,13248873-29f3-4944-a531-1f9c4f01be98,24.0,43.0,65.0,Passed,0.475951558975417
00549329-ed0c-4400-9c84-9b6a5296582d,13d96b3e-4c8b-44f4-be8f-cb46162c3224,17.0,33.0,55.0,Passed,0.475951558975417
00549329-ed0c-4400-9c84-9b6a5296582d,2c09faab-2da2-42f8-b98b-608fd1ea5a5a,19.0,36.0,54.0,Passed,0.475951558975417
00549329-ed0c-4400-9c84-9b6a5296582d,3f33311a-47e1-400e-8d39-4d5b0d05c721,24.0,62.0,87.0,Failed,0.475951558975417
