Folder1,Folder2,AST Edit Distance,DFG Edit Distance,PDG Edit Distance,Passed Or Failed,ROUGE-L
c4c783cc-2ed4-481c-bdc1-658029b59568,ec04d5c3-3223-4e9f-a070-f970eae238da,0.0,0.0,0.0,Passed,0.5882352941176471
c4c783cc-2ed4-481c-bdc1-658029b59568,1345f9f3-523e-4fc0-91cc-f4a5de1f730f,0.0,0.0,0.0,Passed,0.5454545454545454
c4c783cc-2ed4-481c-bdc1-658029b59568,08969cc5-bec2-41af-a7e7-9b63d1dc19ef,15.0,91.0,130.0,Failed,0.5294117647058824
