Folder1,Folder2,AST Edit Distance,DFG Edit Distance,PDG Edit Distance,Passed Or Failed,ROUGE-2
de5d2e47-5376-4ee5-ab80-21924a842c40,06befdb3-6dab-40be-8f0e-7499b43bd467,0.0,0.0,0.0,Passed,0.7083333333333334
de5d2e47-5376-4ee5-ab80-21924a842c40,8db252e3-8649-4d88-8d33-2bede3553e7c,0.0,0.0,0.0,Passed,0.6666666666666667
de5d2e47-5376-4ee5-ab80-21924a842c40,9b865dd3-0f4b-4a94-94c1-bd8df73679f5,0.0,0.0,0.0,Passed,0.6382978723404256
de5d2e47-5376-4ee5-ab80-21924a842c40,37a370ae-a08d-401d-ab65-79f52020e9b6,0.0,0.0,0.0,Passed,0.625
de5d2e47-5376-4ee5-ab80-21924a842c40,a373e791-b480-4393-84cf-382c351e1303,0.0,0.0,0.0,Failed,0.625
