Folder1,Folder2,AST Edit Distance,DFG Edit Distance,PDG Edit Distance,Passed Or Failed,ROUGE-2
7ab187f1-72f9-4eae-808d-f670324db78f,600e8aa7-7118-4faf-b09e-0432fc89f9db,2.0,0.0,0.0,Passed,0.6666666666666667
7ab187f1-72f9-4eae-808d-f670324db78f,adbe6bac-f6b5-42a7-897e-a296a87d301b,108.0,16.0,25.0,Failed,0.6666666666666667
