Folder1,Folder2,AST Edit Distance,DFG Edit Distance,PDG Edit Distance,Passed Or Failed,Similarity Score during Execution
c72d4d53-ab06-457e-84e4-0109e0537dad,be01c726-8de1-4719-87b5-e0632050e126,22.0,0.0,0.0,Passed,1.4684889316558838
c72d4d53-ab06-457e-84e4-0109e0537dad,ff9f574d-cc9a-4314-b466-6b6150d9982d,22.0,0.0,0.0,Failed,1.4328738451004028
