Folder1,Folder2,AST Edit Distance,DFG Edit Distance,PDG Edit Distance,Passed Or Failed,ROUGE-L
5ef94a73-62e1-4b32-8207-5ee38ab89798,721dd44f-a117-4548-b20e-ae1f4cade879,8.0,21.0,41.0,Passed,0.8163265306122449
5ef94a73-62e1-4b32-8207-5ee38ab89798,cefff6b4-045c-4432-b028-0521d0244d43,8.0,23.0,44.0,Failed,0.8163265306122449
