Folder1,Folder2,AST Edit Distance,DFG Edit Distance,PDG Edit Distance,Passed Or Failed,Cosine Similarity
1facb8e7-30fa-4411-8fd7-ead79deddc1f,d95c1734-155b-432f-ad1c-7014e49d31fd,7.0,0.0,0.0,Passed,0.9977965354919434
1facb8e7-30fa-4411-8fd7-ead79deddc1f,0fdd16d3-0ec5-4118-b04a-2688c85043f8,5.0,0.0,0.0,Passed,0.9975536465644836
1facb8e7-30fa-4411-8fd7-ead79deddc1f,b209e6a5-9ca7-4a4a-a588-7a5a429e2451,9.0,76.0,127.0,Failed,0.9975536465644836
