Folder1,Folder2,AST Edit Distance,DFG Edit Distance,PDG Edit Distance,Passed Or Failed,BLEU score
650e7a48-b2fd-4b67-8839-4b60c8463172,68cee10d-a873-4c02-8b6d-71976ed78170,7.0,28.0,42.0,Passed,0.6132513183209773
650e7a48-b2fd-4b67-8839-4b60c8463172,aa92ef2b-ef7d-44b6-8b16-82539eedc48d,5.0,30.0,41.0,Passed,0.6132513183209773
650e7a48-b2fd-4b67-8839-4b60c8463172,c9258c1b-0e3c-4531-869b-e005c9481379,8.0,28.0,42.0,Failed,0.5666895344706293
