Folder1,Folder2,AST Edit Distance,DFG Edit Distance,PDG Edit Distance,Passed Or Failed,Similarity Score during Execution
ece8557f-6ac2-4b8d-a9d2-f7f20c741624,f87478f6-2a63-4e6c-aa29-6a365e2b2508,15.0,0.0,0.0,Passed,1.36045503616333
ece8557f-6ac2-4b8d-a9d2-f7f20c741624,ddda3e93-ffd2-41ae-8228-a718768c205a,1.0,0.0,0.0,Passed,1.3601229190826416
ece8557f-6ac2-4b8d-a9d2-f7f20c741624,f598c3d0-b6db-46f8-90e5-2e571624431e,36.0,0.0,0.0,Failed,1.352954626083374
