Folder1,Folder2,AST Edit Distance,DFG Edit Distance,PDG Edit Distance,Passed Or Failed,Similarity Score during Execution
00f1c84f-5a56-40f7-8e6c-96745f951a64,c67fbae1-7bec-4b75-80ce-d118e0369005,0.0,0.0,0.0,Passed,1.295849323272705
00f1c84f-5a56-40f7-8e6c-96745f951a64,4310eaaa-501f-43fc-bdd5-8d1469f5af3e,0.0,0.0,0.0,Passed,1.2350736856460571
00f1c84f-5a56-40f7-8e6c-96745f951a64,eb64d864-c382-4ec1-9b23-8ba698874f50,15.0,38.0,63.0,Failed,1.2153394222259521
