Folder1,Folder2,AST Edit Distance,DFG Edit Distance,PDG Edit Distance,Passed Or Failed,Cosine Similarity
8e4d676c-66b7-428a-8824-55939e2a262d,abbba7cc-fb6d-439c-a010-08ff3b222173,21.0,51.0,63.0,Passed,0.993080198764801
8e4d676c-66b7-428a-8824-55939e2a262d,f8738df0-38fc-4763-8c7c-dc6a71a2511d,1.0,72.0,100.0,Failed,0.993080198764801
