Folder1,Folder2,AST Edit Distance,DFG Edit Distance,PDG Edit Distance,Passed Or Failed,ChrF Score
6a247678-a681-42d5-9dfc-c087b0b01c60,2cbc3d73-70a0-4cfe-8720-91b994a15286,0.0,0.0,0.0,Passed,87.70311504464495
6a247678-a681-42d5-9dfc-c087b0b01c60,2f09393a-77c0-42e5-8cd9-e1d057b7ce41,49.0,0.0,0.0,Failed,87.70311504464495
