Folder1,Folder2,AST Edit Distance,DFG Edit Distance,PDG Edit Distance,Passed Or Failed,Similarity Score during Execution
31e96693-b560-4dbc-975c-d1d8e9771a1c,1a06297f-eff4-4bbe-8db3-673fd4493926,2.0,0.0,0.0,Passed,1.3004648685455322
31e96693-b560-4dbc-975c-d1d8e9771a1c,e6a450f6-db7c-4f42-ac4e-28aeab8e8377,4.0,0.0,0.0,Passed,1.2847990989685059
31e96693-b560-4dbc-975c-d1d8e9771a1c,45d696d6-f234-4494-981e-d38a4d85846b,15.0,0.0,0.0,Passed,1.2407643795013428
31e96693-b560-4dbc-975c-d1d8e9771a1c,82381447-a82d-4925-8f2f-929e78b0d1d2,0.0,0.0,0.0,Passed,1.2229623794555664
31e96693-b560-4dbc-975c-d1d8e9771a1c,68b53f5b-7a38-4b0e-a82c-c399d965f040,28.0,119.0,173.0,Failed,1.2223082780838013
