Folder1,Folder2,AST Edit Distance,DFG Edit Distance,PDG Edit Distance,Passed Or Failed,ChrF Score
93d8eb80-b8fb-4ece-a08c-fab561b9eefc,19a0acf8-9d35-4a34-b247-3973829433ce,19.0,0.0,0.0,Passed,63.57843987737436
93d8eb80-b8fb-4ece-a08c-fab561b9eefc,ba4bccc3-7ca7-48b4-a663-1fba76e3ce8b,0.0,0.0,0.0,Passed,63.57843987737436
93d8eb80-b8fb-4ece-a08c-fab561b9eefc,8b14bd37-e18a-45f6-8fba-41861c7534eb,0.0,0.0,0.0,Passed,63.367959711798825
93d8eb80-b8fb-4ece-a08c-fab561b9eefc,8cc2458f-39f0-4269-af96-612e607e4826,0.0,0.0,0.0,Passed,63.367959711798825
93d8eb80-b8fb-4ece-a08c-fab561b9eefc,aa04d2f1-6afe-429e-a0bb-99f4f0f942b1,37.0,0.0,0.0,Failed,61.47970104461514
