Folder1,Folder2,AST Edit Distance,DFG Edit Distance,PDG Edit Distance,Passed Or Failed,Cosine Similarity
050927c8-ed55-43dc-a43c-cbe23bf0ea64,19373371-22f4-4f8c-96c1-263a95415ba5,3.0,25.0,29.0,Passed,0.9741418957710266
050927c8-ed55-43dc-a43c-cbe23bf0ea64,3df4a14a-075b-428b-8c0f-1c23819d8580,2.0,34.0,41.0,Passed,0.9725782871246338
050927c8-ed55-43dc-a43c-cbe23bf0ea64,24a034a6-ce90-4ee4-92ca-332c10e2cbdb,10.0,86.0,130.0,Failed,0.9704697132110596
