Folder1,Folder2,AST Edit Distance,DFG Edit Distance,PDG Edit Distance,Passed Or Failed,ChrF Score
7db29848-aec2-4117-bf27-c22f4b6a6d8d,7a027884-6ef9-4a02-9485-16ab248d9c7c,7.0,0.0,0.0,Passed,76.07645044213605
7db29848-aec2-4117-bf27-c22f4b6a6d8d,0436e96e-6e62-4d65-b7bb-3c561b8fe25b,21.0,40.0,63.0,Passed,74.98483248712768
7db29848-aec2-4117-bf27-c22f4b6a6d8d,b946f63a-6e49-4e4c-be8d-d469a6bc8122,28.0,42.0,68.0,Passed,71.19305403135112
7db29848-aec2-4117-bf27-c22f4b6a6d8d,e357db9a-16fa-4820-8c5b-007b8bd25082,7.0,63.0,98.0,Failed,67.45335216417904
