Folder1,Folder2,AST Edit Distance,DFG Edit Distance,PDG Edit Distance,Passed Or Failed,BLEU score
8137ed2d-667f-406e-9bca-2915f5c3feec,a887f5b8-9267-4c72-9148-0209d0870e81,0.0,0.0,0.0,Passed,0.5731397520475183
8137ed2d-667f-406e-9bca-2915f5c3feec,b2e78b7d-3042-4468-8b51-070d09df04bf,0.0,52.0,72.0,Failed,0.5731397520475183
