Folder1,Folder2,AST Edit Distance,DFG Edit Distance,PDG Edit Distance,Passed Or Failed,ROUGE-2
16f364a2-fb56-4473-b3f1-4d6b9b95468c,c6be5720-dcb1-45b3-b7e2-72524cf77d8d,0.0,0.0,0.0,Passed,0.8571428571428571
16f364a2-fb56-4473-b3f1-4d6b9b95468c,cd06e3ff-0327-47d2-86a0-f9dab26f4b14,0.0,0.0,0.0,Passed,0.8571428571428571
16f364a2-fb56-4473-b3f1-4d6b9b95468c,83e7353a-e644-4e79-8c3f-cf174c0d09c4,2.0,0.0,0.0,Passed,0.8095238095238095
16f364a2-fb56-4473-b3f1-4d6b9b95468c,84c024e3-4c1c-44bc-a90f-b1ba0487973d,9.0,0.0,0.0,Passed,0.8095238095238095
16f364a2-fb56-4473-b3f1-4d6b9b95468c,0c46fa02-3ee5-4904-9d53-860967789cbb,0.0,0.0,0.0,Passed,0.7906976744186046
16f364a2-fb56-4473-b3f1-4d6b9b95468c,a1764b2d-2e5e-42d5-8014-197c203bf736,46.0,57.0,0.0,Failed,0.7804878048780488
