Folder1,Folder2,AST Edit Distance,DFG Edit Distance,PDG Edit Distance,Passed Or Failed,BLEU score
7c9b2d04-7581-4732-89c4-f266fa72096f,e2e00725-174b-4379-b9f3-03ec5ad69cb6,1.0,0.0,0.0,Passed,0.6407026111799599
7c9b2d04-7581-4732-89c4-f266fa72096f,0af5eceb-98d8-4ee6-aa58-11b70da9e726,27.0,37.0,0.0,Failed,0.6336219375156386
