Folder1,Folder2,AST Edit Distance,DFG Edit Distance,PDG Edit Distance,Passed Or Failed,Meteor Score
26563800-2f28-482b-8dad-705f2c6f3970,6317b28e-bfff-4ee4-8b76-f97812f15653,21.0,0.0,0.0,Passed,0.7490056304561187
26563800-2f28-482b-8dad-705f2c6f3970,b781e364-4141-4128-8f79-0b8de6e2d862,20.0,0.0,0.0,Passed,0.7490056304561187
26563800-2f28-482b-8dad-705f2c6f3970,5f8df048-b7d3-4960-9fe5-8021a8381180,40.0,0.0,0.0,Failed,0.7450668939511339
