Folder1,Folder2,AST Edit Distance,DFG Edit Distance,PDG Edit Distance,Passed Or Failed,Cosine Similarity
b22af883-07e4-4b9d-badd-43e789bab95a,2af2d713-7925-4308-a7f4-d9cee9282916,41.0,0.0,0.0,Passed,0.9973125457763672
b22af883-07e4-4b9d-badd-43e789bab95a,e9f4bbab-9b3a-4894-b744-67d12197aaac,24.0,0.0,0.0,Passed,0.9925041794776917
b22af883-07e4-4b9d-badd-43e789bab95a,99c41935-a688-4923-9e39-645c66be6098,48.0,0.0,0.0,Failed,0.9923304319381714
