Folder1,Folder2,AST Edit Distance,DFG Edit Distance,PDG Edit Distance,Passed Or Failed,BLEU score
6e2cec25-83a9-4714-8d6e-2763c4ea53d2,b0d9a763-22d3-458d-9c6c-61d1971a2dde,19.0,0.0,0.0,Passed,0.6820453229133058
6e2cec25-83a9-4714-8d6e-2763c4ea53d2,fbb46265-db7a-4073-bf87-f6b78879bf4f,18.0,10.0,0.0,Passed,0.6820453229133058
6e2cec25-83a9-4714-8d6e-2763c4ea53d2,88d31a14-0a41-4c82-88ef-114da54b134d,18.0,0.0,0.0,Passed,0.650234002746635
6e2cec25-83a9-4714-8d6e-2763c4ea53d2,8cead64a-2a2a-45d7-bf6d-c1a608ad14bb,0.0,0.0,0.0,Passed,0.650234002746635
6e2cec25-83a9-4714-8d6e-2763c4ea53d2,52105792-ca08-4611-acaa-fa3bc61441f7,18.0,61.0,0.0,Failed,0.6084947128683023
