Folder1,Folder2,AST Edit Distance,DFG Edit Distance,PDG Edit Distance,Semantic Similarity Using Roberta,Passed Or Failed,Similarity Score during Execution,Serial Execution,Cosine Similarity,Euclidean Distance,BLEU score,Maximal Safe Radius,Neighbourhood,Number Of Words,Levenshtein_CharacterLevel,Levenshtein_WordLevel,ROUGE-1,ROUGE-2,ROUGE-L,Meteor Score,ChrF Score
8913c244-aefa-4221-bdaa-00ce9ac4f958,581aad3c-9f62-495c-881a-7bcd24418e16,0.0,0.0,0.0,0.0,Passed,1.2388463020324707,0.0,0.9938699007034302,0.40499284863471985,0.36161426197529906,4.783292055130005,1.0,1.0,24.0,1.0,0.830188679245283,0.7450980392156864,0.830188679245283,0.8233921161825726,70.82701349839746
8913c244-aefa-4221-bdaa-00ce9ac4f958,e34f00d2-3803-42c0-849a-e3ac8245d02a,10.0,12.0,18.0,0.0,Failed,1.2216227054595947,0.0,0.9937140345573425,0.4095419645309448,0.418495644156927,4.665755271911621,1.0,1.0,19.0,1.0,0.830188679245283,0.7843137254901961,0.830188679245283,0.8265560165975103,76.19386867640374
