Folder1,Folder2,AST Edit Distance,DFG Edit Distance,PDG Edit Distance,Passed Or Failed,ChrF Score
f9e6bad7-8154-4a2e-87ea-64354c67d8a8,6336e978-b209-4c33-ab7c-a5cbe66c058d,28.0,34.0,77.0,Passed,70.12780785262717
f9e6bad7-8154-4a2e-87ea-64354c67d8a8,09451d37-acf7-47c7-9f2d-7b2d89d0a5e2,14.0,41.0,66.0,Passed,70.1045389594601
f9e6bad7-8154-4a2e-87ea-64354c67d8a8,11429406-c694-4060-930b-e728ec7a9641,35.0,6.0,7.0,Passed,70.1045389594601
f9e6bad7-8154-4a2e-87ea-64354c67d8a8,393bf00b-ac7e-4718-b13f-174adceaab9c,19.0,0.0,0.0,Passed,70.1045389594601
f9e6bad7-8154-4a2e-87ea-64354c67d8a8,5005956a-a61e-4b08-b98a-f88d847fe31d,28.0,0.0,0.0,Passed,70.1045389594601
f9e6bad7-8154-4a2e-87ea-64354c67d8a8,30ea5a4c-8dcd-4e77-bcfc-1ec9697a97fe,23.0,14.0,21.0,Passed,67.60964911432986
f9e6bad7-8154-4a2e-87ea-64354c67d8a8,19f42023-574c-467c-8db4-7424c7788441,28.0,40.0,84.0,Failed,65.53868531022067
