Folder1,Folder2,AST Edit Distance,DFG Edit Distance,PDG Edit Distance,Passed Or Failed,Euclidean Distance
63bb0726-1c48-47bb-b8e4-ad4308b37f24,b9e859e5-9b80-4d2e-abc8-ce8eb40a2d93,20.0,0.0,0.0,Passed,0.22937487065792084
63bb0726-1c48-47bb-b8e4-ad4308b37f24,fb378d74-20b1-49a5-a0be-48a1cfeb3168,0.0,0.0,0.0,Passed,0.24106721580028534
63bb0726-1c48-47bb-b8e4-ad4308b37f24,81488478-e8a5-4779-abef-190c19c1c80f,23.0,0.0,0.0,Failed,0.26029160618782043
