Folder1,Folder2,AST Edit Distance,DFG Edit Distance,PDG Edit Distance,Passed Or Failed,Euclidean Distance
26aefd2f-4786-4b9e-a487-581f0e938911,1047fdd0-8384-4fee-a830-105e4576e9bb,9.0,0.0,0.0,Passed,0.3425464332103729
26aefd2f-4786-4b9e-a487-581f0e938911,2fe019ab-d056-45a5-ba4b-a8a15bf19485,9.0,28.0,40.0,Passed,0.3425464332103729
26aefd2f-4786-4b9e-a487-581f0e938911,387e7f44-e213-4d2f-b285-0d73e120087d,5.0,0.0,0.0,Passed,0.3549753427505493
26aefd2f-4786-4b9e-a487-581f0e938911,434451e3-c38a-4c10-b7ef-7632fd12ad6b,1.0,0.0,0.0,Passed,0.3549753427505493
26aefd2f-4786-4b9e-a487-581f0e938911,861e8376-3546-4179-a25d-c43eca4c0d6e,9.0,0.0,0.0,Passed,0.36101213097572327
26aefd2f-4786-4b9e-a487-581f0e938911,55ca9055-0da9-4533-af6c-26ca4f4d1420,6.0,33.0,48.0,Passed,0.36101216077804565
26aefd2f-4786-4b9e-a487-581f0e938911,74509659-4d33-43cd-988d-add2d5fbfd01,12.0,30.0,42.0,Passed,0.36101216077804565
26aefd2f-4786-4b9e-a487-581f0e938911,c759f46b-6a24-4791-8573-0f12a7968361,9.0,34.0,49.0,Passed,0.36101216077804565
26aefd2f-4786-4b9e-a487-581f0e938911,50fb6f64-7ffd-463b-ba3c-8861a1f18bb6,22.0,82.0,115.0,Failed,0.3636641502380371
