Folder1,Folder2,AST Edit Distance,DFG Edit Distance,PDG Edit Distance,Passed Or Failed,ROUGE-2
50d0f3dc-bf59-4ab4-a159-6f57c4067774,3af44771-c1c0-4995-9bc7-bf41fd1482dd,0.0,30.0,33.0,Passed,0.7333333333333334
50d0f3dc-bf59-4ab4-a159-6f57c4067774,cecfa178-7822-4050-a39b-a72c5a8109df,38.0,0.0,0.0,Passed,0.7333333333333334
50d0f3dc-bf59-4ab4-a159-6f57c4067774,361c8977-f8a7-46fd-9296-688360246f69,0.0,42.0,57.0,Failed,0.6666666666666667
