Folder1,Folder2,AST Edit Distance,DFG Edit Distance,PDG Edit Distance,Passed Or Failed,BLEU score
9a32337a-d575-49b1-85cb-c630940990f3,16bef26f-aa03-453b-b737-824a6f1ef60f,9.0,0.0,0.0,Passed,0.41157977449333427
9a32337a-d575-49b1-85cb-c630940990f3,11d40f68-8033-41b4-b5f9-15eb6af34dd4,0.0,0.0,0.0,Passed,0.39806687382400563
9a32337a-d575-49b1-85cb-c630940990f3,254adfa2-240d-47c6-b01a-bf1cbfa734c8,87.0,85.0,144.0,Failed,0.39806687382400563
