Folder1,Folder2,AST Edit Distance,DFG Edit Distance,PDG Edit Distance,Passed Or Failed,ChrF Score
96fe6b2a-73e8-4e90-ac42-16421710a1db,4e3e009c-818a-4b15-841a-0b308e4c41af,0.0,0.0,0.0,Passed,60.096134787809575
96fe6b2a-73e8-4e90-ac42-16421710a1db,6ab9f687-8029-409d-adbe-840e378dc84c,0.0,0.0,0.0,Passed,60.096134787809575
96fe6b2a-73e8-4e90-ac42-16421710a1db,945648a7-9ba0-4c68-897b-24f6413408ff,0.0,6.0,10.0,Passed,60.096134787809575
96fe6b2a-73e8-4e90-ac42-16421710a1db,9d894894-a657-465d-b28d-34cb661e90f3,0.0,6.0,10.0,Passed,60.096134787809575
96fe6b2a-73e8-4e90-ac42-16421710a1db,cdc7e969-2558-44c6-b908-9023499a20f1,0.0,6.0,10.0,Passed,60.096134787809575
96fe6b2a-73e8-4e90-ac42-16421710a1db,d63971e9-321a-4382-a187-9b2c89fe14f6,0.0,0.0,0.0,Passed,60.096134787809575
96fe6b2a-73e8-4e90-ac42-16421710a1db,f3adbdf3-9023-46bd-bdfd-4ab5a151b904,0.0,0.0,0.0,Passed,60.096134787809575
96fe6b2a-73e8-4e90-ac42-16421710a1db,f531c0fd-270e-45d9-b59b-a07b659cdbc1,0.0,0.0,0.0,Passed,60.096134787809575
96fe6b2a-73e8-4e90-ac42-16421710a1db,0fa38242-d3b1-4328-ba65-656a42e791f2,0.0,36.0,60.0,Failed,59.91458005278457
