Folder1,Folder2,AST Edit Distance,DFG Edit Distance,PDG Edit Distance,Passed Or Failed,ChrF Score
c49760f5-fb14-4fbf-aad5-22be4eccf131,7cacab68-1739-4bff-9814-54f6ac38290d,7.0,0.0,0.0,Passed,47.674367389330605
c49760f5-fb14-4fbf-aad5-22be4eccf131,a370f212-74c5-4629-9deb-7bd7eaa6a79b,2.0,0.0,0.0,Passed,47.12180405021712
c49760f5-fb14-4fbf-aad5-22be4eccf131,715e938c-e305-4e04-a676-7f9c94eb0588,7.0,0.0,0.0,Passed,46.75354375444287
c49760f5-fb14-4fbf-aad5-22be4eccf131,a0d15b81-e6b1-4ce9-b3d1-0e8e655e2ebc,13.0,0.0,0.0,Failed,45.41513762946931
