Folder1,Folder2,AST Edit Distance,DFG Edit Distance,PDG Edit Distance,Passed Or Failed,ROUGE-2
2799dffd-c924-427c-ae47-a6a10f3c6793,292c9bb2-b5e4-4605-9dfa-58d4aaea9fb2,22.0,0.0,0.0,Passed,0.6382978723404256
2799dffd-c924-427c-ae47-a6a10f3c6793,64a92c24-a470-449f-918d-69a37a6a4a09,22.0,0.0,0.0,Passed,0.6382978723404256
2799dffd-c924-427c-ae47-a6a10f3c6793,969c210c-e533-48f2-be71-a0d98fee7b3e,22.0,0.0,0.0,Passed,0.5957446808510638
2799dffd-c924-427c-ae47-a6a10f3c6793,32525717-1dfe-48bb-a723-8e0db261ae5b,26.0,0.0,0.0,Passed,0.5531914893617021
2799dffd-c924-427c-ae47-a6a10f3c6793,7980b1cf-5170-4814-98de-006f7ca4bb8d,37.0,0.0,0.0,Passed,0.5531914893617021
2799dffd-c924-427c-ae47-a6a10f3c6793,aa4e7c82-69c3-454c-a5c0-5dcb9124a24f,41.0,86.0,135.0,Failed,0.5531914893617021
