Folder1,Folder2,AST Edit Distance,DFG Edit Distance,PDG Edit Distance,Passed Or Failed,ROUGE-L
42a2bc14-4cd0-44eb-a7aa-d1199fa38f64,c4288747-6fd5-4924-ab90-2d33b3d6c316,0.0,0.0,0.0,Passed,0.6464646464646465
42a2bc14-4cd0-44eb-a7aa-d1199fa38f64,e9617ad6-d2b6-4c8c-aed2-cd3369ebd3bf,0.0,0.0,0.0,Passed,0.6464646464646465
42a2bc14-4cd0-44eb-a7aa-d1199fa38f64,0aa85b7b-d841-4623-b74c-86b330b64e44,0.0,0.0,0.0,Passed,0.64
42a2bc14-4cd0-44eb-a7aa-d1199fa38f64,26036dd7-a434-4d60-a8f4-b2b3d2cbc57e,0.0,0.0,0.0,Passed,0.64
42a2bc14-4cd0-44eb-a7aa-d1199fa38f64,44cfef83-6e26-487b-9c73-fd96b9fbe73d,1.0,72.0,0.0,Failed,0.64
