Folder1,Folder2,AST Edit Distance,DFG Edit Distance,PDG Edit Distance,Passed Or Failed,Euclidean Distance
119ccc18-6197-4daa-bede-47f80f0a89bf,ab7921b1-bd23-4555-9d80-4edc40d96415,2.0,0.0,0.0,Passed,0.1881982535123825
119ccc18-6197-4daa-bede-47f80f0a89bf,03a2bd82-8971-4f4c-a8e0-e2be85371e33,0.0,0.0,0.0,Passed,0.24698705971240997
119ccc18-6197-4daa-bede-47f80f0a89bf,ebc3c784-6322-4c73-806f-25eeced0d8ef,2.0,0.0,0.0,Passed,0.24698705971240997
119ccc18-6197-4daa-bede-47f80f0a89bf,beaed36c-f66a-481f-aed6-2b54889fe822,4.0,6.0,9.0,Failed,0.24830596148967743
