Folder1,Folder2,AST Edit Distance,DFG Edit Distance,PDG Edit Distance,Passed Or Failed,ChrF Score
ba58b740-20cf-4e43-81dc-8311690d3888,d74d2382-770f-4345-bf06-230f96eb40a5,0.0,0.0,0.0,Passed,78.51933174818313
ba58b740-20cf-4e43-81dc-8311690d3888,dc4c7e2e-00bf-4a3d-a693-5cc2661b128a,0.0,0.0,0.0,Passed,78.51933174818313
ba58b740-20cf-4e43-81dc-8311690d3888,a42458aa-ed38-450e-ab9f-e02cc40b620b,10.0,27.0,39.0,Failed,77.05946552090272
