Folder1,Folder2,AST Edit Distance,DFG Edit Distance,PDG Edit Distance,Passed Or Failed,Euclidean Distance
22571a54-10da-4069-a694-a4e3b87daf9f,8a2cadc2-c472-4254-9dc2-68e2565a1df6,5.0,0.0,0.0,Passed,0.3102528750896454
22571a54-10da-4069-a694-a4e3b87daf9f,a2c3eebf-8a40-46d6-b603-956b300a7994,5.0,8.0,12.0,Passed,0.3102528750896454
22571a54-10da-4069-a694-a4e3b87daf9f,08b7f8ca-754d-40d5-bed9-9ec4fb1d1148,5.0,0.0,0.0,Passed,0.32247310876846313
22571a54-10da-4069-a694-a4e3b87daf9f,73a5ba4a-dbba-49ed-9ed6-1256e8009dd1,5.0,0.0,0.0,Passed,0.32247310876846313
22571a54-10da-4069-a694-a4e3b87daf9f,ad466f4b-8301-42ad-b2c7-20ef6e5b3cbe,5.0,0.0,0.0,Passed,0.32247310876846313
22571a54-10da-4069-a694-a4e3b87daf9f,d81c53e4-243f-4c48-873b-f6978688eb4a,5.0,0.0,0.0,Passed,0.32247310876846313
22571a54-10da-4069-a694-a4e3b87daf9f,d95f64e0-1b84-4194-a79f-9836f909c7d1,10.0,0.0,0.0,Passed,0.32247310876846313
22571a54-10da-4069-a694-a4e3b87daf9f,da470b85-4ac9-4607-b534-8bd909b5047c,5.0,0.0,0.0,Passed,0.32247310876846313
22571a54-10da-4069-a694-a4e3b87daf9f,a25cdb86-8dd9-4df9-9f99-c274c1ebf497,5.0,38.0,42.0,Failed,0.3239428400993347
