Folder1,Folder2,AST Edit Distance,DFG Edit Distance,PDG Edit Distance,Passed Or Failed,ChrF Score
1f3d293c-ee9b-4a29-982e-045a291c1714,55d8fdbe-76a1-4040-92f4-c456a2475cec,13.0,0.0,0.0,Passed,82.07268619738001
1f3d293c-ee9b-4a29-982e-045a291c1714,56fc9367-668a-4c8f-b043-f81340e1d654,13.0,0.0,0.0,Failed,82.07268619738001
