Folder1,Folder2,AST Edit Distance,DFG Edit Distance,PDG Edit Distance,Passed Or Failed,Similarity Score during Execution
6b8c59ea-afc5-49bc-a470-b7b93328dbb1,c6ebefb5-5677-4a26-a813-3343a5032391,1.0,0.0,0.0,Passed,1.325639247894287
6b8c59ea-afc5-49bc-a470-b7b93328dbb1,adfa99d9-441d-4af2-90f8-bda1db981005,20.0,0.0,0.0,Passed,1.269440770149231
6b8c59ea-afc5-49bc-a470-b7b93328dbb1,907b14ed-d6e6-4642-9e2e-f6425cffd5da,20.0,0.0,0.0,Passed,1.2324844598770142
6b8c59ea-afc5-49bc-a470-b7b93328dbb1,11e75df5-7660-4e7a-9eeb-40be988e21de,21.0,0.0,0.0,Passed,1.22494375705719
6b8c59ea-afc5-49bc-a470-b7b93328dbb1,1a5a3eb3-6ea8-41f0-ae7c-1272197eb60b,28.0,157.0,224.0,Passed,1.2242096662521362
6b8c59ea-afc5-49bc-a470-b7b93328dbb1,bc0000a9-b9ce-426e-aba9-04dd1418675a,28.0,161.0,230.0,Failed,1.2241548299789429
