Folder1,Folder2,AST Edit Distance,DFG Edit Distance,PDG Edit Distance,Passed Or Failed,Meteor Score
79cbb27e-2e94-4e8b-b457-f919e5db0cd6,119e5d38-993b-4653-8f61-657c953ce8f3,43.0,85.0,128.0,Passed,0.7559055680389991
79cbb27e-2e94-4e8b-b457-f919e5db0cd6,180d51a1-64b1-4caa-b4ca-dfcf927b7fd9,44.0,82.0,121.0,Passed,0.7559055680389991
79cbb27e-2e94-4e8b-b457-f919e5db0cd6,1a4ecc97-f930-4ede-a714-c5a27762dc8e,44.0,82.0,121.0,Passed,0.7559055680389991
79cbb27e-2e94-4e8b-b457-f919e5db0cd6,4dee5e77-c395-4799-b131-90ca6a6d1f10,44.0,0.0,0.0,Passed,0.7559055680389991
79cbb27e-2e94-4e8b-b457-f919e5db0cd6,78200b96-4a65-42da-a70e-cefc0d907608,44.0,82.0,121.0,Passed,0.7559055680389991
79cbb27e-2e94-4e8b-b457-f919e5db0cd6,83f5d0e6-1d2e-4c47-b2a4-1a678565703c,40.0,89.0,138.0,Failed,0.7559055680389991
