Folder1,Folder2,AST Edit Distance,DFG Edit Distance,PDG Edit Distance,Passed Or Failed,Similarity Score during Execution
bf677aa2-6a23-4994-a8e2-f9cebb809453,f0911793-7770-42a9-9e0e-0c8787766487,15.0,111.0,182.0,Passed,1.3315292596817017
bf677aa2-6a23-4994-a8e2-f9cebb809453,be5567a5-bb3d-4a3a-969a-9088692fd4b0,125.0,200.0,314.0,Failed,1.3031636476516724
