Folder1,Folder2,AST Edit Distance,DFG Edit Distance,PDG Edit Distance,Passed Or Failed,ROUGE-2
33c8a9f6-bd8e-4ca2-b093-37b5c7c472c4,e3633666-9367-4d1b-b4cd-58ea731e3596,File Not Found,File Not Found,File Not Found,Passed,0.7941176470588235
33c8a9f6-bd8e-4ca2-b093-37b5c7c472c4,3d101157-4b96-4801-ac4d-942c5ceecd35,32.0,0.0,0.0,Passed,0.7878787878787878
33c8a9f6-bd8e-4ca2-b093-37b5c7c472c4,ca664aa4-fcc9-4993-a1fa-df0be09ec80f,25.0,53.0,91.0,Failed,0.7761194029850746
