Folder1,Folder2,AST Edit Distance,DFG Edit Distance,PDG Edit Distance,Passed Or Failed,Similarity Score during Execution
63bb0726-1c48-47bb-b8e4-ad4308b37f24,b9e859e5-9b80-4d2e-abc8-ce8eb40a2d93,20.0,0.0,0.0,Passed,1.2361897230148315
63bb0726-1c48-47bb-b8e4-ad4308b37f24,e28601c4-e9f7-496d-b290-50467836bfa8,15.0,0.0,0.0,Passed,1.1839864253997803
63bb0726-1c48-47bb-b8e4-ad4308b37f24,81488478-e8a5-4779-abef-190c19c1c80f,23.0,0.0,0.0,Failed,1.1834884881973267
