Folder1,Folder2,AST Edit Distance,DFG Edit Distance,PDG Edit Distance,Passed Or Failed,BLEU score
b34132d1-c653-4a27-9341-3bc379a10231,4479baf3-5a8c-4b77-9a06-786e62152100,2.0,0.0,0.0,Passed,0.31066515689907603
b34132d1-c653-4a27-9341-3bc379a10231,b99e7c7a-2da9-43ee-9613-a656f92e8c10,55.0,0.0,0.0,Failed,0.2866129972832647
