Folder1,Folder2,AST Edit Distance,DFG Edit Distance,PDG Edit Distance,Passed Or Failed,BLEU score
261772ec-d399-4d12-9972-7773fcd0643a,c8dc3fd0-c301-45ea-9922-63b4762408ad,40.0,45.0,71.0,Passed,0.30213753973567675
261772ec-d399-4d12-9972-7773fcd0643a,11a3a61a-95d5-4b12-97b2-d12f92af6649,10.0,62.0,109.0,Failed,0.29071536848410967
