Folder1,Folder2,AST Edit Distance,DFG Edit Distance,PDG Edit Distance,Passed Or Failed,Meteor Score
7dd9ddee-e7f0-4ecc-b4ce-40a1873df54e,f861ea96-33ba-4c4e-ab00-d4c270e95391,2.0,0.0,0.0,Passed,0.46956546674568433
7dd9ddee-e7f0-4ecc-b4ce-40a1873df54e,2cdcdf1f-aaaa-46c0-830d-3e19296107da,2.0,0.0,0.0,Passed,0.4419349965469613
7dd9ddee-e7f0-4ecc-b4ce-40a1873df54e,f46fd73b-6f69-4a9b-acdf-42a6205938f0,2.0,0.0,0.0,Failed,0.44155732044198887
