Folder1,Folder2,AST Edit Distance,DFG Edit Distance,PDG Edit Distance,Passed Or Failed,ChrF Score
ba3d6197-964a-4181-ad06-1e4880bed82a,513084c2-00be-42dd-9262-0b8d24725784,1.0,0.0,0.0,Passed,79.67840719841278
ba3d6197-964a-4181-ad06-1e4880bed82a,a1d07139-99cc-4cbc-8d53-87cfeff5b2b0,48.0,0.0,0.0,Passed,79.67840719841278
ba3d6197-964a-4181-ad06-1e4880bed82a,50cfaae0-68f3-4669-9a8f-a16da676a843,36.0,0.0,0.0,Passed,79.18471913024797
ba3d6197-964a-4181-ad06-1e4880bed82a,e5e9018d-cade-4411-add2-858b85872cb0,0.0,0.0,0.0,Passed,79.18471913024797
ba3d6197-964a-4181-ad06-1e4880bed82a,5b38212f-b371-48a1-81dc-2d6454c793bf,39.0,54.0,72.0,Passed,78.560708083756
ba3d6197-964a-4181-ad06-1e4880bed82a,5fdf702f-d212-46d6-8b1d-55caa9b69648,43.0,0.0,0.0,Passed,78.560708083756
ba3d6197-964a-4181-ad06-1e4880bed82a,da75a298-faf6-4391-8590-1378b8dd080d,0.0,0.0,0.0,Passed,75.61977411666176
ba3d6197-964a-4181-ad06-1e4880bed82a,1118b2a9-53e7-4c56-bfa5-c938ea55affb,12.0,45.0,58.0,Passed,74.49509040302358
ba3d6197-964a-4181-ad06-1e4880bed82a,837a1309-3ee0-45c9-9d6b-4a02f6f5b1e6,104.0,82.0,122.0,Failed,74.49509040302358
