Folder1,Folder2,AST Edit Distance,DFG Edit Distance,PDG Edit Distance,Passed Or Failed,ROUGE-L
2bfe82f1-f120-42ee-94a8-e3d93ac7a389,14f93573-2d87-4591-808e-ed2c145c1933,14.0,39.0,60.0,Passed,0.3157894736842105
2bfe82f1-f120-42ee-94a8-e3d93ac7a389,c7123e50-ef96-4fc3-925f-e0be9e234832,12.0,38.0,58.0,Passed,0.3157894736842105
2bfe82f1-f120-42ee-94a8-e3d93ac7a389,894f2f81-75b3-4596-9a63-ad8a6f8cfdb9,0.0,0.0,0.0,Passed,0.2909090909090909
2bfe82f1-f120-42ee-94a8-e3d93ac7a389,2cda325e-0d1b-47a3-b183-af7b72edd75a,14.0,38.0,56.0,Passed,0.2807017543859649
2bfe82f1-f120-42ee-94a8-e3d93ac7a389,7845ef95-83de-478b-a56b-88d2c2b4a835,16.0,32.0,53.0,Passed,0.2807017543859649
2bfe82f1-f120-42ee-94a8-e3d93ac7a389,32f470ba-c76e-405b-b284-5af176cbdd91,12.0,0.0,0.0,Passed,0.2758620689655173
2bfe82f1-f120-42ee-94a8-e3d93ac7a389,635a8e7a-4e38-4ea3-962f-fa26aa0eacc7,14.0,39.0,60.0,Failed,0.24561403508771928
