Folder1,Folder2,AST Edit Distance,DFG Edit Distance,PDG Edit Distance,Passed Or Failed,Cosine Similarity
9a32337a-d575-49b1-85cb-c630940990f3,65f18dc2-e98d-45f5-88e5-ff481cfaef31,5.0,93.0,134.0,Passed,0.9914591312408447
9a32337a-d575-49b1-85cb-c630940990f3,11d40f68-8033-41b4-b5f9-15eb6af34dd4,0.0,0.0,0.0,Passed,0.9896116256713867
9a32337a-d575-49b1-85cb-c630940990f3,34f9b081-1f15-4c99-973e-51248c95f9d0,87.0,85.0,144.0,Failed,0.989372968673706
