Folder1,Folder2,AST Edit Distance,DFG Edit Distance,PDG Edit Distance,Passed Or Failed,Euclidean Distance
33d27211-07de-4a0c-a84a-3d89425eee0d,b2ef2c48-4ec3-4de7-96ea-100d7a982fc9,0.0,0.0,0.0,Passed,0.30199187994003296
33d27211-07de-4a0c-a84a-3d89425eee0d,bf6f8885-806e-4a32-b89f-c6be4d938c97,0.0,0.0,0.0,Passed,0.30199187994003296
33d27211-07de-4a0c-a84a-3d89425eee0d,20d4718f-7eca-4a1d-a9ef-2d7650391150,0.0,0.0,0.0,Passed,0.3019919693470001
33d27211-07de-4a0c-a84a-3d89425eee0d,ad24bcf2-3df3-4f63-8c36-18d5ae2f510f,38.0,36.0,57.0,Failed,0.3019919693470001
