Folder1,Folder2,AST Edit Distance,DFG Edit Distance,PDG Edit Distance,Passed Or Failed,BLEU score
ccf0bab8-4b5d-41a5-a60c-3552ede33ad5,76c89a66-fb46-4b0b-a236-4f1627209f71,0.0,0.0,0.0,Passed,0.15293931890643264
ccf0bab8-4b5d-41a5-a60c-3552ede33ad5,94b5bdf6-c458-489c-80e2-c6a103f4e1b3,0.0,0.0,0.0,Passed,0.13598442089834287
ccf0bab8-4b5d-41a5-a60c-3552ede33ad5,9651bb9b-e2d4-4a54-b483-68cbf11ff28c,0.0,0.0,0.0,Passed,0.11479990094749865
ccf0bab8-4b5d-41a5-a60c-3552ede33ad5,093ce229-ae31-4a02-91d7-fdcde3e466c2,0.0,57.0,79.0,Failed,0.10103674020661256
