Folder1,Folder2,AST Edit Distance,DFG Edit Distance,PDG Edit Distance,Passed Or Failed,Similarity Score during Execution
ac63d312-978f-4e66-9219-e15aefd2465a,db6ae460-36d5-48a8-961c-70724bb735ae,78.0,0.0,0.0,Passed,1.3634135723114014
ac63d312-978f-4e66-9219-e15aefd2465a,5d233abd-4249-4dd3-831d-e555fb6efa07,16.0,7.0,11.0,Passed,1.0165899991989136
ac63d312-978f-4e66-9219-e15aefd2465a,b81c11d9-defb-4b31-8792-ab7e1897793d,31.0,12.0,21.0,Passed,0.9298388957977295
ac63d312-978f-4e66-9219-e15aefd2465a,758e2ab5-98d8-4ae9-89bb-70cb85680a02,35.0,47.0,67.0,Failed,0.8866006135940552
