Folder1,Folder2,AST Edit Distance,DFG Edit Distance,PDG Edit Distance,Passed Or Failed,BLEU score
c49760f5-fb14-4fbf-aad5-22be4eccf131,c4bc0811-98f6-4998-aa3f-7f77e1ad5fe0,4.0,0.0,0.0,Passed,0.27010074174938287
c49760f5-fb14-4fbf-aad5-22be4eccf131,92e109c1-4db4-4912-83bc-4cf5f33fa8d0,10.0,0.0,0.0,Passed,0.26038053012911716
c49760f5-fb14-4fbf-aad5-22be4eccf131,46ebf021-ae39-4130-a85c-9183a22bda2e,11.0,0.0,0.0,Failed,0.24097353617832407
