Folder1,Folder2,AST Edit Distance,DFG Edit Distance,PDG Edit Distance,Passed Or Failed,ChrF Score
1bee6a68-daac-4825-815b-c3bfc6f433e5,81957e40-b59c-4f1a-a69a-55c398eede1a,1.0,0.0,0.0,Passed,88.65454810682407
1bee6a68-daac-4825-815b-c3bfc6f433e5,c1d6af88-ebb8-4456-97be-723f5432fa4a,1.0,0.0,0.0,Passed,87.88564036061749
1bee6a68-daac-4825-815b-c3bfc6f433e5,d57a7744-27be-434f-82eb-be92e60b6bb2,2.0,91.0,0.0,Failed,87.88564036061749
