Folder1,Folder2,AST Edit Distance,DFG Edit Distance,PDG Edit Distance,Passed Or Failed,ROUGE-2
32ea3c3a-1e54-4b1f-b3ba-e031992ce073,2beb3149-6b51-4a54-8da9-bbf7dbdc97b2,22.0,80.0,114.0,Passed,0.4888888888888889
32ea3c3a-1e54-4b1f-b3ba-e031992ce073,b6387d80-dcfb-47d6-9bea-8139114ec54b,22.0,80.0,114.0,Passed,0.4888888888888889
32ea3c3a-1e54-4b1f-b3ba-e031992ce073,cfcd3d01-9403-42c6-8476-fb4d63ff5f56,22.0,181.0,265.0,Failed,0.4888888888888889
