Folder1,Folder2,AST Edit Distance,DFG Edit Distance,PDG Edit Distance,Passed Or Failed,Euclidean Distance
261772ec-d399-4d12-9972-7773fcd0643a,227b4e5a-24ab-48a6-9e33-4bcd9fb1c4ea,10.0,0.0,0.0,Passed,0.09129445254802704
261772ec-d399-4d12-9972-7773fcd0643a,31b36371-21fa-4e34-957c-4b913f3fb5f2,38.0,81.0,167.0,Passed,0.09129445254802704
261772ec-d399-4d12-9972-7773fcd0643a,58d4f9b6-cf7d-4ebe-ab60-0cf265f03dcb,29.0,0.0,0.0,Passed,0.09129445254802704
261772ec-d399-4d12-9972-7773fcd0643a,862e91c5-a460-4534-83e3-8805a2dc98ff,51.0,0.0,0.0,Passed,0.09129445254802704
261772ec-d399-4d12-9972-7773fcd0643a,8b0ce802-bb8a-4f38-9c25-1ab602dd5bf1,77.0,0.0,0.0,Passed,0.09129445254802704
261772ec-d399-4d12-9972-7773fcd0643a,978d6a78-a72e-4de2-a46e-4d35f1ca6b26,35.0,0.0,0.0,Passed,0.09129445254802704
261772ec-d399-4d12-9972-7773fcd0643a,c9729973-e61c-4aa2-a0d4-452415c55d6b,19.0,0.0,0.0,Passed,0.09129445254802704
261772ec-d399-4d12-9972-7773fcd0643a,ca602d32-3f4e-43da-8038-24720e103f30,122.0,115.0,183.0,Failed,0.09129445254802704
