Folder1,Folder2,AST Edit Distance,DFG Edit Distance,PDG Edit Distance,Passed Or Failed,Euclidean Distance
b671cc52-9256-4775-980e-4af1fc7c4a0e,b38525bf-dc00-4782-ae10-bb1ed0c22082,2.0,0.0,0.0,Passed,0.4885103106498718
b671cc52-9256-4775-980e-4af1fc7c4a0e,0a5348d1-4b45-41b8-9d37-d304bae6a16c,2.0,0.0,0.0,Failed,0.5839691758155823
