Folder1,Folder2,AST Edit Distance,DFG Edit Distance,PDG Edit Distance,Passed Or Failed,BLEU score
e93d0eea-7918-4560-9b8c-fa3b34363776,eb7cbb73-b0b7-4f63-828e-f5a7f48cd205,35.0,0.0,0.0,Passed,0.5330640187089943
e93d0eea-7918-4560-9b8c-fa3b34363776,101e1b36-b1e3-412e-94d1-b26c2f6d81d1,35.0,17.0,28.0,Passed,0.48624389134644175
e93d0eea-7918-4560-9b8c-fa3b34363776,d42637a9-6819-4498-8183-061c4e31f700,35.0,0.0,0.0,Passed,0.48624389134644175
e93d0eea-7918-4560-9b8c-fa3b34363776,4ae2e662-bd78-4cdb-abb4-5cd9c8df2e35,43.0,0.0,0.0,Passed,0.4216890913810254
e93d0eea-7918-4560-9b8c-fa3b34363776,53bc5bb9-9e97-4cbe-ad40-508254280a4f,33.0,0.0,0.0,Passed,0.4216890913810254
e93d0eea-7918-4560-9b8c-fa3b34363776,5b204896-0200-4179-8be1-4e5f39eab032,35.0,0.0,0.0,Passed,0.4216890913810254
e93d0eea-7918-4560-9b8c-fa3b34363776,257c78e2-79ea-40ee-b71a-f8321f429db7,27.0,48.0,75.0,Failed,0.4057473284975201
