Folder1,Folder2,AST Edit Distance,DFG Edit Distance,PDG Edit Distance,Passed Or Failed,Similarity Score during Execution
b458c25e-dd92-46a7-871f-3b62308935aa,9d98cd36-492b-4154-8e72-86db62d9ae9c,20.0,8.0,17.0,Passed,1.122870683670044
b458c25e-dd92-46a7-871f-3b62308935aa,95e49123-9da6-4510-b57b-50d689ddbc81,0.0,0.0,0.0,Passed,1.1090257167816162
b458c25e-dd92-46a7-871f-3b62308935aa,697594d5-d96e-480d-8f6a-19fe50cb505a,20.0,0.0,0.0,Passed,1.1020481586456299
b458c25e-dd92-46a7-871f-3b62308935aa,803f078e-7745-4ba4-bcba-0e1e5bcb4ac9,1.0,0.0,0.0,Passed,1.087277889251709
b458c25e-dd92-46a7-871f-3b62308935aa,c1d3f8e0-b68c-499f-aa13-f69d0ee6c45c,33.0,0.0,0.0,Passed,1.0781136751174927
b458c25e-dd92-46a7-871f-3b62308935aa,bf096130-5cf8-4c2a-a649-138f9560afa6,33.0,55.0,119.0,Failed,1.058017373085022
