Folder1,Folder2,AST Edit Distance,DFG Edit Distance,PDG Edit Distance,Passed Or Failed,ROUGE-L
daac3eff-42c5-4050-88e5-1ef987ac35c2,3b6e70c4-b6fc-4cca-8559-bf2beed5c77a,0.0,0.0,0.0,Passed,0.7142857142857143
daac3eff-42c5-4050-88e5-1ef987ac35c2,426f9c17-7f21-4374-9c1a-db5de28779ec,2.0,0.0,0.0,Passed,0.7142857142857143
daac3eff-42c5-4050-88e5-1ef987ac35c2,062150b1-3867-45f4-910d-f363033ea866,8.0,0.0,0.0,Passed,0.6428571428571429
daac3eff-42c5-4050-88e5-1ef987ac35c2,0daee780-6684-4d5e-8801-a1f0f068835f,6.0,43.0,56.0,Failed,0.6428571428571429
