Folder1,Folder2,AST Edit Distance,DFG Edit Distance,PDG Edit Distance,Passed Or Failed,Meteor Score
9a90ccf7-203d-410f-80a9-166ec966fefd,0f36317a-22e9-4c2e-816a-87b9edc3beeb,49.0,0.0,0.0,Passed,0.8051360924683074
9a90ccf7-203d-410f-80a9-166ec966fefd,184b070b-7501-4bbd-95f5-9d7b2daf619b,40.0,0.0,0.0,Passed,0.8051360924683074
9a90ccf7-203d-410f-80a9-166ec966fefd,bf6c0531-2519-4c50-bc56-df7a5c5ac78f,0.0,0.0,0.0,Passed,0.8051360924683074
9a90ccf7-203d-410f-80a9-166ec966fefd,c66ecf05-db83-48c3-833a-a307ccddff29,0.0,0.0,0.0,Passed,0.8051360924683074
9a90ccf7-203d-410f-80a9-166ec966fefd,27323e22-a752-4e2e-aecc-dcb6532ce30e,34.0,0.0,0.0,Passed,0.7379777025902711
9a90ccf7-203d-410f-80a9-166ec966fefd,46fe8a3c-bafc-4a2c-a4c8-48062422c4a1,21.0,0.0,0.0,Passed,0.7379777025902711
9a90ccf7-203d-410f-80a9-166ec966fefd,a6ee8714-4ac1-418f-9f29-e55b4a984f7d,34.0,43.0,65.0,Passed,0.7379777025902711
9a90ccf7-203d-410f-80a9-166ec966fefd,d8414893-05c1-49b7-b0df-d17a9f661dc5,51.0,66.0,97.0,Failed,0.7379777025902711
