Folder1,Folder2,AST Edit Distance,DFG Edit Distance,PDG Edit Distance,Passed Or Failed,Cosine Similarity
b1226e88-8cff-46e2-ae3b-728f8445b0a7,af795c37-ef0f-4c3c-8eb5-6a0dab4c8c45,0.0,86.0,124.0,Passed,0.9969607591629028
b1226e88-8cff-46e2-ae3b-728f8445b0a7,59e33ed9-b049-4bac-87b3-fb64b85bd4ff,4.0,50.0,70.0,Passed,0.9962220788002014
b1226e88-8cff-46e2-ae3b-728f8445b0a7,508babc0-bfa8-4d96-b832-d2450506946b,13.0,79.0,117.0,Passed,0.9962068200111389
b1226e88-8cff-46e2-ae3b-728f8445b0a7,3d247eb9-cc72-42a2-a81f-64564c5e5ff2,29.0,69.0,89.0,Passed,0.9961984753608704
b1226e88-8cff-46e2-ae3b-728f8445b0a7,6d5cd633-2aec-4fb9-8318-5c6bbdb21d1d,29.0,70.0,110.0,Passed,0.9961984753608704
b1226e88-8cff-46e2-ae3b-728f8445b0a7,37ea0f6a-7e7a-41d8-b690-5efd1e378917,4.0,94.0,141.0,Passed,0.9961169362068176
b1226e88-8cff-46e2-ae3b-728f8445b0a7,0a110fce-ad94-4d6f-b876-0123b3178bed,4.0,129.0,194.0,Failed,0.9959640502929688
