Folder1,Folder2,AST Edit Distance,DFG Edit Distance,PDG Edit Distance,Passed Or Failed,ROUGE-2
2305bdfd-b4dd-489f-b5eb-5a9a8e61fe14,cc458f5c-fb08-4279-bc61-d4d21490729d,0.0,0.0,0.0,Passed,0.851851851851852
2305bdfd-b4dd-489f-b5eb-5a9a8e61fe14,0f5c82e3-44a8-404b-a2a1-c92c5230db37,0.0,0.0,0.0,Passed,0.8148148148148148
2305bdfd-b4dd-489f-b5eb-5a9a8e61fe14,19a935a4-7abf-4d8b-b10d-2241de398135,1.0,0.0,0.0,Failed,0.7777777777777777
