Folder1,Folder2,AST Edit Distance,DFG Edit Distance,PDG Edit Distance,Passed Or Failed,Euclidean Distance
ee87bd4c-4ec4-4cb1-af60-d746f0fe381d,3da84f02-c0ac-4482-92bb-a4999481db9d,0.0,0.0,0.0,Passed,0.1892600953578949
ee87bd4c-4ec4-4cb1-af60-d746f0fe381d,aeb4753a-e018-4ff7-9c82-2aeaedb9b33b,0.0,0.0,0.0,Passed,0.1892600953578949
ee87bd4c-4ec4-4cb1-af60-d746f0fe381d,1b8c5282-a78b-4bd0-85d9-43dc1bdf9bf6,29.0,0.0,0.0,Failed,0.19492550194263458
