Folder1,Folder2,AST Edit Distance,DFG Edit Distance,PDG Edit Distance,Passed Or Failed,ROUGE-2
5c40abca-66e6-4a94-9ea0-ef29b10ebcce,03e9b049-28d4-4893-ae3c-0ec3565f69c3,0.0,0.0,0.0,Passed,0.8684210526315789
5c40abca-66e6-4a94-9ea0-ef29b10ebcce,112cf409-e171-4b3e-b54e-30210004cf1b,0.0,0.0,0.0,Passed,0.8684210526315789
5c40abca-66e6-4a94-9ea0-ef29b10ebcce,192fc48c-4599-4199-89c9-cc11c7049d51,0.0,0.0,0.0,Passed,0.8684210526315789
5c40abca-66e6-4a94-9ea0-ef29b10ebcce,2d3aa801-b1ab-4fe5-9135-1ab47f7f9a73,3.0,22.0,32.0,Passed,0.8684210526315789
5c40abca-66e6-4a94-9ea0-ef29b10ebcce,3b701aed-72b0-4813-aa83-39ace31fa505,0.0,0.0,0.0,Passed,0.8684210526315789
5c40abca-66e6-4a94-9ea0-ef29b10ebcce,4f3e1a97-132d-4602-91d4-27860b85fd68,0.0,0.0,0.0,Passed,0.8684210526315789
5c40abca-66e6-4a94-9ea0-ef29b10ebcce,5c95876b-cec1-483c-83b0-62e302da9cec,13.0,22.0,32.0,Failed,0.8684210526315789
