Folder1,Folder2,AST Edit Distance,DFG Edit Distance,PDG Edit Distance,Passed Or Failed,Meteor Score
c49760f5-fb14-4fbf-aad5-22be4eccf131,252ccbcc-fe76-42e1-a818-93a58f3e526c,13.0,0.0,0.0,Passed,0.3860207100591716
c49760f5-fb14-4fbf-aad5-22be4eccf131,a14d9c7b-3287-41cb-b2b9-da32e77fbe26,13.0,0.0,0.0,Passed,0.3860207100591716
c49760f5-fb14-4fbf-aad5-22be4eccf131,a4b5f43b-493a-4f83-b82d-9703ff761e5d,13.0,0.0,0.0,Passed,0.3860207100591716
c49760f5-fb14-4fbf-aad5-22be4eccf131,0c06e1e2-1e95-4d11-9b9a-bf4108767979,19.0,0.0,0.0,Failed,0.38185404339250495
