Folder1,Folder2,AST Edit Distance,DFG Edit Distance,PDG Edit Distance,Passed Or Failed,ROUGE-2
7ecf47f4-05ce-4f40-866a-e04e678326bc,89ab4914-9a40-4537-bdcc-2439ac0c2ecd,2.0,0.0,0.0,Passed,0.7857142857142857
7ecf47f4-05ce-4f40-866a-e04e678326bc,fd91b97e-51a7-4967-8fcb-f1470a95bbaa,2.0,0.0,0.0,Passed,0.7857142857142857
7ecf47f4-05ce-4f40-866a-e04e678326bc,02f6ddc9-f58e-42c9-b1d0-44e050726075,35.0,64.0,83.0,Failed,0.7142857142857143
