Folder1,Folder2,AST Edit Distance,DFG Edit Distance,PDG Edit Distance,Semantic Similarity Using Roberta,Passed Or Failed,Similarity Score during Execution,Serial Execution,Cosine Similarity,Euclidean Distance,BLEU score,Maximal Safe Radius,Neighbourhood,Number Of Words,Levenshtein_CharacterLevel,Levenshtein_WordLevel,ROUGE-1,ROUGE-2,ROUGE-L,Meteor Score,ChrF Score
7c9b2d04-7581-4732-89c4-f266fa72096f,0af5eceb-98d8-4ee6-aa58-11b70da9e726,27.0,37.0,0.0,0.0,Failed,1.1181167364120483,0.0,0.9982598423957825,0.2405901700258255,0.6336219375156386,3.0106040239334106,1.0,1.0,19.0,1.0,0.8695652173913043,0.8059701492537314,0.8695652173913043,0.8717377137770996,85.61703104611559
7c9b2d04-7581-4732-89c4-f266fa72096f,0c1c5962-1b03-48c8-b77c-abc668551c4e,1.0,0.0,0.0,0.0,Passed,1.2322304248809814,0.0,0.9982219934463501,0.2369748055934906,0.6336219375156386,3.472558617591858,1.0,1.0,17.0,1.0,0.8695652173913043,0.8059701492537314,0.8695652173913043,0.8717377137770996,84.60887827485581
7c9b2d04-7581-4732-89c4-f266fa72096f,b8f02c70-9c7c-4618-b545-a5e340564d71,1.0,0.0,0.0,0.0,Passed,1.1670042276382446,0.0,0.9982219934463501,0.2369748055934906,0.6336219375156386,3.472558617591858,1.0,1.0,17.0,1.0,0.8695652173913043,0.8059701492537314,0.8695652173913043,0.8717377137770996,84.60887827485581
7c9b2d04-7581-4732-89c4-f266fa72096f,bab7df83-aff0-46c4-baeb-a93ce8d04ae3,1.0,0.0,0.0,0.0,Passed,1.1602578163146973,0.0,0.9982598423957825,0.2405901700258255,0.6336219375156386,3.0106040239334106,1.0,1.0,19.0,1.0,0.8695652173913043,0.8059701492537314,0.8695652173913043,0.8717377137770996,85.61703104611559
7c9b2d04-7581-4732-89c4-f266fa72096f,e2e00725-174b-4379-b9f3-03ec5ad69cb6,1.0,0.0,0.0,0.0,Passed,1.1349238157272339,0.0,0.9978450536727905,0.2622636556625366,0.6407026111799599,3.639155149459839,1.0,1.0,20.0,1.0,0.8695652173913043,0.8059701492537314,0.8695652173913043,0.8717377137770996,82.8809297029717
