Folder1,Folder2,AST Edit Distance,DFG Edit Distance,PDG Edit Distance,Passed Or Failed,ROUGE-L
15636699-3fd1-4765-8b57-a5966cd03c35,22ae127c-6a16-4f76-ab4d-32cca6677788,20.0,0.0,0.0,Passed,0.7200000000000001
15636699-3fd1-4765-8b57-a5966cd03c35,3bea7bcc-102f-490e-adb8-7bf0e299a694,28.0,0.0,0.0,Failed,0.7200000000000001
