Folder1,Folder2,AST Edit Distance,DFG Edit Distance,PDG Edit Distance,Passed Or Failed,Cosine Similarity
a06a5d50-a583-447a-8fdd-110a1ac538af,1f5b4d02-7099-4abd-adc9-6552bda81776,13.0,8.0,14.0,Passed,0.876944899559021
a06a5d50-a583-447a-8fdd-110a1ac538af,e9f825d6-5e44-4da5-b851-2ad3a532a1b8,13.0,0.0,0.0,Passed,0.8762729167938232
a06a5d50-a583-447a-8fdd-110a1ac538af,da33d263-b9c3-4eeb-9c5d-2fd06fb7184b,33.0,0.0,0.0,Passed,0.874509871006012
a06a5d50-a583-447a-8fdd-110a1ac538af,7959576e-18ea-4cf9-bf14-a966422c1946,13.0,0.0,0.0,Passed,0.8744261860847473
a06a5d50-a583-447a-8fdd-110a1ac538af,8a0a192e-219f-4a57-b0a3-987dcc55a76c,33.0,0.0,0.0,Passed,0.8738268613815308
a06a5d50-a583-447a-8fdd-110a1ac538af,471677b5-cc86-46f7-af71-f282af45a4eb,13.0,0.0,0.0,Passed,0.8736505508422852
a06a5d50-a583-447a-8fdd-110a1ac538af,c11367ea-012d-4f44-a434-fc0710ecee04,20.0,0.0,0.0,Passed,0.8735233545303345
a06a5d50-a583-447a-8fdd-110a1ac538af,7be6e884-d832-4c21-baf4-7eec5df944e7,8.0,29.0,40.0,Failed,0.8732799887657166
