Folder1,Folder2,AST Edit Distance,DFG Edit Distance,PDG Edit Distance,Passed Or Failed,ROUGE-L
59584de2-13da-4e09-b6cc-775ab55a024c,b4ec5984-5a25-4e8a-9b4f-1a23216584d2,16.0,0.0,0.0,Passed,0.7586206896551724
59584de2-13da-4e09-b6cc-775ab55a024c,c2bb8281-931c-4c30-bb07-79d06113e02b,5.0,77.0,136.0,Failed,0.7586206896551724
