Folder1,Folder2,AST Edit Distance,DFG Edit Distance,PDG Edit Distance,Passed Or Failed,Cosine Similarity
c49760f5-fb14-4fbf-aad5-22be4eccf131,cbe0c277-2f4e-4747-af3c-a8f785549cb4,8.0,0.0,0.0,Passed,0.9897037148475647
c49760f5-fb14-4fbf-aad5-22be4eccf131,041ad9b8-96f2-4daf-a5d7-bebc87d2d305,6.0,0.0,0.0,Passed,0.9885863065719604
c49760f5-fb14-4fbf-aad5-22be4eccf131,76151445-73eb-46a5-8066-ca67005abe01,5.0,0.0,0.0,Passed,0.9885863065719604
c49760f5-fb14-4fbf-aad5-22be4eccf131,49a17397-2bc4-475e-b695-64e0bbaa18ae,5.0,0.0,0.0,Passed,0.9872206449508667
c49760f5-fb14-4fbf-aad5-22be4eccf131,ac7b3aae-9900-4dd3-a947-f711cd155cfd,8.0,0.0,0.0,Passed,0.986632764339447
c49760f5-fb14-4fbf-aad5-22be4eccf131,08c03766-1503-472f-8a12-346c5c70ee99,5.0,0.0,0.0,Passed,0.9864311218261719
c49760f5-fb14-4fbf-aad5-22be4eccf131,a9be8032-1041-430c-9ddf-8ce79269f514,5.0,0.0,0.0,Passed,0.9864206314086914
c49760f5-fb14-4fbf-aad5-22be4eccf131,4415dd26-be7f-470f-8dc8-453704922fb2,8.0,0.0,0.0,Passed,0.9863376617431641
c49760f5-fb14-4fbf-aad5-22be4eccf131,cb8dbc51-c053-4ab9-9adc-8c4ab073f38c,17.0,0.0,0.0,Failed,0.9862400889396667
