Folder1,Folder2,AST Edit Distance,DFG Edit Distance,PDG Edit Distance,Passed Or Failed,ROUGE-L
e5627bb5-4db6-4121-970f-42d4e8c88c36,72fb2ba5-da56-43f1-8912-bdbb1749442f,1.0,0.0,0.0,Passed,0.851851851851852
e5627bb5-4db6-4121-970f-42d4e8c88c36,8f9d158f-61bd-43e3-b212-9bac0a0d02d3,26.0,0.0,0.0,Failed,0.851851851851852
