Folder1,Folder2,AST Edit Distance,DFG Edit Distance,PDG Edit Distance,Passed Or Failed,Similarity Score during Execution
489a5f29-8ef2-4218-8989-735f79e1ae48,e71cc5cd-384b-4bc8-adc0-b8fcc3cc2bfa,11.0,138.0,188.0,Passed,1.1414966583251953
489a5f29-8ef2-4218-8989-735f79e1ae48,439081f4-a681-49db-85c7-7288088e7ae6,41.0,139.0,198.0,Failed,1.1321308612823486
