Folder1,Folder2,AST Edit Distance,DFG Edit Distance,PDG Edit Distance,Passed Or Failed,BLEU score
f8229e48-1dd4-4a41-9464-30d24da56c0d,3b8f4a69-2438-401f-9c82-316a0277a7cc,59.0,39.0,61.0,Passed,0.5679161104357995
f8229e48-1dd4-4a41-9464-30d24da56c0d,1d8a237a-edec-42c8-9494-d30f1d01a2f9,45.0,58.0,83.0,Passed,0.4988349435401652
f8229e48-1dd4-4a41-9464-30d24da56c0d,53460731-39ca-4afc-8ec9-bd5bb628c0f7,58.0,77.0,114.0,Failed,0.46096034934979274
