Folder1,Folder2,AST Edit Distance,DFG Edit Distance,PDG Edit Distance,Passed Or Failed,Meteor Score
5745e8ad-3f8d-4d3f-ac34-b50952d48427,6980401c-7091-4fe6-8b78-a5ff41eb5d67,29.0,0.0,0.0,Passed,0.1505481917853052
5745e8ad-3f8d-4d3f-ac34-b50952d48427,6d6b30ea-f084-43dc-810f-09d3200381a8,10.0,0.0,0.0,Passed,0.1505481917853052
5745e8ad-3f8d-4d3f-ac34-b50952d48427,c85bf974-38d7-4a91-bb27-6a8ffc9dcb9b,10.0,0.0,0.0,Passed,0.1505481917853052
5745e8ad-3f8d-4d3f-ac34-b50952d48427,ec5e2f80-0459-4636-9a3c-52e6411b362c,20.0,0.0,0.0,Passed,0.1505481917853052
5745e8ad-3f8d-4d3f-ac34-b50952d48427,09948e62-7af1-4bf0-90fa-edd24e110cf1,10.0,0.0,0.0,Passed,0.14112878686449448
5745e8ad-3f8d-4d3f-ac34-b50952d48427,1f34e0b1-9d57-4b79-aceb-ae822b2f4d40,0.0,0.0,0.0,Passed,0.14112878686449448
5745e8ad-3f8d-4d3f-ac34-b50952d48427,2e4ad079-1a40-4f01-adf6-b4468995c7da,33.0,0.0,0.0,Failed,0.14112878686449448
