Folder1,Folder2,AST Edit Distance,DFG Edit Distance,PDG Edit Distance,Passed Or Failed,ChrF Score
889fe3e1-a5a2-415c-aa3b-b82d49f5d3f3,e3dae864-0ccc-4f5d-a5d6-fa48c805ffd0,10.0,73.0,89.0,Passed,50.856288397396185
889fe3e1-a5a2-415c-aa3b-b82d49f5d3f3,f31e872b-5973-417d-ba24-aad34aede562,9.0,87.0,115.0,Passed,49.92441424945754
889fe3e1-a5a2-415c-aa3b-b82d49f5d3f3,4db91eea-8c5c-4276-8552-c21cc55ec17f,11.0,69.0,85.0,Passed,49.00620021392547
889fe3e1-a5a2-415c-aa3b-b82d49f5d3f3,06819c07-1c24-47a8-8b66-a69275b1f448,13.0,89.0,111.0,Passed,48.69076215928063
889fe3e1-a5a2-415c-aa3b-b82d49f5d3f3,3b09c6cd-b2b4-41ab-82b2-bf21efcca951,9.0,43.0,51.0,Passed,46.982050421831566
889fe3e1-a5a2-415c-aa3b-b82d49f5d3f3,3a48b820-cd54-4c42-b192-4bf2f08a663a,11.0,45.0,49.0,Passed,45.33824672111825
889fe3e1-a5a2-415c-aa3b-b82d49f5d3f3,3c1fd3ca-ecf2-4d2e-9c70-1a5bb8dfd000,9.0,95.0,121.0,Failed,45.33824672111825
