Folder1,Folder2,AST Edit Distance,DFG Edit Distance,PDG Edit Distance,Passed Or Failed,ChrF Score
8137ed2d-667f-406e-9bca-2915f5c3feec,14a5a51f-7e29-4101-9bbe-e273390efcb4,0.0,0.0,0.0,Passed,84.05193005399613
8137ed2d-667f-406e-9bca-2915f5c3feec,5d988bd0-eb87-4401-8bb4-4ac7c7fbeb24,0.0,0.0,0.0,Passed,84.05193005399613
8137ed2d-667f-406e-9bca-2915f5c3feec,a887f5b8-9267-4c72-9148-0209d0870e81,0.0,52.0,72.0,Failed,83.40994545508322
