Folder1,Folder2,AST Edit Distance,DFG Edit Distance,PDG Edit Distance,Passed Or Failed,Cosine Similarity
7ef54ba1-9418-453b-a1e4-ebc71169c2cd,9d9d181d-fa58-4f08-ba47-a3024c3a41c1,17.0,0.0,0.0,Passed,0.9954903721809387
7ef54ba1-9418-453b-a1e4-ebc71169c2cd,44020cc7-4ab7-4fb9-911a-bd64e024ac75,15.0,0.0,0.0,Passed,0.9950249791145325
7ef54ba1-9418-453b-a1e4-ebc71169c2cd,1be7381c-15dc-495a-a9a0-3a3121df0704,28.0,12.0,19.0,Passed,0.9930222630500793
7ef54ba1-9418-453b-a1e4-ebc71169c2cd,7b5e2df9-db3f-456f-ad25-fe5b4234f627,44.0,0.0,0.0,Passed,0.988545835018158
7ef54ba1-9418-453b-a1e4-ebc71169c2cd,bb6724bf-9c5b-4477-b174-3c61f4132020,54.0,0.0,0.0,Passed,0.9847527146339417
7ef54ba1-9418-453b-a1e4-ebc71169c2cd,ce80f2bf-27f7-4c00-8366-7008b00f1221,15.0,17.0,27.0,Failed,0.9830175042152405
