Folder1,Folder2,AST Edit Distance,DFG Edit Distance,PDG Edit Distance,Passed Or Failed,Similarity Score during Execution
abd39387-5f81-4566-aa2e-b2931c431c6e,235f3626-3e6d-45d9-8889-6eda2adb5842,20.0,26.0,40.0,Passed,1.240312933921814
abd39387-5f81-4566-aa2e-b2931c431c6e,cf1432bf-46d9-404b-b423-40952c3bb438,32.0,34.0,52.0,Passed,1.2323236465454102
abd39387-5f81-4566-aa2e-b2931c431c6e,f9ab83bc-e930-42b6-a2ab-bc8b7cb36c85,46.0,44.0,68.0,Passed,1.2292580604553223
abd39387-5f81-4566-aa2e-b2931c431c6e,73ee7033-5f76-4c88-924a-3fbaca668ed0,20.0,26.0,40.0,Passed,1.2177464962005615
abd39387-5f81-4566-aa2e-b2931c431c6e,9eacd137-e4a0-47cb-8eb2-2a6c0a7c0a06,20.0,46.0,72.0,Passed,1.2104980945587158
abd39387-5f81-4566-aa2e-b2931c431c6e,a3e35e0e-918d-4368-9561-b6cc548a5c6c,47.0,47.0,77.0,Failed,1.201045036315918
