Folder1,Folder2,AST Edit Distance,DFG Edit Distance,PDG Edit Distance,Passed Or Failed,Meteor Score
2799dffd-c924-427c-ae47-a6a10f3c6793,292c9bb2-b5e4-4605-9dfa-58d4aaea9fb2,22.0,0.0,0.0,Passed,0.5533333333333333
2799dffd-c924-427c-ae47-a6a10f3c6793,64a92c24-a470-449f-918d-69a37a6a4a09,22.0,0.0,0.0,Passed,0.5533333333333333
2799dffd-c924-427c-ae47-a6a10f3c6793,32525717-1dfe-48bb-a723-8e0db261ae5b,41.0,86.0,135.0,Failed,0.5452674897119342
