Folder1,Folder2,AST Edit Distance,DFG Edit Distance,PDG Edit Distance,Passed Or Failed,Similarity Score during Execution
96fe6b2a-73e8-4e90-ac42-16421710a1db,07a86173-69a8-4118-bea9-19d22ca1cd16,1.0,66.0,110.0,Passed,0.9202415943145752
96fe6b2a-73e8-4e90-ac42-16421710a1db,a847cb3b-2d7d-49b8-aa96-8ec2dfb1b0d0,0.0,0.0,0.0,Passed,0.9171503186225891
96fe6b2a-73e8-4e90-ac42-16421710a1db,1bb1623a-03fa-4ddf-8e45-9d3a9954888b,1.0,99.0,155.0,Failed,0.9046882390975952
