Folder1,Folder2,AST Edit Distance,DFG Edit Distance,PDG Edit Distance,Passed Or Failed,ChrF Score
c49760f5-fb14-4fbf-aad5-22be4eccf131,5f881423-7d38-4fd6-be6a-e0d01e6588b2,19.0,0.0,0.0,Passed,47.674367389330605
c49760f5-fb14-4fbf-aad5-22be4eccf131,1c3fa619-4883-4584-9606-6c1c69374a74,17.0,0.0,0.0,Passed,46.75354375444287
c49760f5-fb14-4fbf-aad5-22be4eccf131,b7cb108e-e98b-4ade-88a6-23315470d1a4,13.0,0.0,0.0,Passed,46.257291746800085
c49760f5-fb14-4fbf-aad5-22be4eccf131,28ad070e-4a98-4f55-a264-4970aff53084,12.0,0.0,0.0,Passed,45.87666933190228
c49760f5-fb14-4fbf-aad5-22be4eccf131,9fac3622-a914-4d21-a9f7-194dcc608381,1.0,63.0,0.0,Failed,45.53255098324585
