Folder1,Folder2,AST Edit Distance,DFG Edit Distance,PDG Edit Distance,Passed Or Failed,Euclidean Distance
e519a940-7e34-480c-9001-5d4760bf1656,8940b0ce-13a6-4b0f-82a3-196d05d0977a,1.0,0.0,0.0,Passed,0.4360358715057373
e519a940-7e34-480c-9001-5d4760bf1656,94d2abd3-efbf-48eb-b890-d058a54b4dc3,1.0,9.0,14.0,Passed,0.4360358715057373
e519a940-7e34-480c-9001-5d4760bf1656,23507812-84c5-4c47-afa8-de7e0baaa53a,1.0,9.0,14.0,Passed,0.44450053572654724
e519a940-7e34-480c-9001-5d4760bf1656,e5a4be16-de37-47c8-b80c-61e535213d0e,0.0,10.0,11.0,Passed,0.5154549479484558
e519a940-7e34-480c-9001-5d4760bf1656,965ae7c0-882a-41c4-a800-a142ca47e81f,1.0,0.0,0.0,Passed,0.5196762084960938
e519a940-7e34-480c-9001-5d4760bf1656,bff31933-355a-4002-8ae7-07e84e733360,1.0,9.0,14.0,Passed,0.5196762084960938
e519a940-7e34-480c-9001-5d4760bf1656,eac4c916-c498-4ff0-9d4b-aa1d2c683344,1.0,9.0,14.0,Failed,0.5807642340660095
