Folder1,Folder2,AST Edit Distance,DFG Edit Distance,PDG Edit Distance,Passed Or Failed,Cosine Similarity
5d2b1412-68f5-4e39-bfed-344baf765856,13f393f9-ce13-4fbc-ae61-be1296ea2db9,15.0,0.0,0.0,Passed,0.9983406662940979
5d2b1412-68f5-4e39-bfed-344baf765856,171b3186-585a-432f-860c-04214a4b750e,49.0,0.0,0.0,Failed,0.9391326904296875
