Folder1,Folder2,AST Edit Distance,DFG Edit Distance,PDG Edit Distance,Passed Or Failed,ROUGE-2
c49760f5-fb14-4fbf-aad5-22be4eccf131,91cb5731-1cd5-4471-9aad-3dc7a8ee2d2b,37.0,0.0,0.0,Passed,0.5000000000000001
c49760f5-fb14-4fbf-aad5-22be4eccf131,b7528633-66ee-4632-819f-f104ca3db6d0,38.0,0.0,0.0,Passed,0.4736842105263158
c49760f5-fb14-4fbf-aad5-22be4eccf131,7b9ae1eb-f936-4d72-9601-b5d3a04973db,40.0,0.0,0.0,Failed,0.4473684210526316
