Folder1,Folder2,AST Edit Distance,DFG Edit Distance,PDG Edit Distance,Passed Or Failed,ChrF Score
889fe3e1-a5a2-415c-aa3b-b82d49f5d3f3,304ecc74-2c85-468b-b6a6-cf7601763bfe,0.0,0.0,0.0,Passed,49.76715751748736
889fe3e1-a5a2-415c-aa3b-b82d49f5d3f3,1279da53-5b8f-467f-80a7-0f632f562218,0.0,0.0,0.0,Passed,49.3897862214668
889fe3e1-a5a2-415c-aa3b-b82d49f5d3f3,32ed8306-0c95-4f83-bb63-420c4c8c5289,0.0,42.0,65.0,Passed,49.047017022231735
889fe3e1-a5a2-415c-aa3b-b82d49f5d3f3,fbf94318-0e73-4acf-a731-d72b4046ec80,0.0,0.0,0.0,Passed,48.20858382180669
889fe3e1-a5a2-415c-aa3b-b82d49f5d3f3,57782ea6-f2d8-4641-a952-53e0be1d2321,0.0,0.0,0.0,Passed,48.03954259402899
889fe3e1-a5a2-415c-aa3b-b82d49f5d3f3,cc6c7add-7002-4f8c-b5f9-a874c1523545,0.0,0.0,0.0,Passed,48.01906531795559
889fe3e1-a5a2-415c-aa3b-b82d49f5d3f3,a4e59785-2980-48f2-aa03-cc27d8d51007,1.0,56.0,66.0,Passed,47.286614874148555
889fe3e1-a5a2-415c-aa3b-b82d49f5d3f3,2401b48d-559e-4765-ba43-6be618a33ff6,0.0,118.0,144.0,Failed,47.254984385926
