Folder1,Folder2,AST Edit Distance,DFG Edit Distance,PDG Edit Distance,Passed Or Failed,ROUGE-L
6100ab0e-73ed-40ae-b6a2-3791afbd992a,30d43cdb-b792-435c-982b-cfa3bce8e927,0.0,0.0,0.0,Passed,0.6666666666666667
6100ab0e-73ed-40ae-b6a2-3791afbd992a,c9612616-48c3-4dcd-9f6b-5884a0184e40,14.0,0.0,0.0,Failed,0.6666666666666667
