Folder1,Folder2,AST Edit Distance,DFG Edit Distance,PDG Edit Distance,Passed Or Failed,Similarity Score during Execution
0b280966-c53f-4711-81b5-977371fc3606,f9f609c4-188a-4166-af59-4f23650803cb,49.0,0.0,0.0,Passed,1.4933898448944092
0b280966-c53f-4711-81b5-977371fc3606,cc084ee8-5610-47ab-a0b6-1d30c93ad618,73.0,0.0,0.0,Failed,1.4633913040161133
