Folder1,Folder2,AST Edit Distance,DFG Edit Distance,PDG Edit Distance,Passed Or Failed,Meteor Score
83ee8398-0803-4862-80d4-36dc8b8bff28,393af5c2-06bf-4511-9690-2cfb73609fb6,25.0,0.0,0.0,Passed,0.7992187500000002
83ee8398-0803-4862-80d4-36dc8b8bff28,49b326c5-aeb0-4f37-8c24-61fec4f6b024,13.0,0.0,0.0,Passed,0.7992187500000002
83ee8398-0803-4862-80d4-36dc8b8bff28,59445764-7b7f-4a2e-9526-934acfdc2693,19.0,0.0,0.0,Passed,0.7992187500000002
83ee8398-0803-4862-80d4-36dc8b8bff28,b4c4fac8-5ba7-45a2-8153-3e8e468fa2e7,41.0,142.0,197.0,Failed,0.7992187500000002
