Folder1,Folder2,AST Edit Distance,DFG Edit Distance,PDG Edit Distance,Passed Or Failed,Similarity Score during Execution
f0355333-5cc0-4414-a16c-cb06b0a5041d,6b6b9dca-c98e-45d5-b95b-4b814c117e3e,44.0,24.0,38.0,Passed,1.420952320098877
f0355333-5cc0-4414-a16c-cb06b0a5041d,f63d49d4-0e88-43fc-a6d8-4a4d04184f11,50.0,74.0,107.0,Passed,1.3075453042984009
f0355333-5cc0-4414-a16c-cb06b0a5041d,f25e37ed-e056-4518-93b3-2ccfe41f743e,5.0,0.0,0.0,Passed,1.257468819618225
f0355333-5cc0-4414-a16c-cb06b0a5041d,c9e7dcab-4c2c-4642-bd54-99372f20c662,38.0,31.0,47.0,Passed,1.0915381908416748
f0355333-5cc0-4414-a16c-cb06b0a5041d,8c2287fe-9995-422a-be2d-cb63ed1d012c,33.0,154.0,233.0,Failed,0.7499454021453857
