Folder1,Folder2,AST Edit Distance,DFG Edit Distance,PDG Edit Distance,Passed Or Failed,ROUGE-2
26563800-2f28-482b-8dad-705f2c6f3970,54080a86-a4a7-4d52-864b-629d3d82e741,19.0,0.0,0.0,Passed,0.7234042553191489
26563800-2f28-482b-8dad-705f2c6f3970,f99804a4-1f73-4f88-911e-5ce3e719f034,22.0,0.0,0.0,Failed,0.7083333333333333
