Folder1,Folder2,AST Edit Distance,DFG Edit Distance,PDG Edit Distance,Passed Or Failed,BLEU score
c3ebfbea-81cc-4406-836d-ad9a937cf8df,840d9917-b524-47c2-98eb-4a9c05a649c3,28.0,0.0,0.0,Passed,0.2409141984858819
c3ebfbea-81cc-4406-836d-ad9a937cf8df,61b66bc6-5401-45c9-88e1-2df136df6249,26.0,53.0,0.0,Passed,0.22708937278434255
c3ebfbea-81cc-4406-836d-ad9a937cf8df,23e7c34f-8d8f-490d-8e0f-f6fd711c614a,55.0,112.0,0.0,Failed,0.21632991984893418
