Folder1,Folder2,AST Edit Distance,DFG Edit Distance,PDG Edit Distance,Passed Or Failed,ROUGE-2
88765076-8a0e-4dcf-86db-d9c292e1c619,885fb16f-a2d2-41b4-9b7a-cf40fe1bc9ec,7.0,0.0,0.0,Passed,0.7594936708860759
88765076-8a0e-4dcf-86db-d9c292e1c619,0084907f-4674-4fe1-a304-d4988d7f4922,3.0,0.0,0.0,Passed,0.7088607594936709
88765076-8a0e-4dcf-86db-d9c292e1c619,bfe7c772-56c9-4a39-a6d8-6001911cdab2,9.0,0.0,0.0,Failed,0.7088607594936709
