Folder1,Folder2,AST Edit Distance,DFG Edit Distance,PDG Edit Distance,Passed Or Failed,Cosine Similarity
364446e9-4867-484f-bdd9-402fb2224a1f,a42d8bc9-fca8-425b-ac45-839de616ff23,1.0,10.0,16.0,Passed,0.9919186234474182
364446e9-4867-484f-bdd9-402fb2224a1f,0f35afe9-8868-475a-ae5a-e61230692fbe,6.0,14.0,24.0,Passed,0.9902400374412537
364446e9-4867-484f-bdd9-402fb2224a1f,dd2016ef-019b-4723-8215-318178eeeee5,12.0,17.0,21.0,Passed,0.987970232963562
364446e9-4867-484f-bdd9-402fb2224a1f,adf59b0b-5843-4161-ae3a-13551e57e1a0,18.0,10.0,14.0,Passed,0.9844319820404053
364446e9-4867-484f-bdd9-402fb2224a1f,80045947-5595-4040-965f-0ab3e161baae,15.0,0.0,0.0,Passed,0.9838762879371643
364446e9-4867-484f-bdd9-402fb2224a1f,059aad18-904e-463a-9800-5d1563eaf034,49.0,10.0,16.0,Failed,0.9799451231956482
