Folder1,Folder2,AST Edit Distance,DFG Edit Distance,PDG Edit Distance,Passed Or Failed,Similarity Score during Execution
00549329-ed0c-4400-9c84-9b6a5296582d,f26b5070-353e-4342-8242-08bfef459ebe,24.0,35.0,51.0,Passed,1.3682951927185059
00549329-ed0c-4400-9c84-9b6a5296582d,9bb3ff80-3698-46e3-ae02-12c9807735d2,19.0,48.0,66.0,Passed,1.3609743118286133
00549329-ed0c-4400-9c84-9b6a5296582d,3f33311a-47e1-400e-8d39-4d5b0d05c721,24.0,62.0,87.0,Failed,1.3048193454742432
