Folder1,Folder2,AST Edit Distance,DFG Edit Distance,PDG Edit Distance,Passed Or Failed,Meteor Score
582c8fff-d716-4538-bba1-4a28b20a3582,49c8f2d3-49fd-4ee9-88ce-9fa976f9983d,13.0,0.0,0.0,Passed,0.6914285714285714
582c8fff-d716-4538-bba1-4a28b20a3582,a43ef6ac-d83a-48bc-b5f8-4ba8501c9e65,19.0,80.0,0.0,Failed,0.6914285714285714
