Folder1,Folder2,AST Edit Distance,DFG Edit Distance,PDG Edit Distance,Passed Or Failed,Cosine Similarity
7e10d4d4-3bd2-465f-afc7-e26ab57e6e7d,4a033a6b-12fa-4033-8487-0dd6a9ac9b26,1.0,27.0,35.0,Passed,0.9656693935394287
7e10d4d4-3bd2-465f-afc7-e26ab57e6e7d,9077adb5-f9b8-4070-8ac9-032eb87e573d,16.0,23.0,35.0,Passed,0.964182436466217
7e10d4d4-3bd2-465f-afc7-e26ab57e6e7d,d3ec91fe-4c13-4041-8630-f032e022d0b0,29.0,22.0,35.0,Failed,0.9631010293960571
