Folder1,Folder2,AST Edit Distance,DFG Edit Distance,PDG Edit Distance,Passed Or Failed,Euclidean Distance
8785db9a-8884-49e6-af7e-4240e8c5677c,52123252-b889-4d62-bd23-5e91a37d4e2b,1.0,48.0,76.0,Passed,0.29485321044921875
8785db9a-8884-49e6-af7e-4240e8c5677c,b7bcfb3b-91f1-4455-85cc-cf84b72a319e,5.0,56.0,68.0,Passed,0.29485321044921875
8785db9a-8884-49e6-af7e-4240e8c5677c,71aa2f65-c697-4ff4-96de-52f5aa8fe095,17.0,61.0,95.0,Passed,0.3334011435508728
8785db9a-8884-49e6-af7e-4240e8c5677c,8dc69544-aa14-457a-b664-8778dc482868,9.0,0.0,0.0,Passed,0.3334011435508728
8785db9a-8884-49e6-af7e-4240e8c5677c,1d0c8117-d510-49e0-8195-412bd2d131c7,9.0,77.0,108.0,Failed,0.34538111090660095
