Folder1,Folder2,AST Edit Distance,DFG Edit Distance,PDG Edit Distance,Passed Or Failed,Meteor Score
de5d2e47-5376-4ee5-ab80-21924a842c40,06befdb3-6dab-40be-8f0e-7499b43bd467,0.0,0.0,0.0,Passed,0.6869639996230328
de5d2e47-5376-4ee5-ab80-21924a842c40,8db252e3-8649-4d88-8d33-2bede3553e7c,0.0,0.0,0.0,Passed,0.6487889273356401
de5d2e47-5376-4ee5-ab80-21924a842c40,033dee3a-525a-4f90-9ddd-0a56b16ceb6b,0.0,0.0,0.0,Passed,0.6483266858606935
de5d2e47-5376-4ee5-ab80-21924a842c40,37a370ae-a08d-401d-ab65-79f52020e9b6,0.0,0.0,0.0,Passed,0.6483266858606935
de5d2e47-5376-4ee5-ab80-21924a842c40,a373e791-b480-4393-84cf-382c351e1303,0.0,0.0,0.0,Failed,0.6483266858606935
