Folder1,Folder2,AST Edit Distance,DFG Edit Distance,PDG Edit Distance,Passed Or Failed,Cosine Similarity
13406e15-b39c-4656-aa0f-93b37e15078d,0b3e33fb-d4c2-48ba-ab84-0527def028a6,20.0,11.0,19.0,Passed,0.988004744052887
13406e15-b39c-4656-aa0f-93b37e15078d,74d0eed6-a98c-4b64-8111-19db189deec7,25.0,12.0,21.0,Passed,0.9828705191612244
13406e15-b39c-4656-aa0f-93b37e15078d,80a7b011-e115-441c-a446-ae84c63773c3,25.0,22.0,38.0,Passed,0.9738737344741821
13406e15-b39c-4656-aa0f-93b37e15078d,33ad94f1-def2-4935-9d81-65182aadd51a,49.0,148.0,205.0,Failed,0.9715096950531006
