Folder1,Folder2,AST Edit Distance,DFG Edit Distance,PDG Edit Distance,Passed Or Failed,Similarity Score during Execution
1bee6a68-daac-4825-815b-c3bfc6f433e5,c1d6af88-ebb8-4456-97be-723f5432fa4a,1.0,0.0,0.0,Passed,1.2028636932373047
1bee6a68-daac-4825-815b-c3bfc6f433e5,d57a7744-27be-434f-82eb-be92e60b6bb2,1.0,0.0,0.0,Passed,1.1863783597946167
1bee6a68-daac-4825-815b-c3bfc6f433e5,81957e40-b59c-4f1a-a69a-55c398eede1a,2.0,91.0,0.0,Failed,1.0403873920440674
