Folder1,Folder2,AST Edit Distance,DFG Edit Distance,PDG Edit Distance,Passed Or Failed,Euclidean Distance
4c63d5c0-776f-45dd-bf05-f15a72182678,f7ae762f-c9fe-4cd7-bfa3-be78d7986c23,15,0,0,Passed,0.428320944
4c63d5c0-776f-45dd-bf05-f15a72182678,8c5ab3ce-a7b1-42f0-9167-05d654bb1539,10,34,33,Passed,0.429962695
4c63d5c0-776f-45dd-bf05-f15a72182678,400ab5ca-ecd0-42c7-bad5-18bfb5a1a130,14,0,0,Passed,0.447726369
4c63d5c0-776f-45dd-bf05-f15a72182678,6c8afb9b-1138-481d-82bb-f5b8fbc39235,23,29,40,Failed,0.453880638
