Folder1,Folder2,AST Edit Distance,DFG Edit Distance,PDG Edit Distance,Passed Or Failed,BLEU score
b2a87ba8-a16d-4a10-8733-711d3dca452f,0e31f490-8554-4c98-a336-5167d3942535,0.0,0.0,0.0,Passed,0.5330640187089943
b2a87ba8-a16d-4a10-8733-711d3dca452f,c81ff0d6-d1a0-4894-bd44-e679f441ce7a,0.0,0.0,0.0,Passed,0.5330640187089943
b2a87ba8-a16d-4a10-8733-711d3dca452f,15302dff-1c78-4c31-b655-946ff91e8f91,15.0,0.0,0.0,Passed,0.48624389134644175
b2a87ba8-a16d-4a10-8733-711d3dca452f,d9063ba0-13d2-4898-90dc-06fa82429898,0.0,0.0,0.0,Passed,0.48624389134644175
b2a87ba8-a16d-4a10-8733-711d3dca452f,3b37e6d3-26f1-4a89-9b0c-99793c8d835b,40.0,0.0,0.0,Passed,0.44903323241491244
b2a87ba8-a16d-4a10-8733-711d3dca452f,f36617c5-3b43-45ee-aaab-6a8f95e08f09,29.0,0.0,0.0,Passed,0.44903323241491244
b2a87ba8-a16d-4a10-8733-711d3dca452f,21b7ecfc-cbef-49de-a15f-0baa258830a0,54.0,101.0,141.0,Failed,0.4216890913810254
