Folder1,Folder2,AST Edit Distance,DFG Edit Distance,PDG Edit Distance,Passed Or Failed,ChrF Score
2c4feb04-6795-4954-bcd1-5155b943010b,c48a7a23-f857-4be7-b42b-5e54a543d3bb,0.0,0.0,0.0,Passed,70.13661379565887
2c4feb04-6795-4954-bcd1-5155b943010b,ed342459-a278-4db8-b550-87d2b074aed7,0.0,0.0,0.0,Passed,70.13661379565887
2c4feb04-6795-4954-bcd1-5155b943010b,3a84ea5b-6073-432b-a327-d4b54c24d3de,4.0,0.0,0.0,Passed,68.34449304313542
2c4feb04-6795-4954-bcd1-5155b943010b,585b77cb-837e-4faa-931d-2a3e9948bf91,8.0,0.0,0.0,Failed,56.29373780330917
