Folder1,Folder2,AST Edit Distance,DFG Edit Distance,PDG Edit Distance,Passed Or Failed,ChrF Score
ca94a6e3-b5ad-4799-8d7a-2c22b34c35c3,66e0a2af-c479-4feb-b9c6-045916c27eb9,28.0,38.0,49.0,Passed,74.67008344151674
ca94a6e3-b5ad-4799-8d7a-2c22b34c35c3,b82baa18-2c4f-4f2a-bb4c-d9dd846230e7,39.0,21.0,28.0,Passed,74.67008344151674
ca94a6e3-b5ad-4799-8d7a-2c22b34c35c3,5d462d8d-c9f5-4d0b-9439-dffa816dd013,27.0,36.0,45.0,Passed,72.55354244411137
ca94a6e3-b5ad-4799-8d7a-2c22b34c35c3,aef4c0e0-595d-491a-8cb7-be2952aaa2d7,48.0,41.0,49.0,Failed,72.55354244411137
