Folder1,Folder2,AST Edit Distance,DFG Edit Distance,PDG Edit Distance,Passed Or Failed,Euclidean Distance
fd159dc2-2d5a-4a2b-bdb1-b7a0dc916768,3382aae1-00ac-4910-8705-9d462f9edde5,1.0,28.0,41.0,Passed,0.3444936275482178
fd159dc2-2d5a-4a2b-bdb1-b7a0dc916768,840c4b81-3192-432a-a026-6916e8cfd03b,0.0,0.0,0.0,Passed,0.3444936275482178
fd159dc2-2d5a-4a2b-bdb1-b7a0dc916768,b1302ac8-c9ac-42ba-afd5-03441ec1645d,1.0,0.0,0.0,Passed,0.39438989758491516
fd159dc2-2d5a-4a2b-bdb1-b7a0dc916768,fbce8160-9e34-43b2-865f-6a8b448fb90f,0.0,0.0,0.0,Passed,0.39438989758491516
fd159dc2-2d5a-4a2b-bdb1-b7a0dc916768,27eed4ce-3292-4a66-b4a9-d53b70c494be,0.0,0.0,0.0,Passed,0.4086037874221802
fd159dc2-2d5a-4a2b-bdb1-b7a0dc916768,d4fa839a-29f2-4d59-b936-ec1cb125621d,0.0,0.0,0.0,Passed,0.4086037874221802
fd159dc2-2d5a-4a2b-bdb1-b7a0dc916768,bb8426f3-d772-4bd8-8200-acd4ebb1c5b8,10.0,68.0,107.0,Failed,0.4111138880252838
