Folder1,Folder2,AST Edit Distance,DFG Edit Distance,PDG Edit Distance,Passed Or Failed,ROUGE-2
a4447716-22f2-4f75-9d33-86f2d956a56f,0746cc54-80e6-4406-a260-ca347310decd,23.0,0.0,0.0,Passed,0.7058823529411765
a4447716-22f2-4f75-9d33-86f2d956a56f,7b18b1b6-7dc1-4aad-87ae-34f4666ec1ec,65.0,0.0,0.0,Passed,0.7058823529411765
a4447716-22f2-4f75-9d33-86f2d956a56f,b6a4a392-2226-4ac1-814e-b084aaaee48d,3.0,73.0,111.0,Failed,0.6666666666666667
