Folder1,Folder2,AST Edit Distance,DFG Edit Distance,PDG Edit Distance,Passed Or Failed,Cosine Similarity
4bc7607e-ac09-43d7-96cf-aba90db5a23e,15ec32b9-09e3-41fc-ad57-6a9b7a613cda,27.0,0.0,0.0,Passed,0.9476268291473389
4bc7607e-ac09-43d7-96cf-aba90db5a23e,58ddeb3f-abb6-4ac4-bba0-273c0728bac6,27.0,0.0,0.0,Passed,0.9476268291473389
4bc7607e-ac09-43d7-96cf-aba90db5a23e,43eb8055-2427-4dc4-834d-583ddebd0a1e,27.0,0.0,0.0,Passed,0.9468371868133545
4bc7607e-ac09-43d7-96cf-aba90db5a23e,45b57bf3-0482-471d-82eb-e99b5e676b1a,27.0,0.0,0.0,Passed,0.945589542388916
4bc7607e-ac09-43d7-96cf-aba90db5a23e,42591076-9d03-48c4-89ac-457e0746e29c,27.0,0.0,0.0,Passed,0.9439412951469421
4bc7607e-ac09-43d7-96cf-aba90db5a23e,08749f03-0ddf-4ad0-9bf8-92a49944eb43,46.0,0.0,0.0,Failed,0.9437865614891052
