Folder1,Folder2,AST Edit Distance,DFG Edit Distance,PDG Edit Distance,Passed Or Failed,ROUGE-L
e93d0eea-7918-4560-9b8c-fa3b34363776,eb7cbb73-b0b7-4f63-828e-f5a7f48cd205,35.0,0.0,0.0,Passed,0.8000000000000002
e93d0eea-7918-4560-9b8c-fa3b34363776,257c78e2-79ea-40ee-b71a-f8321f429db7,27.0,48.0,75.0,Failed,0.7586206896551724
