Folder1,Folder2,AST Edit Distance,DFG Edit Distance,PDG Edit Distance,Passed Or Failed,Cosine Similarity
4cd42d14-fa3e-49b7-a7d7-929c15f0c7a3,e94805f2-5fc6-4c29-9b8c-ffc288ab7b1e,0.0,0.0,0.0,Passed,0.9946655035018921
4cd42d14-fa3e-49b7-a7d7-929c15f0c7a3,3f3b7e83-ed1c-4f7c-90ec-79158e6097ad,0.0,0.0,0.0,Passed,0.9944794774055481
4cd42d14-fa3e-49b7-a7d7-929c15f0c7a3,9608f7c0-7850-44c8-81d9-ff788d601fad,0.0,0.0,0.0,Passed,0.9940330386161804
4cd42d14-fa3e-49b7-a7d7-929c15f0c7a3,5ec00185-1a1b-4049-93e2-f177f02485da,0.0,0.0,0.0,Passed,0.9926339983940125
4cd42d14-fa3e-49b7-a7d7-929c15f0c7a3,75ed79da-d2c7-41ab-8da1-6d7ccbadf3b1,39.0,0.0,0.0,Failed,0.9926339983940125
