Folder1,Folder2,AST Edit Distance,DFG Edit Distance,PDG Edit Distance,Passed Or Failed,ChrF Score
044bd72b-a426-41ff-a99a-b7f83aaf6f1b,18509d81-fb1a-42ac-bdd5-0d21bc64e51c,16.0,55.0,82.0,Passed,51.08740011474705
044bd72b-a426-41ff-a99a-b7f83aaf6f1b,a7910463-0bed-4428-a256-57dc27436302,31.0,116.0,178.0,Failed,50.90911879908304
