Folder1,Folder2,AST Edit Distance,DFG Edit Distance,PDG Edit Distance,Passed Or Failed,Meteor Score
c49760f5-fb14-4fbf-aad5-22be4eccf131,f8c83934-45b9-4ea2-b02a-9644405cf2cb,12.0,0.0,0.0,Passed,0.3860207100591716
c49760f5-fb14-4fbf-aad5-22be4eccf131,f81c8dc8-339b-4415-a493-fc594c843b1b,2.0,0.0,0.0,Passed,0.38185404339250495
c49760f5-fb14-4fbf-aad5-22be4eccf131,0c1684c9-1e83-49b6-8499-583a9fbc2193,1.0,0.0,0.0,Passed,0.36885268293749013
c49760f5-fb14-4fbf-aad5-22be4eccf131,c9176a40-6cf7-4361-99ef-fb0c2511becb,15.0,0.0,0.0,Passed,0.36885268293749013
c49760f5-fb14-4fbf-aad5-22be4eccf131,f0f7b96d-6762-4cc8-8bf9-ef057e357e98,1.0,0.0,0.0,Passed,0.36885268293749013
c49760f5-fb14-4fbf-aad5-22be4eccf131,569dc648-debf-47e5-9f5c-faafd1f25897,13.0,0.0,0.0,Passed,0.3653832494659258
c49760f5-fb14-4fbf-aad5-22be4eccf131,cb12d84d-5442-40f4-8ed6-e04a71eec828,2.0,0.0,0.0,Passed,0.3653832494659258
c49760f5-fb14-4fbf-aad5-22be4eccf131,f5dbe119-2616-4c02-b881-66ffb4247f70,20.0,0.0,0.0,Failed,0.3653832494659258
