Folder1,Folder2,AST Edit Distance,DFG Edit Distance,PDG Edit Distance,Passed Or Failed,BLEU score
45956807-2968-42c9-8479-381618b94716,a4486b30-9a6b-4b1d-afac-2580b6d5f720,0.0,0.0,0.0,Passed,0.5588037574139614
45956807-2968-42c9-8479-381618b94716,0dd26665-4989-41a5-a4ce-203cc9373bc2,17.0,21.0,29.0,Failed,0.5498600114274946
