Folder1,Folder2,AST Edit Distance,DFG Edit Distance,PDG Edit Distance,Passed Or Failed,ROUGE-2
d1a450d5-29d8-498d-a805-d545eea0a137,08750f1a-86de-4e46-bbbb-589c18db261e,9.0,0.0,0.0,Passed,0.909090909090909
d1a450d5-29d8-498d-a805-d545eea0a137,3ab6f7e3-ac5e-416d-b5a2-e251163d3df6,7.0,0.0,0.0,Passed,0.909090909090909
d1a450d5-29d8-498d-a805-d545eea0a137,3ecc537a-852c-49e0-af18-87b65a429ab7,21.0,36.0,0.0,Failed,0.8787878787878788
