Folder1,Folder2,AST Edit Distance,DFG Edit Distance,PDG Edit Distance,Passed Or Failed,ROUGE-L
93b970da-e289-440b-ab2e-c092ffddefd7,3040ac24-91b5-4173-a638-fa923fd6e19a,3.0,22.0,25.0,Passed,0.7857142857142857
93b970da-e289-440b-ab2e-c092ffddefd7,6e4d34c5-87c1-4dfc-aa98-7d46658eaa8a,1.0,22.0,25.0,Passed,0.7407407407407406
93b970da-e289-440b-ab2e-c092ffddefd7,090649a3-7cee-448e-b75e-acfae5ba76b8,3.0,32.0,40.0,Passed,0.7142857142857143
93b970da-e289-440b-ab2e-c092ffddefd7,15d7a64b-34d6-4904-9e43-d6ff0215137c,3.0,37.0,47.0,Passed,0.7142857142857143
93b970da-e289-440b-ab2e-c092ffddefd7,47e7307e-7cbf-4401-ba56-b64836ba00c9,1.0,71.0,100.0,Failed,0.7142857142857143
