Folder1,Folder2,AST Edit Distance,DFG Edit Distance,PDG Edit Distance,Passed Or Failed,Similarity Score during Execution
7a5a73f4-e5de-4362-9afc-ef80516b14b1,0c673c60-16d8-4ce9-8a7d-5c3a5cb680d4,0.0,0.0,0.0,Passed,1.441703200340271
7a5a73f4-e5de-4362-9afc-ef80516b14b1,82460060-bbca-4c20-a6e6-4cc8ee6ceeea,0.0,0.0,0.0,Passed,1.4209814071655273
7a5a73f4-e5de-4362-9afc-ef80516b14b1,2de2b025-b300-4bf5-a5af-31ad0da3a580,0.0,0.0,0.0,Passed,1.3830058574676514
7a5a73f4-e5de-4362-9afc-ef80516b14b1,4df03445-c533-4438-a9b1-3e225e4b682f,48.0,28.0,49.0,Failed,1.3771411180496216
