Folder1,Folder2,AST Edit Distance,DFG Edit Distance,PDG Edit Distance,Passed Or Failed,ChrF Score
59d6457f-b5bb-40b7-9c20-fc6ca700d76f,a6d6dcbe-aaf6-4ec2-92f8-9d5d39b4553e,25.0,0.0,0.0,Passed,77.65848136165779
59d6457f-b5bb-40b7-9c20-fc6ca700d76f,550fc053-cd0a-470f-a605-19f85ad23545,52.0,53.0,77.0,Failed,71.72763907175359
