Folder1,Folder2,AST Edit Distance,DFG Edit Distance,PDG Edit Distance,Passed Or Failed,BLEU score
9de29147-53e8-411f-9d23-e202b4eaf5e8,715edd11-9244-4dc4-b72b-6b30b9b7fa7c,0.0,12.0,28.0,Passed,0.761827408333416
9de29147-53e8-411f-9d23-e202b4eaf5e8,78ee4757-6d34-4616-9e7d-89272063344c,0.0,0.0,0.0,Passed,0.7580200557466952
9de29147-53e8-411f-9d23-e202b4eaf5e8,9f3f4464-dbd1-428d-b7b7-11d041adc66e,29.0,89.0,130.0,Failed,0.6712403123245673
