Folder1,Folder2,AST Edit Distance,DFG Edit Distance,PDG Edit Distance,Passed Or Failed,Euclidean Distance
8204dad1-5719-4f07-9466-d050807b4b64,1884f8a7-113c-4ba5-8b52-b71ee8210a82,1.0,0.0,0.0,Passed,0.24098549783229828
8204dad1-5719-4f07-9466-d050807b4b64,cebf437d-804e-4f5f-b701-962fcc9a5109,1.0,0.0,0.0,Passed,0.24571426212787628
8204dad1-5719-4f07-9466-d050807b4b64,1f0e5b80-70a0-464b-919e-172cadd57607,0.0,0.0,0.0,Passed,0.25970447063446045
8204dad1-5719-4f07-9466-d050807b4b64,da89d03b-ead6-4c4e-85c5-0a0c6c37787d,0.0,0.0,0.0,Passed,0.25970447063446045
8204dad1-5719-4f07-9466-d050807b4b64,3dfe9089-d260-4841-8ee2-d67b2f5aba69,1.0,0.0,0.0,Passed,0.2611672282218933
8204dad1-5719-4f07-9466-d050807b4b64,e6a63a2b-6bad-4faf-b99a-406fd81b699c,3.0,0.0,0.0,Passed,0.2611672282218933
8204dad1-5719-4f07-9466-d050807b4b64,7c294a6c-cb6a-408c-b080-1dd96266491a,1.0,0.0,0.0,Passed,0.26947036385536194
8204dad1-5719-4f07-9466-d050807b4b64,d9dac6aa-6081-46dd-9256-ab684953467c,1.0,0.0,0.0,Passed,0.26947036385536194
8204dad1-5719-4f07-9466-d050807b4b64,0d5f388a-5943-4e9e-917e-a132f81e5446,6.0,0.0,0.0,Failed,0.27483806014060974
