Folder1,Folder2,AST Edit Distance,DFG Edit Distance,PDG Edit Distance,Passed Or Failed,ROUGE-L
889fe3e1-a5a2-415c-aa3b-b82d49f5d3f3,0bddbbf3-9402-4c00-98e7-7c673eb1594c,1.0,0.0,0.0,Passed,0.5581395348837208
889fe3e1-a5a2-415c-aa3b-b82d49f5d3f3,0fd52620-8d7c-454e-b299-da84ebcb4bb0,0.0,42.0,63.0,Passed,0.5581395348837208
889fe3e1-a5a2-415c-aa3b-b82d49f5d3f3,2f0f8a84-cf9c-49e1-9f49-f4dd8d384428,0.0,52.0,74.0,Passed,0.5581395348837208
889fe3e1-a5a2-415c-aa3b-b82d49f5d3f3,75ec77ee-dda2-478a-ac00-18f54f8a3acf,0.0,18.0,23.0,Passed,0.5581395348837208
889fe3e1-a5a2-415c-aa3b-b82d49f5d3f3,abd5f6f8-431c-44db-a0bb-f67c76bbb6d0,0.0,34.0,48.0,Passed,0.5581395348837208
889fe3e1-a5a2-415c-aa3b-b82d49f5d3f3,eaf250ef-1447-471c-8963-91be2fd7e8a7,0.0,56.0,81.0,Passed,0.5581395348837208
889fe3e1-a5a2-415c-aa3b-b82d49f5d3f3,0f836fed-da75-4955-adb6-d5aa58a7792a,0.0,66.0,95.0,Failed,0.5116279069767441
