Folder1,Folder2,AST Edit Distance,DFG Edit Distance,PDG Edit Distance,Passed Or Failed,BLEU score
f0355333-5cc0-4414-a16c-cb06b0a5041d,aa9d9350-ed8c-4ba4-856a-544a5fbad38e,0.0,0.0,0.0,Passed,0.5086841681174387
f0355333-5cc0-4414-a16c-cb06b0a5041d,d42dd8ac-bb38-4315-b325-7d1f144af5a3,2.0,0.0,0.0,Passed,0.5086841681174387
f0355333-5cc0-4414-a16c-cb06b0a5041d,1843bee0-9249-42ae-8182-621c41fc0e27,0.0,0.0,0.0,Passed,0.4676449106256527
f0355333-5cc0-4414-a16c-cb06b0a5041d,da83c7a4-e0b8-49fa-a25d-4177eb3c81bf,2.0,0.0,0.0,Passed,0.4676449106256527
f0355333-5cc0-4414-a16c-cb06b0a5041d,4499af07-29c4-4bce-a1fb-ac08137ed268,2.0,0.0,0.0,Passed,0.41157977449333427
f0355333-5cc0-4414-a16c-cb06b0a5041d,de083404-3c29-4a5f-b38e-825ac0a0507f,2.0,13.0,20.0,Passed,0.41157977449333427
f0355333-5cc0-4414-a16c-cb06b0a5041d,e917d849-b061-4f07-b655-0d925d7ce38c,0.0,0.0,0.0,Passed,0.41157977449333427
f0355333-5cc0-4414-a16c-cb06b0a5041d,1b3a6225-a927-4ad8-bd51-c6b01636a294,0.0,1.0,4.0,Passed,0.39806687382400563
f0355333-5cc0-4414-a16c-cb06b0a5041d,43c541b4-e14a-46d9-b073-33c61500383d,44.0,34.0,53.0,Failed,0.39806687382400563
