Folder1,Folder2,AST Edit Distance,DFG Edit Distance,PDG Edit Distance,Passed Or Failed,Euclidean Distance
202f548c-ec95-45e9-a866-5dd01934e351,3acf54ee-22e0-4e0b-b8a9-1cc59e9bbddb,4.0,0.0,0.0,Passed,0.33803755044937134
202f548c-ec95-45e9-a866-5dd01934e351,77569498-f2e7-4ee6-91d0-cdc102a6e8d4,4.0,6.0,13.0,Passed,0.33803755044937134
202f548c-ec95-45e9-a866-5dd01934e351,1f042252-9909-4d11-9304-a0c536010ffe,4.0,0.0,0.0,Passed,0.3589969873428345
202f548c-ec95-45e9-a866-5dd01934e351,880c8c90-f853-4a5e-a266-744c48872dbc,4.0,6.0,13.0,Passed,0.3589969873428345
202f548c-ec95-45e9-a866-5dd01934e351,4e449838-ee4c-4363-894f-42b5145cc7ac,13.0,23.0,41.0,Failed,0.3589971363544464
