Folder1,Folder2,AST Edit Distance,DFG Edit Distance,PDG Edit Distance,Passed Or Failed,Meteor Score
4cd42d14-fa3e-49b7-a7d7-929c15f0c7a3,3f3b7e83-ed1c-4f7c-90ec-79158e6097ad,0.0,0.0,0.0,Passed,0.7910696236399312
4cd42d14-fa3e-49b7-a7d7-929c15f0c7a3,9608f7c0-7850-44c8-81d9-ff788d601fad,0.0,0.0,0.0,Passed,0.7190647482014388
4cd42d14-fa3e-49b7-a7d7-929c15f0c7a3,5ec00185-1a1b-4049-93e2-f177f02485da,39.0,0.0,0.0,Failed,0.716546762589928
