Folder1,Folder2,AST Edit Distance,DFG Edit Distance,PDG Edit Distance,Passed Or Failed,Meteor Score
11fbbecf-0854-4a9e-bfa2-484a21253090,1e8940c1-2e63-4358-94e9-770fc9f5d8bc,3.0,15.0,16.0,Passed,0.3476946334089191
11fbbecf-0854-4a9e-bfa2-484a21253090,4912329c-f1df-4c81-9c3e-1cf54a6a5a17,1.0,0.0,0.0,Passed,0.3262529501596557
11fbbecf-0854-4a9e-bfa2-484a21253090,bd63a216-a912-4247-8c28-0926fba8d4b8,0.0,0.0,0.0,Passed,0.29006046863189716
11fbbecf-0854-4a9e-bfa2-484a21253090,e8264f50-3209-474f-b213-7644cdd259b4,0.0,0.0,0.0,Passed,0.29006046863189716
11fbbecf-0854-4a9e-bfa2-484a21253090,25ad186d-ba0b-407a-899b-ac2c1908efe3,4.0,26.0,34.0,Failed,0.2530612244897959
