Folder1,Folder2,AST Edit Distance,DFG Edit Distance,PDG Edit Distance,Passed Or Failed,ChrF Score
d53d4906-37a2-461f-b0ce-9be4f3daf0e1,6798f8b6-6d91-4122-9a52-a3624b258c34,0.0,0.0,0.0,Passed,74.4709042507143
d53d4906-37a2-461f-b0ce-9be4f3daf0e1,935ed765-fe3a-4fd8-b9f6-8ae946f15214,0.0,0.0,0.0,Passed,74.4709042507143
d53d4906-37a2-461f-b0ce-9be4f3daf0e1,382c59cd-3464-44bc-ab27-2d29a4f9f86b,0.0,0.0,0.0,Passed,71.16808018352299
d53d4906-37a2-461f-b0ce-9be4f3daf0e1,61a9a461-aebc-4121-ba5f-e1a66447c8fe,0.0,25.0,40.0,Failed,71.16808018352299
