Folder1,Folder2,AST Edit Distance,DFG Edit Distance,PDG Edit Distance,Passed Or Failed,ChrF Score
91cc6c21-60fd-4ef8-8705-a7b1c788d41d,fe48f41f-e07a-45a0-9f67-885133bc2187,38.0,26.0,47.0,Passed,57.55000249836056
91cc6c21-60fd-4ef8-8705-a7b1c788d41d,c102edad-78b0-4fb3-8238-86aaf0b673b8,3.0,0.0,0.0,Passed,55.71631275564236
91cc6c21-60fd-4ef8-8705-a7b1c788d41d,dc669e0b-c915-41e3-8ace-0da6bfa62393,17.0,79.0,129.0,Failed,53.12163385975488
