Folder1,Folder2,AST Edit Distance,DFG Edit Distance,PDG Edit Distance,Passed Or Failed,ChrF Score
0af6c287-adb9-4832-a740-97998cce1197,4a96a08f-05dd-4187-9a14-05011557cebd,4.0,8.0,14.0,Passed,82.94632356796923
0af6c287-adb9-4832-a740-97998cce1197,b2033aec-ffe5-469c-aa83-40bdf276d55d,34.0,22.0,41.0,Passed,82.94632356796923
0af6c287-adb9-4832-a740-97998cce1197,faeb3d3f-e905-48d1-bfdc-27b9d009295f,1.0,0.0,0.0,Passed,82.71612044786743
0af6c287-adb9-4832-a740-97998cce1197,57fa4dbe-df13-4ec8-938f-59052695e6c2,1.0,39.0,61.0,Passed,82.54129409604562
0af6c287-adb9-4832-a740-97998cce1197,c8d9155a-f8e9-4a52-9ca4-74122e7e7565,56.0,70.0,115.0,Failed,82.54129409604562
