Folder1,Folder2,AST Edit Distance,DFG Edit Distance,PDG Edit Distance,Passed Or Failed,ROUGE-L
ccb65103-2c80-4738-b838-5296d2218826,2c15d1f8-064f-4822-b64e-651cc53c3d6e,0.0,0.0,0.0,Passed,0.9876543209876543
ccb65103-2c80-4738-b838-5296d2218826,3417d430-d02b-4bc7-9e7d-01bf327be3c5,0.0,0.0,0.0,Passed,0.975609756097561
ccb65103-2c80-4738-b838-5296d2218826,9aefa56e-91c3-4d29-a865-ab58884c7cca,0.0,0.0,0.0,Failed,0.975609756097561
