Folder1,Folder2,AST Edit Distance,DFG Edit Distance,PDG Edit Distance,Passed Or Failed,ROUGE-2
2106cd73-fd96-4889-b5a3-658448e6512e,036a4223-0bdc-4902-b447-192a9746cc0c,16.0,0.0,0.0,Passed,0.6923076923076923
2106cd73-fd96-4889-b5a3-658448e6512e,94ec178f-a67e-45e8-8e31-07705f1bdec6,0.0,0.0,0.0,Passed,0.6923076923076923
2106cd73-fd96-4889-b5a3-658448e6512e,9c568f22-af7b-415a-ab7e-9667cba7fa25,11.0,72.0,195.0,Failed,0.6923076923076923
