Folder1,Folder2,AST Edit Distance,DFG Edit Distance,PDG Edit Distance,Passed Or Failed,Euclidean Distance
42a2bc14-4cd0-44eb-a7aa-d1199fa38f64,44cfef83-6e26-487b-9c73-fd96b9fbe73d,0.0,0.0,0.0,Passed,0.12178502976894379
42a2bc14-4cd0-44eb-a7aa-d1199fa38f64,26036dd7-a434-4d60-a8f4-b2b3d2cbc57e,0.0,0.0,0.0,Passed,0.14646518230438232
42a2bc14-4cd0-44eb-a7aa-d1199fa38f64,d708e964-0123-4a27-8a53-e3d678fe9a70,57.0,0.0,0.0,Passed,0.1465056836605072
42a2bc14-4cd0-44eb-a7aa-d1199fa38f64,a2d7bd83-706c-4da6-931a-f7702acf022a,0.0,0.0,0.0,Passed,0.14987975358963013
42a2bc14-4cd0-44eb-a7aa-d1199fa38f64,ae2b0fe2-0261-4ede-a10b-c1d64bd94c7d,1.0,72.0,0.0,Failed,0.15181203186511993
