Folder1,Folder2,AST Edit Distance,DFG Edit Distance,PDG Edit Distance,Passed Or Failed,Euclidean Distance
cf23513f-6c18-423b-b61d-c5a916b48be7,c029155b-765d-45f3-aa70-287b0b118089,5.0,0.0,0.0,Passed,0.22973936796188354
cf23513f-6c18-423b-b61d-c5a916b48be7,c5decbb7-0a64-4e5f-acea-7e599d8cee77,5.0,0.0,0.0,Passed,0.22973936796188354
cf23513f-6c18-423b-b61d-c5a916b48be7,0ccfeff0-4966-4147-b274-58247cdbd55b,4.0,0.0,0.0,Passed,0.24208863079547882
cf23513f-6c18-423b-b61d-c5a916b48be7,efa8028f-fbb7-4c5c-b6c8-aa552a260483,4.0,32.0,52.0,Failed,0.2976113259792328
