Folder1,Folder2,AST Edit Distance,DFG Edit Distance,PDG Edit Distance,Passed Or Failed,Similarity Score during Execution
ccf0bab8-4b5d-41a5-a60c-3552ede33ad5,0f3f2e75-98b1-4470-9eff-5566d63753da,0.0,0.0,0.0,Passed,1.1851592063903809
ccf0bab8-4b5d-41a5-a60c-3552ede33ad5,94b5bdf6-c458-489c-80e2-c6a103f4e1b3,0.0,0.0,0.0,Passed,1.0583739280700684
ccf0bab8-4b5d-41a5-a60c-3552ede33ad5,c6d08fbe-1886-4683-afc1-804ff5d7c118,0.0,0.0,0.0,Passed,1.0517246723175049
ccf0bab8-4b5d-41a5-a60c-3552ede33ad5,093ce229-ae31-4a02-91d7-fdcde3e466c2,0.0,57.0,79.0,Failed,1.0281696319580078
