Folder1,Folder2,AST Edit Distance,DFG Edit Distance,PDG Edit Distance,Passed Or Failed,Euclidean Distance
a3a069c4-fce1-4eb5-91c6-bac77a565f54,25040600-b67b-443a-9c7d-5b69a519f1e3,29.0,0.0,0.0,Passed,0.49859619140625
a3a069c4-fce1-4eb5-91c6-bac77a565f54,a3efb981-87ea-43c3-8971-f35a3cc7f521,29.0,0.0,0.0,Passed,0.49859619140625
a3a069c4-fce1-4eb5-91c6-bac77a565f54,32496a0b-1792-4b8d-88ac-610bc687e55c,17.0,225.0,326.0,Failed,0.570011556148529
