Folder1,Folder2,AST Edit Distance,DFG Edit Distance,PDG Edit Distance,Passed Or Failed,Meteor Score
a06a5d50-a583-447a-8fdd-110a1ac538af,fafaac00-942f-4565-a00a-70426d3c2fc5,45.0,0.0,0.0,Passed,0.8445237166081297
a06a5d50-a583-447a-8fdd-110a1ac538af,77da58b4-0008-424a-a7ef-beb86d4acda5,0.0,0.0,0.0,Passed,0.8442151889023418
a06a5d50-a583-447a-8fdd-110a1ac538af,abb5272d-aa06-4bd5-b00c-a7244250d2f4,45.0,0.0,0.0,Failed,0.8442151889023418
