Folder1,Folder2,AST Edit Distance,DFG Edit Distance,PDG Edit Distance,Passed Or Failed,ROUGE-L
72cb8e0d-09f6-4db3-be1c-3faa2683c93b,e47f9127-e929-4ce5-a461-6f78ae2e3b72,4.0,0.0,0.0,Passed,0.7692307692307692
72cb8e0d-09f6-4db3-be1c-3faa2683c93b,f5ed4e5b-90dd-44be-be9c-d02932d829b3,3.0,0.0,0.0,Passed,0.7692307692307692
72cb8e0d-09f6-4db3-be1c-3faa2683c93b,4253f9be-d578-4d21-bc89-5c478da72ce1,4.0,0.0,0.0,Passed,0.7200000000000001
72cb8e0d-09f6-4db3-be1c-3faa2683c93b,7748c1d6-2863-4f05-a820-8d3620e8388a,3.0,0.0,0.0,Passed,0.7200000000000001
72cb8e0d-09f6-4db3-be1c-3faa2683c93b,a7f7bb0b-fd43-49f9-b1d3-670f1958db3a,3.0,0.0,0.0,Passed,0.7200000000000001
72cb8e0d-09f6-4db3-be1c-3faa2683c93b,cfb0b5fb-7470-460b-b8c7-9b7bc4c435fc,3.0,0.0,0.0,Passed,0.7200000000000001
72cb8e0d-09f6-4db3-be1c-3faa2683c93b,01080733-eaf6-44a7-9b0e-179f17f67f3f,25.0,119.0,190.0,Failed,0.6923076923076923
