Folder1,Folder2,AST Edit Distance,DFG Edit Distance,PDG Edit Distance,Passed Or Failed,Similarity Score during Execution
7e61db62-a835-410f-9692-fe4a5556b3f3,e5bd802a-6f2f-4d86-99ba-621f58f2a3a2,0.0,0.0,0.0,Passed,1.4107005596160889
7e61db62-a835-410f-9692-fe4a5556b3f3,f1e37921-9f66-4466-8f22-ef2f6d1bdcff,1.0,0.0,0.0,Passed,1.3770196437835693
7e61db62-a835-410f-9692-fe4a5556b3f3,43daee34-7315-4beb-a406-e9f0aad71e88,1.0,0.0,0.0,Passed,1.3286670446395874
7e61db62-a835-410f-9692-fe4a5556b3f3,da2b717b-46fd-427a-a601-b45bed035c53,12.0,0.0,0.0,Passed,1.313011646270752
7e61db62-a835-410f-9692-fe4a5556b3f3,4903d686-0593-419f-8cc9-07ce465a09a2,65.0,0.0,0.0,Failed,1.2944986820220947
