Folder1,Folder2,AST Edit Distance,DFG Edit Distance,PDG Edit Distance,Passed Or Failed,Cosine Similarity
2740c818-3379-41f4-81d0-a383796ef0d8,3936f56f-c7bb-47c0-805a-e8065378b908,29.0,0.0,0.0,Passed,0.9979113936424255
2740c818-3379-41f4-81d0-a383796ef0d8,28c73bd7-d901-46c6-b738-9e218e2c4f05,29.0,49.0,0.0,Failed,0.9971958994865417
