Folder1,Folder2,AST Edit Distance,DFG Edit Distance,PDG Edit Distance,Passed Or Failed,BLEU score
8993edf3-6707-4056-9e2d-025b21e553c6,0d484e8c-7673-4ade-b46a-faa668f247a3,14.0,0.0,0.0,Passed,0.22074589705381548
8993edf3-6707-4056-9e2d-025b21e553c6,d10a568c-f8ab-42f7-8841-806027f40548,14.0,0.0,0.0,Passed,0.19721740293855067
8993edf3-6707-4056-9e2d-025b21e553c6,ec8c6e17-e65d-4f93-b2a3-3c86a3ddb3dc,14.0,0.0,0.0,Passed,0.19721740293855067
8993edf3-6707-4056-9e2d-025b21e553c6,7c88b246-351f-4667-a366-e02acd431d01,14.0,0.0,0.0,Passed,0.19551464732027588
8993edf3-6707-4056-9e2d-025b21e553c6,dffe584a-8454-458b-b12c-536172803fff,14.0,0.0,0.0,Passed,0.19551464732027588
8993edf3-6707-4056-9e2d-025b21e553c6,890e99eb-6c36-4cb8-909d-b3f7649b33c5,14.0,0.0,0.0,Failed,0.1925737396546886
