Folder1,Folder2,AST Edit Distance,DFG Edit Distance,PDG Edit Distance,Passed Or Failed,ROUGE-L
c49760f5-fb14-4fbf-aad5-22be4eccf131,c4bc0811-98f6-4998-aa3f-7f77e1ad5fe0,4.0,0.0,0.0,Passed,0.5128205128205128
c49760f5-fb14-4fbf-aad5-22be4eccf131,4106043f-d880-4d6b-a4b0-fd84a63a6e8c,2.0,0.0,0.0,Passed,0.4935064935064935
c49760f5-fb14-4fbf-aad5-22be4eccf131,b2f8a9c5-e2f6-405f-83f7-0e2fb65e061b,2.0,0.0,0.0,Passed,0.4935064935064935
c49760f5-fb14-4fbf-aad5-22be4eccf131,0cae25c3-745f-40c1-86a0-54dbf8da156e,11.0,0.0,0.0,Failed,0.4871794871794871
