Folder1,Folder2,AST Edit Distance,DFG Edit Distance,PDG Edit Distance,Passed Or Failed,ROUGE-2
4cd42d14-fa3e-49b7-a7d7-929c15f0c7a3,3f3b7e83-ed1c-4f7c-90ec-79158e6097ad,0.0,0.0,0.0,Passed,0.7857142857142857
4cd42d14-fa3e-49b7-a7d7-929c15f0c7a3,9608f7c0-7850-44c8-81d9-ff788d601fad,0.0,0.0,0.0,Passed,0.7142857142857143
4cd42d14-fa3e-49b7-a7d7-929c15f0c7a3,72a9e998-d41b-4ee1-9a89-236ac7695fb4,0.0,0.0,0.0,Passed,0.6666666666666666
4cd42d14-fa3e-49b7-a7d7-929c15f0c7a3,ba4daf6a-72dc-46f6-8bb1-53e099dd0446,27.0,0.0,0.0,Passed,0.6666666666666666
4cd42d14-fa3e-49b7-a7d7-929c15f0c7a3,cf8241b9-78eb-43cc-9073-91b4ad5bae1a,31.0,0.0,0.0,Passed,0.6666666666666666
4cd42d14-fa3e-49b7-a7d7-929c15f0c7a3,dbb8b838-798f-4eac-aeed-ced092f542f9,0.0,0.0,0.0,Passed,0.6666666666666666
4cd42d14-fa3e-49b7-a7d7-929c15f0c7a3,5ec00185-1a1b-4049-93e2-f177f02485da,0.0,0.0,0.0,Passed,0.6428571428571429
4cd42d14-fa3e-49b7-a7d7-929c15f0c7a3,75ed79da-d2c7-41ab-8da1-6d7ccbadf3b1,39.0,0.0,0.0,Failed,0.6428571428571429
