Folder1,Folder2,AST Edit Distance,DFG Edit Distance,PDG Edit Distance,Passed Or Failed,BLEU score
364446e9-4867-484f-bdd9-402fb2224a1f,0f35afe9-8868-475a-ae5a-e61230692fbe,6.0,14.0,24.0,Passed,0.6233473783356552
364446e9-4867-484f-bdd9-402fb2224a1f,a42d8bc9-fca8-425b-ac45-839de616ff23,1.0,10.0,16.0,Passed,0.6028817681965138
364446e9-4867-484f-bdd9-402fb2224a1f,dd2016ef-019b-4723-8215-318178eeeee5,12.0,17.0,21.0,Passed,0.5853882755435387
364446e9-4867-484f-bdd9-402fb2224a1f,80045947-5595-4040-965f-0ab3e161baae,15.0,0.0,0.0,Passed,0.5632579400090416
364446e9-4867-484f-bdd9-402fb2224a1f,059aad18-904e-463a-9800-5d1563eaf034,49.0,10.0,16.0,Failed,0.49852287898736813
