Folder1,Folder2,AST Edit Distance,DFG Edit Distance,PDG Edit Distance,Passed Or Failed,Similarity Score during Execution
aeef9f7b-ee2e-4e6f-85f8-b283d09e164e,90d833cf-4a92-4359-85f4-6480e604766c,12.0,0.0,0.0,Passed,1.3023008108139038
aeef9f7b-ee2e-4e6f-85f8-b283d09e164e,96254bf7-fdca-4fc9-8022-52133f576133,13.0,0.0,0.0,Passed,1.2997136116027832
aeef9f7b-ee2e-4e6f-85f8-b283d09e164e,4bafa225-41b9-4276-b6b8-d163dc8074c3,57.0,0.0,0.0,Passed,1.260101318359375
aeef9f7b-ee2e-4e6f-85f8-b283d09e164e,91d02ec4-7586-4cb0-b8fe-b2921be33e59,39.0,86.0,131.0,Failed,1.2563393115997314
