Folder1,Folder2,AST Edit Distance,DFG Edit Distance,PDG Edit Distance,Passed Or Failed,Meteor Score
7e10d4d4-3bd2-465f-afc7-e26ab57e6e7d,24d12eed-65d3-4e25-ad36-180f40182025,8.0,0.0,0.0,Passed,0.8123150887573964
7e10d4d4-3bd2-465f-afc7-e26ab57e6e7d,3d1f63c2-faa7-444f-b689-b1b92fb3e9ea,8.0,0.0,0.0,Passed,0.8123150887573964
7e10d4d4-3bd2-465f-afc7-e26ab57e6e7d,5a0702d0-b6c4-454d-83e0-2bae3f673785,30.0,0.0,0.0,Passed,0.8123150887573964
7e10d4d4-3bd2-465f-afc7-e26ab57e6e7d,86e66017-a582-40a3-b5a0-01af1511bb4e,3.0,0.0,0.0,Passed,0.8123150887573964
7e10d4d4-3bd2-465f-afc7-e26ab57e6e7d,8ec11d3f-0718-4e63-b5c8-6180db301070,1.0,0.0,0.0,Passed,0.8123150887573964
7e10d4d4-3bd2-465f-afc7-e26ab57e6e7d,9216989d-86cc-407a-b7fd-709d46309f1d,0.0,0.0,0.0,Passed,0.8123150887573964
7e10d4d4-3bd2-465f-afc7-e26ab57e6e7d,bdd19373-c6a3-4a9c-8400-61699f337a4f,7.0,0.0,0.0,Passed,0.8123150887573964
7e10d4d4-3bd2-465f-afc7-e26ab57e6e7d,f0b228cf-4065-4deb-8f8e-7838a3a1b3c8,5.0,0.0,0.0,Passed,0.8123150887573964
7e10d4d4-3bd2-465f-afc7-e26ab57e6e7d,16f896b5-3ed0-4e67-86d4-2e1978ef4b19,37.0,47.0,77.0,Failed,0.7497829861111112
