Folder1,Folder2,AST Edit Distance,DFG Edit Distance,PDG Edit Distance,Passed Or Failed,Similarity Score during Execution
63bac013-600d-4a45-820f-17ecb5c1ee4b,46df5a50-2511-4cad-8d6b-3ef59a96fa27,0.0,0.0,0.0,Passed,1.2791517972946167
63bac013-600d-4a45-820f-17ecb5c1ee4b,b3643775-0b42-4dec-be7a-d880a25a3626,0.0,0.0,0.0,Passed,1.2291499376296997
63bac013-600d-4a45-820f-17ecb5c1ee4b,6b730ee5-5dd9-4af8-a2d1-a43f08995015,0.0,0.0,0.0,Passed,1.0357950925827026
63bac013-600d-4a45-820f-17ecb5c1ee4b,0ba564e2-387c-4d75-9f88-0ed542fc5084,4.0,0.0,0.0,Failed,1.0300722122192383
