Folder1,Folder2,AST Edit Distance,DFG Edit Distance,PDG Edit Distance,Passed Or Failed,ROUGE-L
9de29147-53e8-411f-9d23-e202b4eaf5e8,393b6144-71cf-4838-844d-b6c089e8e516,2.0,12.0,28.0,Passed,0.9333333333333333
9de29147-53e8-411f-9d23-e202b4eaf5e8,715edd11-9244-4dc4-b72b-6b30b9b7fa7c,0.0,12.0,28.0,Passed,0.8666666666666667
9de29147-53e8-411f-9d23-e202b4eaf5e8,78ee4757-6d34-4616-9e7d-89272063344c,0.0,0.0,0.0,Passed,0.8666666666666667
9de29147-53e8-411f-9d23-e202b4eaf5e8,9f3f4464-dbd1-428d-b7b7-11d041adc66e,0.0,0.0,0.0,Passed,0.8666666666666667
9de29147-53e8-411f-9d23-e202b4eaf5e8,0ec99f15-1b1b-4abe-b208-76914cdf0990,0.0,14.0,30.0,Passed,0.8000000000000002
9de29147-53e8-411f-9d23-e202b4eaf5e8,3b7ffabe-be8d-4b75-a588-ea96db258c77,31.0,0.0,0.0,Passed,0.8000000000000002
9de29147-53e8-411f-9d23-e202b4eaf5e8,3deb7865-d240-40cc-904d-808fca151de9,29.0,89.0,130.0,Failed,0.8000000000000002
