Folder1,Folder2,AST Edit Distance,DFG Edit Distance,PDG Edit Distance,Passed Or Failed,ROUGE-L
88765076-8a0e-4dcf-86db-d9c292e1c619,885fb16f-a2d2-41b4-9b7a-cf40fe1bc9ec,7.0,0.0,0.0,Passed,0.8395061728395062
88765076-8a0e-4dcf-86db-d9c292e1c619,0084907f-4674-4fe1-a304-d4988d7f4922,9.0,0.0,0.0,Failed,0.8148148148148148
