Folder1,Folder2,AST Edit Distance,DFG Edit Distance,PDG Edit Distance,Passed Or Failed,Similarity Score during Execution
e5627bb5-4db6-4121-970f-42d4e8c88c36,42afc7ec-6760-4ae9-9b89-734650ace52b,0.0,0.0,0.0,Passed,1.2526010274887085
e5627bb5-4db6-4121-970f-42d4e8c88c36,d033c960-ba8f-4c89-ae42-92f210bc72c2,1.0,0.0,0.0,Passed,1.2498295307159424
e5627bb5-4db6-4121-970f-42d4e8c88c36,f2fdd065-6129-4c87-82ba-ec8b35a4a6bf,0.0,0.0,0.0,Passed,1.2408385276794434
e5627bb5-4db6-4121-970f-42d4e8c88c36,2cfdc37d-0a06-4f10-b0e7-a4bd0a10e129,0.0,0.0,0.0,Passed,1.2201741933822632
e5627bb5-4db6-4121-970f-42d4e8c88c36,72fb2ba5-da56-43f1-8912-bdbb1749442f,1.0,0.0,0.0,Passed,1.2130112648010254
e5627bb5-4db6-4121-970f-42d4e8c88c36,8f9d158f-61bd-43e3-b212-9bac0a0d02d3,0.0,0.0,0.0,Passed,1.1968718767166138
e5627bb5-4db6-4121-970f-42d4e8c88c36,e0624f34-cbfc-4982-b2e8-5af6e0212b10,0.0,0.0,0.0,Passed,1.1809059381484985
e5627bb5-4db6-4121-970f-42d4e8c88c36,a2b29b29-8411-4093-ac05-33cb3a8f60fe,1.0,0.0,0.0,Passed,1.175135850906372
e5627bb5-4db6-4121-970f-42d4e8c88c36,0546f75f-5972-4535-9c94-a242e851e665,26.0,0.0,0.0,Failed,1.139199137687683
