Folder1,Folder2,AST Edit Distance,DFG Edit Distance,PDG Edit Distance,Passed Or Failed,ROUGE-L
c0c3e076-0919-4ada-a6aa-af03fd3a1079,535a6542-0400-425b-9fb0-13102979930d,0.0,0.0,0.0,Passed,0.6666666666666667
c0c3e076-0919-4ada-a6aa-af03fd3a1079,59c891cc-902f-4f07-b80a-709cce128fb2,0.0,0.0,0.0,Passed,0.6666666666666667
c0c3e076-0919-4ada-a6aa-af03fd3a1079,01d0e9f4-520f-4997-af7f-ff111302ac21,0.0,0.0,0.0,Passed,0.6341463414634146
c0c3e076-0919-4ada-a6aa-af03fd3a1079,08c4a21f-1e7b-41ac-abec-6b6da360ec56,0.0,0.0,0.0,Passed,0.6341463414634146
c0c3e076-0919-4ada-a6aa-af03fd3a1079,2faa00c5-86b3-45bb-bf21-d7071956954e,0.0,17.0,33.0,Failed,0.6341463414634146
