Folder1,Folder2,AST Edit Distance,DFG Edit Distance,PDG Edit Distance,Passed Or Failed,ROUGE-L
d243adac-278f-44e0-90d0-6dba38b345a7,6c639d75-720b-4183-9b01-2a5b73711a69,0.0,0.0,0.0,Passed,0.9090909090909091
d243adac-278f-44e0-90d0-6dba38b345a7,c1e034b7-12f8-42b3-898e-0c437df0ec38,0.0,0.0,0.0,Passed,0.9090909090909091
d243adac-278f-44e0-90d0-6dba38b345a7,3eed1587-062d-461a-9a48-3324bea31f63,0.0,0.0,0.0,Passed,0.8951048951048951
d243adac-278f-44e0-90d0-6dba38b345a7,4401f9c1-72c3-4b7a-802e-0a2c7d45a904,0.0,0.0,0.0,Passed,0.8951048951048951
d243adac-278f-44e0-90d0-6dba38b345a7,5d7ebd8d-6670-4cf5-8a0e-2eb71b1b17a1,0.0,0.0,0.0,Passed,0.8951048951048951
d243adac-278f-44e0-90d0-6dba38b345a7,831fff8c-beff-47d2-8aa4-5fae9ceca0fa,0.0,0.0,0.0,Failed,0.8951048951048951
