Folder1,Folder2,AST Edit Distance,DFG Edit Distance,PDG Edit Distance,Passed Or Failed,BLEU score
59f52c07-bd7a-4148-90e8-dde88a6da518,f6b970e2-b49e-4bf5-9bec-ac24e746757b,5.0,0.0,0.0,Passed,0.6068410610880495
59f52c07-bd7a-4148-90e8-dde88a6da518,88139467-fab3-4af8-8caf-f967ae49815e,0.0,0.0,0.0,Passed,0.5674773954614978
59f52c07-bd7a-4148-90e8-dde88a6da518,ee9a73d5-a9a0-45cd-a0db-7a5d8673b4ee,19.0,0.0,0.0,Passed,0.5674773954614978
59f52c07-bd7a-4148-90e8-dde88a6da518,705cabed-697f-42b9-a870-f78bd80963b9,20.0,0.0,0.0,Passed,0.514734641053836
59f52c07-bd7a-4148-90e8-dde88a6da518,8bbe3afe-10d7-4ace-b33d-045279f54f9d,31.0,86.0,110.0,Failed,0.514734641053836
