Folder1,Folder2,AST Edit Distance,DFG Edit Distance,PDG Edit Distance,Passed Or Failed,Cosine Similarity
2b214aab-2b42-4b2c-8ce7-97c300f804e1,d925553e-4016-4919-aa41-244999d8476d,13.0,0.0,0.0,Passed,0.9992865324020386
2b214aab-2b42-4b2c-8ce7-97c300f804e1,e28da0b2-d366-4821-ac8d-b3490ac8e3a9,13.0,0.0,0.0,Failed,0.9992865324020386
