Folder1,Folder2,AST Edit Distance,DFG Edit Distance,PDG Edit Distance,Semantic Similarity Using Roberta,Passed Or Failed,Similarity Score during Execution,Serial Execution,Cosine Similarity,Euclidean Distance,BLEU score,Maximal Safe Radius,Neighbourhood,Number Of Words,Levenshtein_CharacterLevel,Levenshtein_WordLevel,ROUGE-1,ROUGE-2,ROUGE-L,Meteor Score,ChrF Score
77080d3d-8f07-4a92-a88a-b48213fdd0ad,be08c28a-9e57-4757-ba42-a0f4bed573d7,19,85,122,0.688682318,Passed,1.215423703,0,0.977912128,0.834704757,0.091975501,4.913079074,0,17,184,17,0.360655738,0.13559322,0.360655738,0.28450869,41.66747264
77080d3d-8f07-4a92-a88a-b48213fdd0ad,0b195996-e6bb-4cd1-b842-6ed4d03f3977,33,20,32,2.019662857,Passed,1.208311915,0,0.992646158,0.484080136,0.523948454,2.433841613,2,9,28,9,0.7,0.526315789,0.7,0.680351307,67.3029919
77080d3d-8f07-4a92-a88a-b48213fdd0ad,6c6eae6b-29c4-4f5d-8637-ad60aa7cfe3c,23,37,58,0.671420395,Passed,1.182298779,0,0.977912128,0.834704757,0.099635871,4.913079074,0,17,184,17,0.360655738,0.13559322,0.360655738,0.28450869,41.82038604
77080d3d-8f07-4a92-a88a-b48213fdd0ad,43d8c27d-af09-45cd-825e-11c3f6ca8681,22,20,32,4.810617447,Passed,1.164598227,4,0.99961549,0.111456409,0.901631213,1.671845794,2,1,1,1,0.95,0.894736842,0.95,0.940257353,96.47506628
77080d3d-8f07-4a92-a88a-b48213fdd0ad,ce9f57d1-f47f-4111-9dc1-33172c305926,16,35,53,1.670909405,Passed,1.137164593,3,0.995444715,0.383950174,0.610304608,2.223855955,2,7,21,7,0.75,0.578947368,0.75,0.742951619,77.22761785
77080d3d-8f07-4a92-a88a-b48213fdd0ad,bba81e09-8128-40bf-8208-5fb3288bbc39,47,47,72,1.333390832,Failed,1.012332201,0,0.988269389,0.611370742,0.305369417,2.306808046,1,14,45,14,0.5,0.210526316,0.5,0.312959559,50.78142287
