Folder1,Folder2,AST Edit Distance,DFG Edit Distance,PDG Edit Distance,Passed Or Failed,ROUGE-L
2c4feb04-6795-4954-bcd1-5155b943010b,3a84ea5b-6073-432b-a327-d4b54c24d3de,4.0,0.0,0.0,Passed,0.6666666666666667
2c4feb04-6795-4954-bcd1-5155b943010b,585b77cb-837e-4faa-931d-2a3e9948bf91,8.0,0.0,0.0,Failed,0.6363636363636364
