Folder1,Folder2,AST Edit Distance,DFG Edit Distance,PDG Edit Distance,Passed Or Failed,Similarity Score during Execution
7b9603f9-a531-46f8-bd8c-02578788506e,bb162c83-642e-4749-9337-dba5002ccfe6,0.0,0.0,0.0,Passed,1.1481081247329712
7b9603f9-a531-46f8-bd8c-02578788506e,faa15035-30e4-40f9-abad-7bd3eeb381e9,21.0,0.0,0.0,Failed,1.1275047063827515
