Folder1,Folder2,AST Edit Distance,DFG Edit Distance,PDG Edit Distance,Passed Or Failed,Meteor Score
4bbaedf7-4852-46a3-8c95-5a1709d49a62,843447ee-4e38-4144-87cb-3880c46c32ed,2.0,0.0,0.0,Passed,0.47491039426523307
4bbaedf7-4852-46a3-8c95-5a1709d49a62,90f9ee3e-c889-486d-b104-fd849534814f,3.0,0.0,0.0,Failed,0.43463713320172653
