Folder1,Folder2,AST Edit Distance,DFG Edit Distance,PDG Edit Distance,Passed Or Failed,Cosine Similarity
3eb08cf3-5d14-4385-b68d-ef59d543990c,a41a19bc-f9f0-48b4-973a-d9c3b55450c6,8.0,44.0,77.0,Passed,0.9944643974304199
3eb08cf3-5d14-4385-b68d-ef59d543990c,29b7d948-1d91-4bb8-a22b-3f111c09294d,11.0,48.0,80.0,Failed,0.992925226688385
