Folder1,Folder2,AST Edit Distance,DFG Edit Distance,PDG Edit Distance,Passed Or Failed,ROUGE-2
c49760f5-fb14-4fbf-aad5-22be4eccf131,b3effa1c-9542-4c5e-aabb-3de371a3a60b,12.0,0.0,0.0,Passed,0.5000000000000001
c49760f5-fb14-4fbf-aad5-22be4eccf131,82c24534-ee5d-4140-884d-cd26bba74b7a,12.0,0.0,0.0,Passed,0.4533333333333333
c49760f5-fb14-4fbf-aad5-22be4eccf131,fdee6066-d2bb-4f6d-96be-01a7fec71fb1,0.0,0.0,0.0,Passed,0.4533333333333333
c49760f5-fb14-4fbf-aad5-22be4eccf131,110f1f6c-13b3-4e8b-9412-7d93c8578517,24.0,0.0,0.0,Failed,0.4473684210526316
