Folder1,Folder2,AST Edit Distance,DFG Edit Distance,PDG Edit Distance,Passed Or Failed,BLEU score
a06a5d50-a583-447a-8fdd-110a1ac538af,beec319d-dc1e-4c15-a14f-af8d0ff9e2f3,0.0,0.0,0.0,Passed,0.7558359165068557
a06a5d50-a583-447a-8fdd-110a1ac538af,c6d895c4-ebb7-4fcc-9a3c-7ab59782a9c3,0.0,0.0,0.0,Passed,0.7558359165068557
a06a5d50-a583-447a-8fdd-110a1ac538af,8dafad8b-816f-4ef9-8f8b-326e73c7c038,58.0,0.0,0.0,Failed,0.7323643588388071
