Folder1,Folder2,AST Edit Distance,DFG Edit Distance,PDG Edit Distance,Passed Or Failed,Meteor Score
eb583425-0944-49bc-bc44-02c014597d70,e11a59cb-a97d-41c9-b84b-feb68bf7739b,22.0,7.0,14.0,Passed,0.6914285714285714
eb583425-0944-49bc-bc44-02c014597d70,0a8eb42c-c029-4fc4-a8a8-d47e50fa449f,20.0,11.0,18.0,Passed,0.6146384479717814
eb583425-0944-49bc-bc44-02c014597d70,1b34d112-e23b-42d4-a74f-7689e4d72b1b,22.0,13.0,23.0,Failed,0.30547250747432736
