Folder1,Folder2,AST Edit Distance,DFG Edit Distance,PDG Edit Distance,Passed Or Failed,Cosine Similarity
5c40abca-66e6-4a94-9ea0-ef29b10ebcce,0b556bea-28b8-49ae-8032-76431db3e8ef,14.0,24.0,28.0,Passed,0.9829448461532593
5c40abca-66e6-4a94-9ea0-ef29b10ebcce,1bb6d857-3b26-4a39-9f54-88e9a3ee9f63,14.0,24.0,28.0,Passed,0.9829448461532593
5c40abca-66e6-4a94-9ea0-ef29b10ebcce,69e8e99c-327d-47da-bd56-a539fb7411bc,13.0,22.0,32.0,Failed,0.9829448461532593
