Folder1,Folder2,AST Edit Distance,DFG Edit Distance,PDG Edit Distance,Passed Or Failed,Euclidean Distance
5c40abca-66e6-4a94-9ea0-ef29b10ebcce,0243689a-43e6-436a-8c90-c7132f557d0f,14.0,24.0,28.0,Passed,0.6192554831504822
5c40abca-66e6-4a94-9ea0-ef29b10ebcce,89e6bf98-fe7b-4454-bc05-c5de2fc98881,14.0,24.0,28.0,Passed,0.6192554831504822
5c40abca-66e6-4a94-9ea0-ef29b10ebcce,979c2863-98ad-4d10-aff7-50b72fce08b6,10.0,0.0,0.0,Passed,0.6192554831504822
5c40abca-66e6-4a94-9ea0-ef29b10ebcce,f9da4904-d1d8-4baf-b2fb-8f0766fb6dbf,13.0,22.0,32.0,Failed,0.6192554831504822
