Folder1,Folder2,AST Edit Distance,DFG Edit Distance,PDG Edit Distance,Passed Or Failed,Euclidean Distance
9de29147-53e8-411f-9d23-e202b4eaf5e8,eb297001-5afb-48d3-8c6b-ab4bd841ad9e,37.0,0.0,0.0,Passed,0.511479377746582
9de29147-53e8-411f-9d23-e202b4eaf5e8,0ddf2111-8e6e-47f3-8e09-333e1c619344,87.0,0.0,0.0,Failed,0.5569019913673401
