Folder1,Folder2,AST Edit Distance,DFG Edit Distance,PDG Edit Distance,Passed Or Failed,ROUGE-2
95965218-74cf-478a-a57e-e519238e5128,8998113a-affa-48a3-a627-d251b8de447d,1.0,0.0,0.0,Passed,0.8000000000000002
95965218-74cf-478a-a57e-e519238e5128,fe04d943-13ac-4798-a4c3-cc7f6a1b4320,0.0,23.0,36.0,Passed,0.8000000000000002
95965218-74cf-478a-a57e-e519238e5128,05bbd8aa-ec5a-492f-bc4b-987df6b16a5a,37.0,33.0,42.0,Passed,0.7333333333333334
95965218-74cf-478a-a57e-e519238e5128,259b8861-c297-410e-826e-7ccc4865a9f8,1.0,34.0,35.0,Passed,0.7333333333333334
95965218-74cf-478a-a57e-e519238e5128,de6d1f33-2eba-480a-a18a-95d857705355,1.0,21.0,21.0,Passed,0.7333333333333334
95965218-74cf-478a-a57e-e519238e5128,f6eb32b1-2ec2-4ab1-b635-babbc24096df,10.0,0.0,0.0,Passed,0.7333333333333334
95965218-74cf-478a-a57e-e519238e5128,103b8be9-db18-4819-ab91-15c61f460807,2.0,28.0,28.0,Passed,0.6666666666666667
95965218-74cf-478a-a57e-e519238e5128,299da908-f999-48d0-922b-9996ecabd000,2.0,37.0,50.0,Passed,0.6666666666666667
95965218-74cf-478a-a57e-e519238e5128,2d3210fa-275e-48f5-aee5-93ecc0b075b7,28.0,116.0,164.0,Failed,0.6666666666666667
