Folder1,Folder2,AST Edit Distance,DFG Edit Distance,PDG Edit Distance,Passed Or Failed,Euclidean Distance
74aafdd6-a082-4982-bd5b-1349aab77795,3cfb6ca1-8ee1-4722-a1f7-a6e82deb9f38,0.0,0.0,0.0,Passed,0.3438454270362854
74aafdd6-a082-4982-bd5b-1349aab77795,8efb7e03-d261-4f61-804a-26c54af8b68a,0.0,0.0,0.0,Passed,0.3438454270362854
74aafdd6-a082-4982-bd5b-1349aab77795,a134d674-e776-4fc7-8627-ead4601a2cc4,0.0,10.0,11.0,Passed,0.34767183661460876
74aafdd6-a082-4982-bd5b-1349aab77795,cbdb1ed2-0b75-4404-9326-984311c586a3,0.0,10.0,11.0,Passed,0.34767183661460876
74aafdd6-a082-4982-bd5b-1349aab77795,1cee4a1e-9249-40c8-8159-b3f4c8660a34,41.0,77.0,113.0,Failed,0.36860382556915283
