Folder1,Folder2,AST Edit Distance,DFG Edit Distance,PDG Edit Distance,Passed Or Failed,ROUGE-L
ed0cd161-f31f-48a8-8813-65fcd56dae11,57fcf8ef-123d-4e67-b8a2-bdd19f3834b0,0.0,0.0,0.0,Passed,0.7692307692307692
ed0cd161-f31f-48a8-8813-65fcd56dae11,d4e58244-7219-4782-af47-2dd99ba72513,1.0,0.0,0.0,Passed,0.7692307692307692
ed0cd161-f31f-48a8-8813-65fcd56dae11,0c40be89-0a07-49f3-b498-736d59179c67,0.0,0.0,0.0,Passed,0.6923076923076923
ed0cd161-f31f-48a8-8813-65fcd56dae11,24cbf2de-4988-4309-88fb-4a80f79ac562,0.0,0.0,0.0,Passed,0.6923076923076923
ed0cd161-f31f-48a8-8813-65fcd56dae11,44d69333-3291-4a9c-a87a-62b5eceb3b02,0.0,6.0,11.0,Passed,0.6923076923076923
ed0cd161-f31f-48a8-8813-65fcd56dae11,44f6a9b8-9348-48b1-95e7-ff048b72b861,1.0,28.0,38.0,Passed,0.6923076923076923
ed0cd161-f31f-48a8-8813-65fcd56dae11,4a365bcd-df0a-4005-925b-2abfa125090d,0.0,0.0,0.0,Passed,0.6923076923076923
ed0cd161-f31f-48a8-8813-65fcd56dae11,501ec235-a0ca-492f-8cd1-643464aadd15,1.0,45.0,64.0,Failed,0.6923076923076923
