Folder1,Folder2,AST Edit Distance,DFG Edit Distance,PDG Edit Distance,Passed Or Failed,Meteor Score
dd9b32e6-a8ae-40eb-9fa1-02c1a06e94ff,bb19d05e-4943-4c92-b306-a1a5ebacd4ff,0.0,0.0,0.0,Passed,0.8632781274980015
dd9b32e6-a8ae-40eb-9fa1-02c1a06e94ff,afba6da5-a93f-43ca-9918-0ae3f6bfd27d,0.0,0.0,0.0,Passed,0.8630595523581134
dd9b32e6-a8ae-40eb-9fa1-02c1a06e94ff,dd79aad2-78f7-48c0-a91f-676f9a82ac74,0.0,0.0,0.0,Passed,0.8594062250199839
dd9b32e6-a8ae-40eb-9fa1-02c1a06e94ff,d5f9d02a-2801-4231-aa71-0a53e32f3bad,4.0,0.0,0.0,Failed,0.8525991706634691
