Folder1,Folder2,AST Edit Distance,DFG Edit Distance,PDG Edit Distance,Passed Or Failed,ChrF Score
c72d4d53-ab06-457e-84e4-0109e0537dad,be01c726-8de1-4719-87b5-e0632050e126,22.0,0.0,0.0,Passed,79.53358662287961
c72d4d53-ab06-457e-84e4-0109e0537dad,ff9f574d-cc9a-4314-b466-6b6150d9982d,22.0,0.0,0.0,Failed,79.53358662287961
