Folder1,Folder2,AST Edit Distance,DFG Edit Distance,PDG Edit Distance,Passed Or Failed,Euclidean Distance
79fb983b-cfc8-4388-94d9-38a3e63e0941,86abb708-5ae8-4e43-b7d7-a0bcb2558366,11.0,0.0,0.0,Passed,0.0
79fb983b-cfc8-4388-94d9-38a3e63e0941,e366f8eb-fd98-4c3b-84ff-393005ddb2ba,12.0,27.0,44.0,Passed,0.21037371456623077
79fb983b-cfc8-4388-94d9-38a3e63e0941,53c70662-37db-4085-aeea-3eade760aeb0,20.0,0.0,0.0,Passed,0.2595328688621521
79fb983b-cfc8-4388-94d9-38a3e63e0941,5060b9f9-5099-4f20-af6b-e8dcee14c4ab,16.0,43.0,52.0,Failed,1.1600136756896973
