Folder1,Folder2,AST Edit Distance,DFG Edit Distance,PDG Edit Distance,Passed Or Failed,ROUGE-2
118e6488-7f59-424c-bcc1-84f56a84e32d,86124399-976b-433e-8f39-0d071d59f205,1.0,0.0,0.0,Passed,0.7368421052631577
118e6488-7f59-424c-bcc1-84f56a84e32d,ced9f214-3d8a-4c2e-8fee-ad4cab69ee13,1.0,30.0,0.0,Failed,0.7368421052631577
