Folder1,Folder2,AST Edit Distance,DFG Edit Distance,PDG Edit Distance,Passed Or Failed,Cosine Similarity
c49760f5-fb14-4fbf-aad5-22be4eccf131,c69245fe-1233-4721-9a8f-b2e497191fc1,39.0,0.0,0.0,Passed,0.9872206449508667
c49760f5-fb14-4fbf-aad5-22be4eccf131,ebcdc612-622a-4fa2-971f-5f19571ad341,40.0,0.0,0.0,Passed,0.986632764339447
c49760f5-fb14-4fbf-aad5-22be4eccf131,bdb66321-1f45-47ad-8475-7997f8f503e1,40.0,0.0,0.0,Passed,0.9864206314086914
c49760f5-fb14-4fbf-aad5-22be4eccf131,c01bf1cd-0731-4779-bf58-013025b7edd9,41.0,0.0,0.0,Passed,0.9863376617431641
c49760f5-fb14-4fbf-aad5-22be4eccf131,16b8484b-9ea8-4349-9193-053a21f28cfa,41.0,0.0,0.0,Failed,0.9862400889396667
