Folder1,Folder2,AST Edit Distance,DFG Edit Distance,PDG Edit Distance,Passed Or Failed,Euclidean Distance
f0355333-5cc0-4414-a16c-cb06b0a5041d,6b6b9dca-c98e-45d5-b95b-4b814c117e3e,44.0,24.0,38.0,Passed,0.8034288287162781
f0355333-5cc0-4414-a16c-cb06b0a5041d,f25e37ed-e056-4518-93b3-2ccfe41f743e,5.0,0.0,0.0,Passed,0.8226316571235657
f0355333-5cc0-4414-a16c-cb06b0a5041d,f63d49d4-0e88-43fc-a6d8-4a4d04184f11,50.0,74.0,107.0,Passed,0.8693846464157104
f0355333-5cc0-4414-a16c-cb06b0a5041d,c9e7dcab-4c2c-4642-bd54-99372f20c662,38.0,31.0,47.0,Passed,0.8850542902946472
f0355333-5cc0-4414-a16c-cb06b0a5041d,8c2287fe-9995-422a-be2d-cb63ed1d012c,54.0,80.0,119.0,Passed,0.958595871925354
f0355333-5cc0-4414-a16c-cb06b0a5041d,8182dbe5-5618-42a7-89ac-1cf369b9b1da,33.0,154.0,233.0,Failed,1.0321780443191528
