Folder1,Folder2,AST Edit Distance,DFG Edit Distance,PDG Edit Distance,Passed Or Failed,ROUGE-L
a4447716-22f2-4f75-9d33-86f2d956a56f,7f069eae-a689-44d4-814e-b98f66e9ff8b,24.0,16.0,32.0,Passed,0.3157894736842105
a4447716-22f2-4f75-9d33-86f2d956a56f,e4a1bc2f-41df-4d3e-9263-cd61399d94ee,30.0,70.0,99.0,Passed,0.3157894736842105
a4447716-22f2-4f75-9d33-86f2d956a56f,003c4190-d318-4739-b077-a53d604b5f2d,21.0,45.0,68.0,Passed,0.2857142857142857
a4447716-22f2-4f75-9d33-86f2d956a56f,161ed16d-e094-48b7-85cb-d78ad514aca4,85.0,78.0,119.0,Failed,0.2807017543859649
