Folder1,Folder2,AST Edit Distance,DFG Edit Distance,PDG Edit Distance,Passed Or Failed,ROUGE-L
9de29147-53e8-411f-9d23-e202b4eaf5e8,ec35d82a-ebfc-4deb-8124-685b1cda6ef0,27.0,0.0,0.0,Passed,0.6896551724137931
9de29147-53e8-411f-9d23-e202b4eaf5e8,0ddf2111-8e6e-47f3-8e09-333e1c619344,87.0,0.0,0.0,Failed,0.6666666666666667
