Folder1,Folder2,AST Edit Distance,DFG Edit Distance,PDG Edit Distance,Passed Or Failed,ROUGE-L
c6f5cc05-3d87-44f5-9819-8e4c06653692,b3a79ee0-1e93-4340-ad69-d1e62a018666,0.0,17.0,23.0,Passed,0.8749999999999999
c6f5cc05-3d87-44f5-9819-8e4c06653692,8c92fad4-3bb3-4ce0-a588-f4fb731d03fd,0.0,0.0,0.0,Passed,0.8571428571428571
c6f5cc05-3d87-44f5-9819-8e4c06653692,d3774fe4-aafa-4e9f-840f-319de7b43b9e,0.0,43.0,60.0,Failed,0.8571428571428571
