Folder1,Folder2,AST Edit Distance,DFG Edit Distance,PDG Edit Distance,Passed Or Failed,Similarity Score during Execution
d078bdb3-9601-4891-b49c-27472490b5a7,28ba2da6-5096-4ef0-8b1b-cb9e5e7a3ee1,7.0,0.0,0.0,Passed,1.349204421043396
d078bdb3-9601-4891-b49c-27472490b5a7,f96254b5-b1c8-48df-af5c-42d311a91389,0.0,0.0,0.0,Passed,1.3367613554000854
d078bdb3-9601-4891-b49c-27472490b5a7,576bc80c-b3ed-4ecc-8c57-3e9b44293820,9.0,0.0,0.0,Failed,1.3282427787780762
