Folder1,Folder2,AST Edit Distance,DFG Edit Distance,PDG Edit Distance,Passed Or Failed,Similarity Score during Execution
75fec747-0437-423a-859c-88eaaac79707,80d5991a-6673-423e-817f-9ddf76c57e1f,7.0,0.0,0.0,Passed,1.587744116783142
75fec747-0437-423a-859c-88eaaac79707,4c254b84-92a4-4db7-b588-b30e08a19cba,5.0,59.0,86.0,Failed,1.5362684726715088
