Folder1,Folder2,AST Edit Distance,DFG Edit Distance,PDG Edit Distance,Passed Or Failed,Similarity Score during Execution
a22e41f2-88bc-4e43-8fc9-0d56dac1056a,cab1e457-882c-4ed2-be8b-9c388751a823,0.0,0.0,0.0,Passed,1.45717453956604
a22e41f2-88bc-4e43-8fc9-0d56dac1056a,59b3d236-217b-4ca7-823d-e4f8cf96ff4d,49.0,0.0,0.0,Passed,1.4377129077911377
a22e41f2-88bc-4e43-8fc9-0d56dac1056a,6a565e23-a0ce-4a7e-baca-a840f67499c8,53.0,13.0,22.0,Failed,0.8922116756439209
