Folder1,Folder2,AST Edit Distance,DFG Edit Distance,PDG Edit Distance,Passed Or Failed,BLEU score
e2345753-bcc3-4cae-9594-152b36a3c013,18ffc275-22f5-47f3-a1d9-578e8d1f490f,59.0,0.0,0.0,Passed,0.5330640187089943
e2345753-bcc3-4cae-9594-152b36a3c013,d4e98c54-6fa4-4492-8f1b-d7280ee2ca96,59.0,0.0,0.0,Passed,0.5330640187089943
e2345753-bcc3-4cae-9594-152b36a3c013,0e32737b-6baa-48ed-9a3c-6410789f1c6a,33.0,0.0,0.0,Passed,0.48624389134644175
e2345753-bcc3-4cae-9594-152b36a3c013,7ec5153b-7c90-49a1-be86-da7cef99920e,16.0,0.0,0.0,Passed,0.48624389134644175
e2345753-bcc3-4cae-9594-152b36a3c013,4cbadd55-5d45-443f-86ed-c84bcb1b7c86,12.0,51.0,92.0,Passed,0.44903323241491244
e2345753-bcc3-4cae-9594-152b36a3c013,9e97cd5d-f3ff-4059-bee9-ccba8037d711,46.0,75.0,135.0,Failed,0.44903323241491244
