Folder1,Folder2,AST Edit Distance,DFG Edit Distance,PDG Edit Distance,Passed Or Failed,Similarity Score during Execution
061687ae-3360-4206-b5e2-5cd419880cff,fb7caae2-34da-4fbf-afab-a1837ff8542b,14.0,28.0,50.0,Passed,1.2810077667236328
061687ae-3360-4206-b5e2-5cd419880cff,087b117e-063b-4a18-bf16-3a7016142cce,32.0,27.0,42.0,Passed,1.254994511604309
061687ae-3360-4206-b5e2-5cd419880cff,88b6578b-6d27-47ba-b01d-f37df9031ae0,24.0,35.0,52.0,Passed,1.213713526725769
061687ae-3360-4206-b5e2-5cd419880cff,cc19a567-8080-48f5-9fd9-4f96d1f5d75a,18.0,55.0,86.0,Failed,1.151464819908142
