Folder1,Folder2,AST Edit Distance,DFG Edit Distance,PDG Edit Distance,Passed Or Failed,Cosine Similarity
23e9b15f-c1fc-4473-b73b-9da545a16b16,0598fb40-1ab8-4375-a5c1-f0c69c209aef,1.0,0.0,0.0,Passed,0.995631992816925
23e9b15f-c1fc-4473-b73b-9da545a16b16,7bbbc036-d867-482a-9e76-46b3273e068f,20.0,0.0,0.0,Passed,0.995631992816925
23e9b15f-c1fc-4473-b73b-9da545a16b16,984dedd8-7c97-470e-b58f-daf34098508d,30.0,30.0,44.0,Failed,0.995631992816925
