Folder1,Folder2,AST Edit Distance,DFG Edit Distance,PDG Edit Distance,Passed Or Failed,BLEU score
312880ff-45c5-49d7-b909-01564f580dca,2fdeaf9e-1303-4f29-ae04-b9aeed0981cf,0.0,0.0,0.0,Passed,0.4328015276270855
312880ff-45c5-49d7-b909-01564f580dca,599eca21-ce05-47f0-835c-cbf4c375b618,0.0,0.0,0.0,Passed,0.4328015276270855
312880ff-45c5-49d7-b909-01564f580dca,6bad0400-eb00-41a8-9de3-e1b4bafe410b,45.0,92.0,246.0,Failed,0.3595290285752277
