Folder1,Folder2,AST Edit Distance,DFG Edit Distance,PDG Edit Distance,Passed Or Failed,ChrF Score
2799dffd-c924-427c-ae47-a6a10f3c6793,64a92c24-a470-449f-918d-69a37a6a4a09,22.0,0.0,0.0,Passed,62.692867121084106
2799dffd-c924-427c-ae47-a6a10f3c6793,969c210c-e533-48f2-be71-a0d98fee7b3e,22.0,0.0,0.0,Passed,62.34713929831038
2799dffd-c924-427c-ae47-a6a10f3c6793,292c9bb2-b5e4-4605-9dfa-58d4aaea9fb2,41.0,86.0,135.0,Failed,62.22983346957132
