Folder1,Folder2,AST Edit Distance,DFG Edit Distance,PDG Edit Distance,Passed Or Failed,Cosine Similarity
4e567edf-84b8-472c-a72b-1da87ed091f1,a30b7505-ec5b-4d7b-95e1-cc222ae65ea7,0.0,0.0,0.0,Passed,0.9916520714759827
4e567edf-84b8-472c-a72b-1da87ed091f1,7e609159-b1d2-47c9-8148-f595f494a2f2,0.0,0.0,0.0,Passed,0.9860122203826904
4e567edf-84b8-472c-a72b-1da87ed091f1,d26ee7f2-d394-4258-a7cb-590051f1b5d7,0.0,0.0,0.0,Passed,0.9860122203826904
4e567edf-84b8-472c-a72b-1da87ed091f1,42646ffb-76e8-4dab-9ca8-e12d10dc6858,0.0,0.0,0.0,Passed,0.9857140779495239
4e567edf-84b8-472c-a72b-1da87ed091f1,5ccf7ab1-21c6-4f7a-82dd-d6aeda45081e,9.0,0.0,0.0,Failed,0.9857140779495239
