Folder1,Folder2,AST Edit Distance,DFG Edit Distance,PDG Edit Distance,Passed Or Failed,Meteor Score
f505df41-c1dd-477a-b46d-d4c704212a6f,03b4ee18-849f-4a4f-ad65-0778666d02ed,0.0,0.0,0.0,Passed,0.8051360924683074
f505df41-c1dd-477a-b46d-d4c704212a6f,0bb22366-235d-4f6b-a887-16cc171c4882,0.0,0.0,0.0,Passed,0.8051360924683074
f505df41-c1dd-477a-b46d-d4c704212a6f,2aaeca5c-45b6-438f-9e85-54b76d6c78d0,6.0,0.0,0.0,Passed,0.8051360924683074
f505df41-c1dd-477a-b46d-d4c704212a6f,2e7434dc-00db-41fd-a667-8b72f1333733,0.0,0.0,0.0,Passed,0.8051360924683074
f505df41-c1dd-477a-b46d-d4c704212a6f,ae0f263d-91bb-4939-b7bb-c6f67e10a675,0.0,0.0,0.0,Passed,0.7379777025902711
f505df41-c1dd-477a-b46d-d4c704212a6f,bd4b72d4-a42f-4131-8e02-6a96573672ef,0.0,0.0,0.0,Passed,0.7379777025902711
f505df41-c1dd-477a-b46d-d4c704212a6f,02e6f0a1-0660-4f3d-8974-8f70c50ac75b,4.0,11.0,19.0,Passed,0.7360363858228408
f505df41-c1dd-477a-b46d-d4c704212a6f,0ae3f62c-0108-4108-83a7-0d48e0b3420e,14.0,225.0,336.0,Failed,0.7360363858228408
