Folder1,Folder2,AST Edit Distance,DFG Edit Distance,PDG Edit Distance,Passed Or Failed,Cosine Similarity
7e738d6c-8c66-42af-83ce-98a44356b3ce,a7c68c60-fe13-43bc-b4d1-127313ff02a7,0.0,0.0,0.0,Passed,0.9981126189231873
7e738d6c-8c66-42af-83ce-98a44356b3ce,aa03a469-0aea-4fce-a122-282c2e975e69,51.0,0.0,0.0,Failed,0.9981126189231873
