Folder1,Folder2,AST Edit Distance,DFG Edit Distance,PDG Edit Distance,Passed Or Failed,Meteor Score
b728c8b0-03a6-4053-ae26-093e66530e79,1df59bfc-2155-4f75-a02c-6eed0cfd1645,1.0,0.0,0.0,Passed,0.83320987654321
b728c8b0-03a6-4053-ae26-093e66530e79,20356895-bfc8-4f18-8f17-cdb11d4e368d,1.0,0.0,0.0,Passed,0.83320987654321
b728c8b0-03a6-4053-ae26-093e66530e79,a9100641-5291-4eea-bf99-8a2beaad7ff2,18.0,0.0,0.0,Failed,0.8323456790123458
