Folder1,Folder2,AST Edit Distance,DFG Edit Distance,PDG Edit Distance,Passed Or Failed,Euclidean Distance
77080d3d-8f07-4a92-a88a-b48213fdd0ad,43d8c27d-af09-45cd-825e-11c3f6ca8681,22,20,32,Passed,0.111456409
77080d3d-8f07-4a92-a88a-b48213fdd0ad,ce9f57d1-f47f-4111-9dc1-33172c305926,16,35,53,Passed,0.383950174
77080d3d-8f07-4a92-a88a-b48213fdd0ad,0b195996-e6bb-4cd1-b842-6ed4d03f3977,33,20,32,Passed,0.484080136
77080d3d-8f07-4a92-a88a-b48213fdd0ad,bba81e09-8128-40bf-8208-5fb3288bbc39,47,47,72,Passed,0.611370742
77080d3d-8f07-4a92-a88a-b48213fdd0ad,be08c28a-9e57-4757-ba42-a0f4bed573d7,19,85,122,Failed,0.834704757
