Folder1,Folder2,AST Edit Distance,DFG Edit Distance,PDG Edit Distance,Passed Or Failed,Meteor Score
f672ca7a-9a29-41a6-803f-0c5350032e12,7b22a4bc-ae86-434b-b8e3-4b047d6c6f96,0.0,0.0,0.0,Passed,0.8912195507846967
f672ca7a-9a29-41a6-803f-0c5350032e12,9ac5f0bd-9621-454e-a35f-f3da4d45dc75,0.0,0.0,0.0,Passed,0.8912195507846967
f672ca7a-9a29-41a6-803f-0c5350032e12,d3b15c6b-43f8-4d77-b6fa-111d844759d2,0.0,0.0,0.0,Passed,0.8912195507846967
f672ca7a-9a29-41a6-803f-0c5350032e12,6a939a87-8553-4c50-8685-4eb99d8e26d1,1.0,0.0,0.0,Passed,0.860948667966212
f672ca7a-9a29-41a6-803f-0c5350032e12,8f740993-44f3-4baa-bcf1-6e9f312b7485,0.0,0.0,0.0,Passed,0.860948667966212
f672ca7a-9a29-41a6-803f-0c5350032e12,a8bc8aef-9a3e-4261-804a-c87ed2cb4be9,5.0,0.0,0.0,Failed,0.860948667966212
