Folder1,Folder2,AST Edit Distance,DFG Edit Distance,PDG Edit Distance,Passed Or Failed,ChrF Score
e9cb1f09-9658-4277-a5f9-a9b8c20aea66,12e0ed76-645d-4f79-8565-b9bd36cb8561,26.0,5.0,10.0,Passed,90.15059969410832
e9cb1f09-9658-4277-a5f9-a9b8c20aea66,8ba5a42c-8772-451d-a6c4-64adba7cb1d4,21.0,5.0,10.0,Passed,89.7094551016125
e9cb1f09-9658-4277-a5f9-a9b8c20aea66,b3f04407-00a9-4bcd-a3d5-fbeaf9173926,21.0,0.0,0.0,Passed,89.04016086866451
e9cb1f09-9658-4277-a5f9-a9b8c20aea66,0fb732fe-a01d-4f7b-9bd9-fb1f7dbf4e05,26.0,51.0,69.0,Failed,87.34470623800364
