Folder1,Folder2,AST Edit Distance,DFG Edit Distance,PDG Edit Distance,Passed Or Failed,Euclidean Distance
774bd9c9-601b-47a9-a0d7-4acdb237d22d,2600039c-3e80-427b-9630-f0e5f863023c,1.0,0.0,0.0,Passed,0.3578074872493744
774bd9c9-601b-47a9-a0d7-4acdb237d22d,42b92393-7ca9-4685-8ef1-1a38b3b2b332,1.0,32.0,0.0,Failed,0.3578074872493744
