Folder1,Folder2,AST Edit Distance,DFG Edit Distance,PDG Edit Distance,Passed Or Failed,Cosine Similarity
cf23513f-6c18-423b-b61d-c5a916b48be7,c029155b-765d-45f3-aa70-287b0b118089,5.0,0.0,0.0,Passed,0.9978442192077637
cf23513f-6c18-423b-b61d-c5a916b48be7,c5decbb7-0a64-4e5f-acea-7e599d8cee77,5.0,0.0,0.0,Passed,0.9978442192077637
cf23513f-6c18-423b-b61d-c5a916b48be7,0ccfeff0-4966-4147-b274-58247cdbd55b,4.0,0.0,0.0,Passed,0.9975833296775818
cf23513f-6c18-423b-b61d-c5a916b48be7,15811618-8047-4354-be65-5d6e672a7f7b,4.0,32.0,52.0,Failed,0.9963931441307068
