Folder1,Folder2,AST Edit Distance,DFG Edit Distance,PDG Edit Distance,Passed Or Failed,BLEU score
e8ba2945-e67e-4315-ab4c-4d5dab3e0e47,50d803ce-4bc7-4a2e-89fc-92c30c1202f4,2.0,0.0,0.0,Passed,0.5540080387705814
e8ba2945-e67e-4315-ab4c-4d5dab3e0e47,a2fdb14e-3526-43d5-9de4-5f90f220d3be,2.0,0.0,0.0,Passed,0.5540080387705814
e8ba2945-e67e-4315-ab4c-4d5dab3e0e47,55e8e456-5c61-4590-8973-4e7834f4450e,2.0,0.0,0.0,Passed,0.5093121744590023
e8ba2945-e67e-4315-ab4c-4d5dab3e0e47,91d831f0-abd8-4367-a6c2-41f742bdd4c0,0.0,0.0,0.0,Passed,0.5093121744590023
e8ba2945-e67e-4315-ab4c-4d5dab3e0e47,268f1fc7-bb8f-4965-95e8-1c9e090f7ab2,2.0,0.0,0.0,Passed,0.47396838435140404
e8ba2945-e67e-4315-ab4c-4d5dab3e0e47,fa2a8505-ac18-46f5-9d5d-c8b437f22317,0.0,0.0,0.0,Passed,0.47396838435140404
e8ba2945-e67e-4315-ab4c-4d5dab3e0e47,2dd5c28e-13ae-4adb-b119-a5711310dd14,2.0,0.0,0.0,Passed,0.4482516224331324
e8ba2945-e67e-4315-ab4c-4d5dab3e0e47,74951f93-cc8a-4327-917d-968ec20f5a04,2.0,27.0,34.0,Failed,0.4482516224331324
