Folder1,Folder2,AST Edit Distance,DFG Edit Distance,PDG Edit Distance,Passed Or Failed,Euclidean Distance
b34132d1-c653-4a27-9341-3bc379a10231,dcc468d7-2d7a-4918-8f58-3c488ddd9edc,0.0,0.0,0.0,Passed,0.2816740870475769
b34132d1-c653-4a27-9341-3bc379a10231,00c49363-d597-49d1-86d6-b5571b82996a,23.0,0.0,0.0,Passed,0.28543606400489807
b34132d1-c653-4a27-9341-3bc379a10231,6d7f5c0e-d2ed-4887-b133-9c6e22e323f5,23.0,0.0,0.0,Passed,0.3021535277366638
b34132d1-c653-4a27-9341-3bc379a10231,aee8a2ea-f347-489f-ab21-a56e2b29a7cc,44.0,0.0,0.0,Failed,0.310451865196228
