Folder1,Folder2,AST Edit Distance,DFG Edit Distance,PDG Edit Distance,Passed Or Failed,Cosine Similarity
ee40bdc1-7a6d-4082-ad49-b4227b3beedb,e12ef966-0cc2-4a40-b819-b0ce51871f76,27.0,0.0,0.0,Passed,0.9985107779502869
ee40bdc1-7a6d-4082-ad49-b4227b3beedb,d3a02ae9-d095-462b-be96-9bb4ca8d72f0,22.0,0.0,0.0,Passed,0.9984471797943115
ee40bdc1-7a6d-4082-ad49-b4227b3beedb,035da4eb-02b3-4b86-9a9f-329b27053147,36.0,0.0,0.0,Passed,0.9981163740158081
ee40bdc1-7a6d-4082-ad49-b4227b3beedb,e720d799-2d12-4962-bbe4-e912b4e4d32b,8.0,0.0,0.0,Passed,0.9981163740158081
ee40bdc1-7a6d-4082-ad49-b4227b3beedb,ed68c758-b9fc-4505-8836-5419885b31ef,28.0,0.0,0.0,Passed,0.9981122016906738
ee40bdc1-7a6d-4082-ad49-b4227b3beedb,fcbdd3d0-2f16-4137-bfc4-1a34a13e173e,42.0,0.0,0.0,Failed,0.998112142086029
