Folder1,Folder2,AST Edit Distance,DFG Edit Distance,PDG Edit Distance,Passed Or Failed,BLEU score
8166477f-e999-4444-aab0-adf86534c894,7c661db5-9a0b-400c-8d7e-d46dc4af69d8,18.0,61.0,96.0,Passed,0.20069289886912323
8166477f-e999-4444-aab0-adf86534c894,56a2a8e9-30eb-4f18-8598-87f7c6974caa,75.0,18.0,18.0,Passed,0.15739692194189658
8166477f-e999-4444-aab0-adf86534c894,db955069-74f0-4304-9746-03138c5c1113,18.0,83.0,134.0,Failed,0.11209528410149087
