Folder1,Folder2,AST Edit Distance,DFG Edit Distance,PDG Edit Distance,Passed Or Failed,ROUGE-L
7e738d6c-8c66-42af-83ce-98a44356b3ce,5667fc7b-e21d-4d9a-b0e7-5b20f636a739,0.0,0.0,0.0,Passed,0.8852459016393442
7e738d6c-8c66-42af-83ce-98a44356b3ce,05a56f36-5a83-4492-8332-a1ad65747291,0.0,0.0,0.0,Passed,0.8709677419354839
7e738d6c-8c66-42af-83ce-98a44356b3ce,150fc14d-df3b-44a2-a51d-a5ed4925f08c,0.0,0.0,0.0,Passed,0.8709677419354839
7e738d6c-8c66-42af-83ce-98a44356b3ce,3a015293-e407-411e-8be4-00bfc42f60ee,0.0,0.0,0.0,Passed,0.8709677419354839
7e738d6c-8c66-42af-83ce-98a44356b3ce,5182ac0a-78dc-49ba-9ae9-0098b8ab24fb,51.0,0.0,0.0,Failed,0.8709677419354839
