Folder1,Folder2,AST Edit Distance,DFG Edit Distance,PDG Edit Distance,Passed Or Failed,Cosine Similarity
afae4f80-ba75-4e24-9325-96dbd41d05d7,56a4dd07-370c-4c2a-83a2-06a23688a359,0.0,0.0,0.0,Passed,0.9955286383628845
afae4f80-ba75-4e24-9325-96dbd41d05d7,f12e035c-cb6a-49eb-a887-7aff5f64c9ab,0.0,0.0,0.0,Passed,0.9955286383628845
afae4f80-ba75-4e24-9325-96dbd41d05d7,078694e7-7634-49f5-a2de-338d6261dea0,0.0,0.0,0.0,Passed,0.9953923225402832
afae4f80-ba75-4e24-9325-96dbd41d05d7,5993b2a5-52df-4f31-a971-9a678177b69f,0.0,0.0,0.0,Passed,0.9953923225402832
afae4f80-ba75-4e24-9325-96dbd41d05d7,0726c4b2-1aa3-4b01-b33a-f1f4388f17c0,0.0,7.0,11.0,Failed,0.9952766299247742
