Folder1,Folder2,AST Edit Distance,DFG Edit Distance,PDG Edit Distance,Passed Or Failed,Similarity Score during Execution
c49760f5-fb14-4fbf-aad5-22be4eccf131,a66226c4-b763-4917-815f-02df0bd61435,41.0,0.0,0.0,Passed,0.8932759761810303
c49760f5-fb14-4fbf-aad5-22be4eccf131,0a3db878-1471-4fd3-9bf1-f186db1c20ee,40.0,0.0,0.0,Passed,0.8926205635070801
c49760f5-fb14-4fbf-aad5-22be4eccf131,8680410a-a377-40df-9e7a-c3fe28544c79,40.0,0.0,0.0,Passed,0.8852642178535461
c49760f5-fb14-4fbf-aad5-22be4eccf131,b6705aab-d17a-4fc6-9bf2-25cbf37baffc,43.0,0.0,0.0,Failed,0.882945716381073
