Folder1,Folder2,AST Edit Distance,DFG Edit Distance,PDG Edit Distance,Passed Or Failed,BLEU score
d53d4906-37a2-461f-b0ce-9be4f3daf0e1,56375512-d6c8-4ec2-b1d4-8b0819bbd4cd,15.0,0.0,0.0,Passed,0.709421400618421
d53d4906-37a2-461f-b0ce-9be4f3daf0e1,f49b1bd1-6437-472a-af30-f7c286173884,28.0,15.0,26.0,Passed,0.709421400618421
d53d4906-37a2-461f-b0ce-9be4f3daf0e1,01590790-a11d-4d26-90d4-2dc76d9860f8,31.0,13.0,27.0,Passed,0.5101364843241594
d53d4906-37a2-461f-b0ce-9be4f3daf0e1,e75b67b5-e9de-4df0-9e9c-7b51dff74e6b,34.0,27.0,51.0,Passed,0.5101364843241594
d53d4906-37a2-461f-b0ce-9be4f3daf0e1,12187dd0-eb5b-4583-a944-30ef2b918431,21.0,0.0,0.0,Passed,0.4790714250659132
d53d4906-37a2-461f-b0ce-9be4f3daf0e1,4ce78312-eaab-4f93-932e-17a36e7a0e12,49.0,41.0,61.0,Failed,0.44897710722021167
