Folder1,Folder2,AST Edit Distance,DFG Edit Distance,PDG Edit Distance,Passed Or Failed,Meteor Score
5fc4befd-2c21-4e32-ad75-0f268020b959,3a879f85-8c20-4b17-9912-287936312e43,9.0,57.0,83.0,Passed,0.8748405612244898
5fc4befd-2c21-4e32-ad75-0f268020b959,3bb6d811-f5cb-4a08-b5ed-9429464142bf,4.0,20.0,33.0,Passed,0.8748405612244898
5fc4befd-2c21-4e32-ad75-0f268020b959,9be44d8f-89f7-4def-b8ab-210f8b930005,13.0,0.0,0.0,Passed,0.8748405612244898
5fc4befd-2c21-4e32-ad75-0f268020b959,ac4ad750-3274-4441-a05d-b5b3acfa0b9e,4.0,20.0,33.0,Passed,0.8748405612244898
5fc4befd-2c21-4e32-ad75-0f268020b959,a7e36f2e-5ca5-4b7e-a950-0e885a2ae56d,12.0,29.0,43.0,Passed,0.8123150887573964
5fc4befd-2c21-4e32-ad75-0f268020b959,aec23b13-1759-4c70-818e-64612568ed2d,9.0,22.0,35.0,Passed,0.8123150887573964
5fc4befd-2c21-4e32-ad75-0f268020b959,afe5c4d3-f2e4-430f-80ec-cd786ceb462b,35.0,69.0,117.0,Failed,0.8123150887573964
