Folder1,Folder2,AST Edit Distance,DFG Edit Distance,PDG Edit Distance,Passed Or Failed,Cosine Similarity
783adfd3-97d8-473f-a78d-4e6cd71478d7,170b172d-6f41-431e-b45c-99ec8f807831,0.0,0.0,0.0,Passed,0.938075840473175
783adfd3-97d8-473f-a78d-4e6cd71478d7,774c1907-2012-4733-b24e-350960c297bc,0.0,0.0,0.0,Passed,0.938075840473175
783adfd3-97d8-473f-a78d-4e6cd71478d7,5984231d-4794-4751-993f-79336a5ab174,19.0,0.0,0.0,Passed,0.9363605976104736
783adfd3-97d8-473f-a78d-4e6cd71478d7,7be8bf92-19bd-474e-ac8f-592eeac218e7,0.0,0.0,0.0,Passed,0.9363605976104736
783adfd3-97d8-473f-a78d-4e6cd71478d7,1384fbd0-c939-4299-9829-374967779ca9,0.0,0.0,0.0,Passed,0.9353204369544983
783adfd3-97d8-473f-a78d-4e6cd71478d7,fab558ef-3fbe-4abd-b65e-efb2e73da6bf,47.0,0.0,0.0,Failed,0.9353204369544983
