Folder1,Folder2,AST Edit Distance,DFG Edit Distance,PDG Edit Distance,Passed Or Failed,Euclidean Distance
b5344a1d-f1a9-46a6-94b7-57add3daea52,c1b4ba60-8ad6-4116-a157-024878f3cbf8,34.0,40.0,46.0,Passed,0.4712167978286743
b5344a1d-f1a9-46a6-94b7-57add3daea52,c8aa1225-2422-4601-91a4-c4e8072ed0e8,28.0,92.0,120.0,Failed,0.4712167978286743
