Folder1,Folder2,AST Edit Distance,DFG Edit Distance,PDG Edit Distance,Passed Or Failed,Euclidean Distance
b8943ab6-8c90-4c8e-ae5c-86ee469c4a5c,c6fc8589-2db0-4e64-959a-a7dfc76f8e3f,12.0,40.0,64.0,Passed,0.25711700320243835
b8943ab6-8c90-4c8e-ae5c-86ee469c4a5c,dbe7393b-d9b7-4304-a10a-5d6598280bc9,13.0,38.0,62.0,Passed,0.25711700320243835
b8943ab6-8c90-4c8e-ae5c-86ee469c4a5c,1d81c410-3a92-4268-b6ce-0756765a9fc0,16.0,94.0,152.0,Failed,0.3004072904586792
