Folder1,Folder2,AST Edit Distance,DFG Edit Distance,PDG Edit Distance,Passed Or Failed,ROUGE-L
e2997464-fbac-46e7-b13f-7d2fdc7c99ed,af297f48-4aea-4cf0-a8dc-4ff1f0e240f0,8.0,0.0,0.0,Passed,0.8000000000000002
e2997464-fbac-46e7-b13f-7d2fdc7c99ed,b8e4f322-b450-4912-a131-522e9894853c,8.0,75.0,142.0,Failed,0.8000000000000002
