Folder1,Folder2,AST Edit Distance,DFG Edit Distance,PDG Edit Distance,Passed Or Failed,Similarity Score during Execution
0e57af25-6a4a-44f5-98e5-9c5d229c73ee,5bcde329-beea-4167-a986-eb87d3af62fa,0.0,0.0,0.0,Passed,1.398539662361145
0e57af25-6a4a-44f5-98e5-9c5d229c73ee,bcfb06b3-e008-48ff-9ae0-3465a46d5091,0.0,0.0,0.0,Passed,1.3889305591583252
0e57af25-6a4a-44f5-98e5-9c5d229c73ee,3a26b5de-3ce1-4d6c-bc5f-fd9ab99876d4,0.0,51.0,73.0,Passed,1.3263086080551147
0e57af25-6a4a-44f5-98e5-9c5d229c73ee,254dbc16-8f65-405a-b3d4-1afe43c17f21,0.0,0.0,0.0,Passed,1.318806529045105
0e57af25-6a4a-44f5-98e5-9c5d229c73ee,f77029bc-34e3-46c2-a46d-50d066425775,14.0,0.0,0.0,Passed,1.3048460483551025
0e57af25-6a4a-44f5-98e5-9c5d229c73ee,f4cb2106-deac-4756-ac71-a925d763be84,0.0,0.0,0.0,Passed,1.2959494590759277
0e57af25-6a4a-44f5-98e5-9c5d229c73ee,0be5b81a-bb65-431a-9017-10024f8f1694,0.0,0.0,0.0,Passed,1.2655848264694214
0e57af25-6a4a-44f5-98e5-9c5d229c73ee,e084a36d-8cf2-4807-86cb-93371aa2dc23,0.0,0.0,0.0,Passed,1.2523682117462158
0e57af25-6a4a-44f5-98e5-9c5d229c73ee,0ad73d71-9cb4-4f8f-b979-c2d382b77968,29.0,113.0,166.0,Failed,1.2501035928726196
