Folder1,Folder2,AST Edit Distance,DFG Edit Distance,PDG Edit Distance,Passed Or Failed,Euclidean Distance
efe80049-c7ac-4c27-930e-bdd5332545a0,293a9c72-668c-4621-b2a4-3babd5baea0b,10.0,0.0,0.0,Passed,0.30193260312080383
efe80049-c7ac-4c27-930e-bdd5332545a0,41a80d0c-5ec1-4a46-81bb-80e3512f96e1,0.0,0.0,0.0,Passed,0.30193260312080383
efe80049-c7ac-4c27-930e-bdd5332545a0,6776d21f-7f2c-40c8-bfb2-f353c593639b,2.0,0.0,0.0,Passed,0.30193260312080383
efe80049-c7ac-4c27-930e-bdd5332545a0,9eb29710-f29b-4113-9282-96675132f1af,9.0,0.0,0.0,Passed,0.30193260312080383
efe80049-c7ac-4c27-930e-bdd5332545a0,acac491d-e00f-4066-8dee-6063a78b96b9,0.0,0.0,0.0,Passed,0.34916990995407104
efe80049-c7ac-4c27-930e-bdd5332545a0,ea4a2eea-0cae-4d62-87e5-0aadf059efdd,8.0,55.0,84.0,Failed,0.34916990995407104
