Folder1,Folder2,AST Edit Distance,DFG Edit Distance,PDG Edit Distance,Passed Or Failed,BLEU score
1e3c579c-dad5-49db-8a39-d9685c256160,299121c2-0541-4cc8-9c85-7daa675cf7bf,3.0,26.0,31.0,Passed,0.5386933265263313
1e3c579c-dad5-49db-8a39-d9685c256160,25b29ad5-1cbc-45eb-8851-e65a3536dabe,2.0,41.0,52.0,Failed,0.5118071215493855
