Folder1,Folder2,AST Edit Distance,DFG Edit Distance,PDG Edit Distance,Passed Or Failed,Similarity Score during Execution
ba3d6197-964a-4181-ad06-1e4880bed82a,a03f519f-7591-44af-9a61-5edb0c1c352d,2.0,0.0,0.0,Passed,1.2643852233886719
ba3d6197-964a-4181-ad06-1e4880bed82a,513084c2-00be-42dd-9262-0b8d24725784,1.0,0.0,0.0,Passed,1.252421498298645
ba3d6197-964a-4181-ad06-1e4880bed82a,5b38212f-b371-48a1-81dc-2d6454c793bf,39.0,54.0,72.0,Passed,1.251719355583191
ba3d6197-964a-4181-ad06-1e4880bed82a,51e1a2ee-f202-4f3c-9d47-c3df665c7a74,0.0,0.0,0.0,Passed,1.2487553358078003
ba3d6197-964a-4181-ad06-1e4880bed82a,a1d07139-99cc-4cbc-8d53-87cfeff5b2b0,48.0,0.0,0.0,Passed,1.2292673587799072
ba3d6197-964a-4181-ad06-1e4880bed82a,ef205de7-56a6-4f0e-9d28-e6fd8e18a030,0.0,17.0,20.0,Passed,1.1972360610961914
ba3d6197-964a-4181-ad06-1e4880bed82a,5fdf702f-d212-46d6-8b1d-55caa9b69648,43.0,0.0,0.0,Passed,1.1950539350509644
ba3d6197-964a-4181-ad06-1e4880bed82a,da75a298-faf6-4391-8590-1378b8dd080d,104.0,82.0,122.0,Failed,1.194242238998413
