Folder1,Folder2,AST Edit Distance,DFG Edit Distance,PDG Edit Distance,Passed Or Failed,Euclidean Distance
a8c13d29-91d2-4eef-9c22-0bec06f9b16c,3414f74b-8feb-49e2-9946-0f0aad533329,42.0,0.0,0.0,Passed,0.36946678161621094
a8c13d29-91d2-4eef-9c22-0bec06f9b16c,9e57ef21-b1a8-42ae-bade-5adff28d808c,32.0,0.0,0.0,Passed,0.4426819384098053
a8c13d29-91d2-4eef-9c22-0bec06f9b16c,f16faa1b-37dd-4fbf-b373-96f0dae7ee86,51.0,0.0,0.0,Failed,0.4426819384098053
