Folder1,Folder2,AST Edit Distance,DFG Edit Distance,PDG Edit Distance,Passed Or Failed,Cosine Similarity
c49760f5-fb14-4fbf-aad5-22be4eccf131,3084fb1d-de3d-4ade-b0a9-eee2bd8e6b37,1.0,0.0,0.0,Passed,0.9897037148475647
c49760f5-fb14-4fbf-aad5-22be4eccf131,60442f0c-f9c2-4206-af32-de9aecffb4a3,0.0,0.0,0.0,Passed,0.9878074526786804
c49760f5-fb14-4fbf-aad5-22be4eccf131,eeed469f-8a5a-4d41-994d-46fb55b979ea,0.0,0.0,0.0,Passed,0.9864206314086914
c49760f5-fb14-4fbf-aad5-22be4eccf131,3614e8d4-2aa7-4548-b0b5-8931ce2b1519,13.0,0.0,0.0,Failed,0.9863376617431641
