Folder1,Folder2,AST Edit Distance,DFG Edit Distance,PDG Edit Distance,Passed Or Failed,ROUGE-2
2c67b7d0-a0cf-489f-803a-b8436a088059,2bd7c2ec-dafb-4c20-bd00-f03280604fe7,40.0,0.0,0.0,Passed,0.9361702127659574
2c67b7d0-a0cf-489f-803a-b8436a088059,94113f11-171e-4317-b939-87bdda81a7c3,63.0,126.0,203.0,Failed,0.9166666666666666
