Folder1,Folder2,AST Edit Distance,DFG Edit Distance,PDG Edit Distance,Passed Or Failed,Meteor Score
f04c83e9-c8fa-4824-b5e4-824fe8efcb6a,023ae019-0c5a-4f9b-90d0-c436eeb9c293,0.0,0.0,0.0,Passed,0.8458359821996186
f04c83e9-c8fa-4824-b5e4-824fe8efcb6a,0a8798df-3bd8-4696-8c35-46be016aff6e,4.0,0.0,0.0,Passed,0.8458359821996186
f04c83e9-c8fa-4824-b5e4-824fe8efcb6a,91a26837-230f-4098-89ee-2549626c27ee,10.0,0.0,0.0,Passed,0.8458359821996186
f04c83e9-c8fa-4824-b5e4-824fe8efcb6a,d723b64e-cae1-4830-8f02-6f09ceff25b2,0.0,0.0,0.0,Passed,0.8458359821996186
f04c83e9-c8fa-4824-b5e4-824fe8efcb6a,57803ff0-6df7-4090-b5f0-8cddc9bccb58,0.0,0.0,0.0,Passed,0.768846153846154
f04c83e9-c8fa-4824-b5e4-824fe8efcb6a,5e9c454e-bd55-471f-9c4c-fe00061f07df,75.0,62.0,124.0,Failed,0.768846153846154
