Folder1,Folder2,AST Edit Distance,DFG Edit Distance,PDG Edit Distance,Passed Or Failed,Similarity Score during Execution
1c9ffadc-1396-4e26-8d64-8d68b066e77d,1f527c13-39df-4823-9784-eb5cd7d7a467,26.0,0.0,0.0,Passed,1.021794080734253
1c9ffadc-1396-4e26-8d64-8d68b066e77d,0e473464-54bd-4548-b98b-adad086081d8,25.0,0.0,0.0,Passed,0.9890194535255432
1c9ffadc-1396-4e26-8d64-8d68b066e77d,2c65fdab-ee13-4eed-ae7a-9e908f56abe2,27.0,0.0,0.0,Failed,0.9705047011375427
