Folder1,Folder2,AST Edit Distance,DFG Edit Distance,PDG Edit Distance,Passed Or Failed,ROUGE-L
c49760f5-fb14-4fbf-aad5-22be4eccf131,51d353e0-bc00-4531-ab9b-a3a15deb5b33,40.0,0.0,0.0,Passed,0.5128205128205128
c49760f5-fb14-4fbf-aad5-22be4eccf131,a66226c4-b763-4917-815f-02df0bd61435,41.0,0.0,0.0,Passed,0.5128205128205128
c49760f5-fb14-4fbf-aad5-22be4eccf131,c582b2a2-2e3c-49a9-820a-240bb9341aba,40.0,0.0,0.0,Passed,0.5128205128205128
c49760f5-fb14-4fbf-aad5-22be4eccf131,581dab93-c748-4d6d-86a0-aad5bb97d127,39.0,0.0,0.0,Passed,0.4935064935064935
c49760f5-fb14-4fbf-aad5-22be4eccf131,8680410a-a377-40df-9e7a-c3fe28544c79,43.0,0.0,0.0,Failed,0.4935064935064935
