Folder1,Folder2,AST Edit Distance,DFG Edit Distance,PDG Edit Distance,Passed Or Failed,Meteor Score
b1683175-8341-4370-8734-a83f80883066,0527e5d5-5891-4f07-b273-567590fc9988,File Not Found,File Not Found,File Not Found,Passed,48.169849087923815
b1683175-8341-4370-8734-a83f80883066,978b6399-6917-41b6-8e27-74b47caf6b07,0.0,0.0,0.0,Passed,0.6435810810810811
b1683175-8341-4370-8734-a83f80883066,46b24f0a-3866-4327-bd49-8ea461f89bbe,0.0,0.0,0.0,Passed,0.6366366366366367
b1683175-8341-4370-8734-a83f80883066,0b80bbad-8431-438f-9b01-a4948d77e3b3,6.0,0.0,0.0,Failed,0.5885637703819522
