Folder1,Folder2,AST Edit Distance,DFG Edit Distance,PDG Edit Distance,Passed Or Failed,Similarity Score during Execution
32ea3c3a-1e54-4b1f-b3ba-e031992ce073,2beb3149-6b51-4a54-8da9-bbf7dbdc97b2,22.0,80.0,114.0,Passed,0.5241731405258179
32ea3c3a-1e54-4b1f-b3ba-e031992ce073,78ff0488-78e1-4d57-b3f3-266b750fa22e,22.0,80.0,114.0,Passed,0.4519595503807068
32ea3c3a-1e54-4b1f-b3ba-e031992ce073,4f3abccf-e66f-499d-9dba-ee854d4fcb20,22.0,181.0,265.0,Failed,0.4038081169128418
