Folder1,Folder2,AST Edit Distance,DFG Edit Distance,PDG Edit Distance,Passed Or Failed,BLEU score
9f8fa2ef-16c0-46ca-b61c-66cd1248443f,94089eaf-047b-4835-9808-b861b01f08c7,0.0,0.0,0.0,Passed,0.8057368497497396
9f8fa2ef-16c0-46ca-b61c-66cd1248443f,9596c099-54be-4524-bb34-a9b953efad55,0.0,0.0,0.0,Passed,0.7831994858484828
9f8fa2ef-16c0-46ca-b61c-66cd1248443f,9afcc3bc-4fad-4fc8-b311-c1d77231c096,25.0,0.0,0.0,Failed,0.7831994858484828
