Folder1,Folder2,AST Edit Distance,DFG Edit Distance,PDG Edit Distance,Passed Or Failed,ROUGE-2
c49760f5-fb14-4fbf-aad5-22be4eccf131,a19a495f-539c-4331-a59b-4c080dcdd70a,8.0,0.0,0.0,Passed,0.5000000000000001
c49760f5-fb14-4fbf-aad5-22be4eccf131,4cc4f1d1-dffd-48c9-bad7-16da702f5acf,0.0,0.0,0.0,Passed,0.4736842105263158
c49760f5-fb14-4fbf-aad5-22be4eccf131,499a78fe-8c9e-4250-b9b7-9681b50c1576,0.0,0.0,0.0,Passed,0.4533333333333333
c49760f5-fb14-4fbf-aad5-22be4eccf131,85f18d45-7605-4cdb-b95d-8942818a331a,12.0,0.0,0.0,Failed,0.4533333333333333
