Folder1,Folder2,AST Edit Distance,DFG Edit Distance,PDG Edit Distance,Passed Or Failed,Cosine Similarity
a4e68122-5c14-462b-a449-5d509705223f,45103341-0a99-4165-a583-744a069b74d8,13.0,0.0,0.0,Passed,0.9962276220321655
a4e68122-5c14-462b-a449-5d509705223f,e048ef23-e2bc-4974-9189-9551844d45e2,23.0,0.0,0.0,Failed,0.9962276220321655
