Folder1,Folder2,AST Edit Distance,DFG Edit Distance,PDG Edit Distance,Passed Or Failed,ROUGE-2
e2997464-fbac-46e7-b13f-7d2fdc7c99ed,af297f48-4aea-4cf0-a8dc-4ff1f0e240f0,8.0,0.0,0.0,Passed,0.7857142857142857
e2997464-fbac-46e7-b13f-7d2fdc7c99ed,b8e4f322-b450-4912-a131-522e9894853c,63.0,0.0,0.0,Passed,0.7857142857142857
e2997464-fbac-46e7-b13f-7d2fdc7c99ed,a8e88823-ef49-4161-9b25-6adcb84b46e2,8.0,75.0,142.0,Failed,0.6428571428571429
