Folder1,Folder2,AST Edit Distance,DFG Edit Distance,PDG Edit Distance,Passed Or Failed,Meteor Score
94cbd420-d0c3-403a-b43a-a454df22b401,092e9b0f-2779-4a2f-b2fd-f0c3996936b8,1.0,0.0,0.0,Passed,0.916653912866034
94cbd420-d0c3-403a-b43a-a454df22b401,3ddb95d2-db6f-4afe-9f70-a00cf159c7f0,1.0,24.0,36.0,Failed,0.916653912866034
