Folder1,Folder2,AST Edit Distance,DFG Edit Distance,PDG Edit Distance,Passed Or Failed,ROUGE-L
c49760f5-fb14-4fbf-aad5-22be4eccf131,a19a495f-539c-4331-a59b-4c080dcdd70a,8.0,0.0,0.0,Passed,0.5128205128205128
c49760f5-fb14-4fbf-aad5-22be4eccf131,499a78fe-8c9e-4250-b9b7-9681b50c1576,0.0,0.0,0.0,Passed,0.4935064935064935
c49760f5-fb14-4fbf-aad5-22be4eccf131,85f18d45-7605-4cdb-b95d-8942818a331a,7.0,0.0,0.0,Passed,0.4935064935064935
c49760f5-fb14-4fbf-aad5-22be4eccf131,fc8044fa-b22d-443f-a9b5-5c1e690bad39,12.0,0.0,0.0,Failed,0.4935064935064935
