Folder1,Folder2,AST Edit Distance,DFG Edit Distance,PDG Edit Distance,Passed Or Failed,ChrF Score
b22af883-07e4-4b9d-badd-43e789bab95a,2af2d713-7925-4308-a7f4-d9cee9282916,41.0,0.0,0.0,Passed,86.43317835564407
b22af883-07e4-4b9d-badd-43e789bab95a,99c41935-a688-4923-9e39-645c66be6098,48.0,0.0,0.0,Failed,84.26833383723003
