Folder1,Folder2,AST Edit Distance,DFG Edit Distance,PDG Edit Distance,Passed Or Failed,BLEU score
845d38af-eeb7-42f8-a4bc-04b2b4c8e6d7,a5e9296a-815e-4d59-a40d-3a1c25e4ad91,63.0,0.0,0.0,Passed,0.59068718489185
845d38af-eeb7-42f8-a4bc-04b2b4c8e6d7,e75402c7-9b06-414a-97ec-cf3cf4805249,26.0,0.0,0.0,Passed,0.59068718489185
845d38af-eeb7-42f8-a4bc-04b2b4c8e6d7,3f6bc23c-a99c-402f-a595-4d95045915df,8.0,0.0,0.0,Passed,0.549696364469696
845d38af-eeb7-42f8-a4bc-04b2b4c8e6d7,b748d8e8-dff1-4e94-ac63-8a1a0b53ae40,5.0,0.0,0.0,Passed,0.549696364469696
845d38af-eeb7-42f8-a4bc-04b2b4c8e6d7,2c3bcbc7-7838-4504-9662-e4146578f54e,12.0,70.0,108.0,Passed,0.5175341674292826
845d38af-eeb7-42f8-a4bc-04b2b4c8e6d7,c03aa604-818a-4cbd-ab0a-80aed663eb23,19.0,80.0,115.0,Passed,0.5175341674292826
845d38af-eeb7-42f8-a4bc-04b2b4c8e6d7,053d4b69-b6c6-4aba-9555-eec1056ec1c3,1.0,36.0,57.0,Passed,0.4944742899897962
845d38af-eeb7-42f8-a4bc-04b2b4c8e6d7,414f2053-502c-4632-88ca-af96cd8937e0,38.0,132.0,215.0,Failed,0.4944742899897962
