Folder1,Folder2,AST Edit Distance,DFG Edit Distance,PDG Edit Distance,Passed Or Failed,ROUGE-2
6593e9ed-acd9-42cf-aeae-b3a04f70cfad,674e6911-1eef-4534-8fd1-859f3317c55c,1.0,0.0,0.0,Passed,0.7058823529411765
6593e9ed-acd9-42cf-aeae-b3a04f70cfad,ad041cf3-996f-4cf0-85a7-54f93b2e7efd,6.0,59.0,81.0,Passed,0.7058823529411765
6593e9ed-acd9-42cf-aeae-b3a04f70cfad,15c135d6-591d-407c-a91c-77950afa9b83,22.0,92.0,120.0,Failed,0.6666666666666667
