Folder1,Folder2,AST Edit Distance,DFG Edit Distance,PDG Edit Distance,Passed Or Failed,Meteor Score
32fdeb07-8b3c-41ba-b235-c6078ffc68c7,c3d80fd1-b967-45ec-8cbf-1595109178af,10.0,0.0,0.0,Passed,0.85706937095826
32fdeb07-8b3c-41ba-b235-c6078ffc68c7,e49048c9-f2c4-4c33-8e76-5d6043effb84,11.0,0.0,0.0,Passed,0.85706937095826
32fdeb07-8b3c-41ba-b235-c6078ffc68c7,3be59632-f2d6-49c3-b34f-5726216026de,21.0,0.0,0.0,Passed,0.8565549676660789
32fdeb07-8b3c-41ba-b235-c6078ffc68c7,b4c9ce87-ac3d-43d0-8c2e-dd44840c7108,19.0,0.0,0.0,Passed,0.8565549676660789
32fdeb07-8b3c-41ba-b235-c6078ffc68c7,c77b06dd-2b60-4233-b5ec-833d174f227a,31.0,54.0,64.0,Failed,0.8565549676660789
