Folder1,Folder2,AST Edit Distance,DFG Edit Distance,PDG Edit Distance,Passed Or Failed,BLEU score
c1d6db95-420e-4b0a-955b-63a2753b4ded,a40ad775-bfef-443e-b01b-fdf9324fcbf4,19.0,35.0,54.0,Passed,0.10779768683004065
c1d6db95-420e-4b0a-955b-63a2753b4ded,4186fb21-8e99-4cc5-ab3f-d67e91b60dc6,19.0,33.0,42.0,Passed,0.09058993886154117
c1d6db95-420e-4b0a-955b-63a2753b4ded,721cb86c-31b2-4548-95e1-3996e556af25,17.0,0.0,0.0,Passed,0.09058993886154117
c1d6db95-420e-4b0a-955b-63a2753b4ded,a4bd412d-c400-4590-b609-6782db3b1c6b,19.0,81.0,111.0,Failed,0.09058993886154117
