Folder1,Folder2,AST Edit Distance,DFG Edit Distance,PDG Edit Distance,Passed Or Failed,ChrF Score
7a5a73f4-e5de-4362-9afc-ef80516b14b1,80815f6a-6338-4fef-bd2a-ef1ad16a87a6,1.0,0.0,0.0,Passed,73.31378532087744
7a5a73f4-e5de-4362-9afc-ef80516b14b1,0c673c60-16d8-4ce9-8a7d-5c3a5cb680d4,0.0,0.0,0.0,Passed,72.17054777566915
7a5a73f4-e5de-4362-9afc-ef80516b14b1,82460060-bbca-4c20-a6e6-4cc8ee6ceeea,48.0,28.0,49.0,Failed,72.17054777566915
