Folder1,Folder2,AST Edit Distance,DFG Edit Distance,PDG Edit Distance,Passed Or Failed,ROUGE-2
737c73c8-5b19-4347-aa9a-c3204b495cb0,038fabf1-5a07-41dc-b354-9c69c4356192,54.0,24.0,43.0,Passed,0.7755102040816326
737c73c8-5b19-4347-aa9a-c3204b495cb0,17d6550b-815a-4147-a04f-407e538da5ec,49.0,23.0,44.0,Passed,0.7346938775510204
737c73c8-5b19-4347-aa9a-c3204b495cb0,dd1a6d46-7b1d-4caf-bd50-146c9aec95c8,54.0,28.0,51.0,Failed,0.7346938775510204
