Folder1,Folder2,AST Edit Distance,DFG Edit Distance,PDG Edit Distance,Passed Or Failed,BLEU score
4ce0e258-546e-4422-adf5-a5d541ef55bb,0d742e82-df4a-4f1e-b532-d2259faebef9,69.0,0.0,0.0,Passed,0.28073304156067924
4ce0e258-546e-4422-adf5-a5d541ef55bb,566f9646-6d60-481f-839a-dc94b32d4993,3.0,25.0,32.0,Passed,0.28073304156067924
4ce0e258-546e-4422-adf5-a5d541ef55bb,af80859c-d9de-483a-8b06-0689657e35ff,3.0,18.0,19.0,Passed,0.28073304156067924
4ce0e258-546e-4422-adf5-a5d541ef55bb,48043c02-d725-4482-bf67-0569d1495e62,0.0,0.0,0.0,Passed,0.26512298021756187
4ce0e258-546e-4422-adf5-a5d541ef55bb,08959d13-bb5a-44bf-a038-49b718de6ceb,12.0,48.0,69.0,Passed,0.250737833894674
4ce0e258-546e-4422-adf5-a5d541ef55bb,ae26f564-4cc7-4824-bb21-8dde9bb9082d,43.0,80.0,136.0,Failed,0.250737833894674
