Folder1,Folder2,AST Edit Distance,DFG Edit Distance,PDG Edit Distance,Passed Or Failed,BLEU score
fc1fad34-91ad-4da5-9428-b22b4e8241d4,ecf7f54c-c219-4c21-841c-3fb20610800c,21.0,0.0,0.0,Passed,0.4482516224331324
fc1fad34-91ad-4da5-9428-b22b4e8241d4,5f7eca84-b314-45ef-ad87-fa366d110799,22.0,0.0,0.0,Failed,0.43353471935824023
