Folder1,Folder2,AST Edit Distance,DFG Edit Distance,PDG Edit Distance,Passed Or Failed,BLEU score
9142f5ed-2c92-479c-a1ed-8778b93f8ab8,9ea9c54e-ccea-4e87-a09e-c2b51286c627,0.0,0.0,0.0,Passed,0.4681865544208595
9142f5ed-2c92-479c-a1ed-8778b93f8ab8,ec5602a0-4607-4cbd-bfdc-d82f94ddf718,30.0,25.0,40.0,Failed,0.4407883467611227
