Folder1,Folder2,AST Edit Distance,DFG Edit Distance,PDG Edit Distance,Passed Or Failed,Meteor Score
12898e1f-ca7c-4c56-aada-cfbe041a9386,08fc8106-0f24-4933-8a41-c6211b4d575d,20.0,0.0,0.0,Passed,0.923094573814392
12898e1f-ca7c-4c56-aada-cfbe041a9386,e4067ce7-5749-412c-8a3c-6f8247f378f2,20.0,28.0,0.0,Failed,0.9021404882251792
