Folder1,Folder2,AST Edit Distance,DFG Edit Distance,PDG Edit Distance,Passed Or Failed,ROUGE-L
133d0796-ef7a-43b7-a760-1455eac61958,05611173-036b-4115-9756-6a3ef5fab312,1.0,0.0,0.0,Passed,0.8709677419354839
133d0796-ef7a-43b7-a760-1455eac61958,488a0685-0c02-4e82-9dc7-21a4beb9d5dd,0.0,6.0,9.0,Failed,0.8709677419354839
