Folder1,Folder2,AST Edit Distance,DFG Edit Distance,PDG Edit Distance,Passed Or Failed,Meteor Score
00f1c84f-5a56-40f7-8e6c-96745f951a64,7be04a99-6b1f-443f-99e3-2f9b1eb8e3ba,10.0,0.0,0.0,Passed,0.8629377676996723
00f1c84f-5a56-40f7-8e6c-96745f951a64,7d5f2471-997c-4fa4-a803-4be722e675eb,11.0,9.0,17.0,Passed,0.8629377676996723
00f1c84f-5a56-40f7-8e6c-96745f951a64,aae8a249-7046-414f-8191-7bcd6b188faa,0.0,0.0,0.0,Passed,0.8629377676996723
00f1c84f-5a56-40f7-8e6c-96745f951a64,4310eaaa-501f-43fc-bdd5-8d1469f5af3e,0.0,0.0,0.0,Passed,0.7270233196159123
00f1c84f-5a56-40f7-8e6c-96745f951a64,c67fbae1-7bec-4b75-80ce-d118e0369005,0.0,0.0,0.0,Passed,0.7270233196159123
00f1c84f-5a56-40f7-8e6c-96745f951a64,d37d0be3-749e-48e1-ac31-a437791e2e55,10.0,0.0,0.0,Passed,0.7270233196159123
00f1c84f-5a56-40f7-8e6c-96745f951a64,eb64d864-c382-4ec1-9b23-8ba698874f50,15.0,38.0,63.0,Failed,0.7270233196159123
