Folder1,Folder2,AST Edit Distance,DFG Edit Distance,PDG Edit Distance,Passed Or Failed,Similarity Score during Execution
6f47bc7e-5af3-46dd-ab2e-d3cd255351dc,ea84569e-4084-4ccf-80d2-44cdcd882ad3,24.0,0.0,0.0,Passed,1.3730292320251465
6f47bc7e-5af3-46dd-ab2e-d3cd255351dc,40349d9d-18cd-4760-b81a-ad170efca854,0.0,0.0,0.0,Passed,1.3053772449493408
6f47bc7e-5af3-46dd-ab2e-d3cd255351dc,eeac0a80-7ba1-48d8-a8bb-617d895e8f4c,25.0,46.0,104.0,Failed,1.2990365028381348
