Folder1,Folder2,AST Edit Distance,DFG Edit Distance,PDG Edit Distance,Passed Or Failed,ROUGE-L
f113351e-c11e-434f-8ef0-dbe86be4abf8,38d4f3b0-4ca6-44d5-a43e-a6629213ebc2,13.0,0.0,0.0,Passed,0.8510638297872339
f113351e-c11e-434f-8ef0-dbe86be4abf8,d50a8564-f1ec-4c46-847f-3c1d84509a5f,12.0,0.0,0.0,Passed,0.8510638297872339
f113351e-c11e-434f-8ef0-dbe86be4abf8,11fa1a8a-09b4-4f95-b35e-b1ee2d17b482,0.0,0.0,0.0,Passed,0.8333333333333333
f113351e-c11e-434f-8ef0-dbe86be4abf8,8d58e499-c827-4f5c-aaab-0ca95e181e98,27.0,0.0,0.0,Failed,0.8333333333333333
