Folder1,Folder2,AST Edit Distance,DFG Edit Distance,PDG Edit Distance,Passed Or Failed,Meteor Score
dd40f427-2618-4361-bb4d-02b7d2f1086b,5268c3de-cdbe-415e-992f-72739f5c818c,5.0,36.0,47.0,Passed,0.803921953517588
dd40f427-2618-4361-bb4d-02b7d2f1086b,a1d86b10-be46-45d9-9919-b178474c97a4,1.0,51.0,67.0,Passed,0.803921953517588
dd40f427-2618-4361-bb4d-02b7d2f1086b,ed859bea-6260-478d-8189-4439021e8c64,0.0,37.0,48.0,Passed,0.803921953517588
dd40f427-2618-4361-bb4d-02b7d2f1086b,10b8702a-873d-4817-b628-aa28b3722f3a,0.0,0.0,0.0,Passed,0.8032349246231156
dd40f427-2618-4361-bb4d-02b7d2f1086b,3c8fc4a4-65d6-4078-abcc-0ba656645b2b,0.0,0.0,0.0,Passed,0.8032349246231156
dd40f427-2618-4361-bb4d-02b7d2f1086b,442f037a-2777-42ca-bddb-3c3ca068d60e,2.0,36.0,47.0,Passed,0.8032349246231156
dd40f427-2618-4361-bb4d-02b7d2f1086b,867ef697-47e4-4f42-912b-110668cee4cb,31.0,0.0,0.0,Passed,0.8032349246231156
dd40f427-2618-4361-bb4d-02b7d2f1086b,d4721162-ac49-4891-be3b-4523909f0759,0.0,53.0,69.0,Passed,0.8032349246231156
dd40f427-2618-4361-bb4d-02b7d2f1086b,ff7fa86a-4b58-4da3-a800-77583afbb504,31.0,54.0,82.0,Failed,0.8032349246231156
