Folder1,Folder2,AST Edit Distance,DFG Edit Distance,PDG Edit Distance,Passed Or Failed,ChrF Score
4086dca9-364a-4750-82d3-6e755717aa5f,08737da1-185a-4ad8-824e-b6a54ae6567e,36.0,0.0,0.0,Passed,67.60368263026018
4086dca9-364a-4750-82d3-6e755717aa5f,e6f43dbc-96f0-4073-b312-2155a7c8366d,33.0,0.0,0.0,Passed,67.60368263026018
4086dca9-364a-4750-82d3-6e755717aa5f,75d17801-c37b-40b4-8b8b-f216fa3b37b0,35.0,80.0,121.0,Failed,67.50280906407697
