Folder1,Folder2,AST Edit Distance,DFG Edit Distance,PDG Edit Distance,Passed Or Failed,ROUGE-2
9aaf2dce-1e3d-459e-885c-19a0c4e26c9e,0b19b2e6-a29c-4829-b017-45658ff9856b,0.0,59.0,78.0,Passed,0.8846153846153847
9aaf2dce-1e3d-459e-885c-19a0c4e26c9e,9c0f9a45-8341-4d5b-b15f-0901b8e00af0,0.0,95.0,141.0,Failed,0.8846153846153847
