Folder1,Folder2,AST Edit Distance,DFG Edit Distance,PDG Edit Distance,Passed Or Failed,BLEU score
23e9b15f-c1fc-4473-b73b-9da545a16b16,010527b5-9944-4991-817d-a023f316cf2a,1.0,0.0,0.0,Passed,0.21233470585998826
23e9b15f-c1fc-4473-b73b-9da545a16b16,0598fb40-1ab8-4375-a5c1-f0c69c209aef,1.0,0.0,0.0,Passed,0.21233470585998826
23e9b15f-c1fc-4473-b73b-9da545a16b16,67da1089-916d-423d-bd86-208310b6a4be,20.0,0.0,0.0,Passed,0.21233470585998826
23e9b15f-c1fc-4473-b73b-9da545a16b16,6ba7f7ed-6df9-47e5-ae20-ce02f2ae73d6,1.0,0.0,0.0,Passed,0.21233470585998826
23e9b15f-c1fc-4473-b73b-9da545a16b16,7bbbc036-d867-482a-9e76-46b3273e068f,20.0,0.0,0.0,Passed,0.21233470585998826
23e9b15f-c1fc-4473-b73b-9da545a16b16,84da70ac-f08b-4ea9-b2d3-cba18650b7a7,0.0,30.0,42.0,Passed,0.21233470585998826
23e9b15f-c1fc-4473-b73b-9da545a16b16,984dedd8-7c97-470e-b58f-daf34098508d,30.0,30.0,44.0,Failed,0.21233470585998826
