Folder1,Folder2,AST Edit Distance,DFG Edit Distance,PDG Edit Distance,Passed Or Failed,BLEU score
b28140eb-de7e-4f3a-8c4f-75517205b0e5,743882dc-564d-4d8a-b8cd-7f23ec1fca13,4.0,0.0,0.0,Passed,0.6604031021992535
b28140eb-de7e-4f3a-8c4f-75517205b0e5,c06dbf16-0175-46d3-b3c3-26dcd4e6c1ac,0.0,0.0,0.0,Passed,0.6604031021992535
b28140eb-de7e-4f3a-8c4f-75517205b0e5,9e631603-e59f-4fb9-9e28-98b61d9ac089,0.0,0.0,0.0,Passed,0.6264212925726487
b28140eb-de7e-4f3a-8c4f-75517205b0e5,b1a77594-3351-45ca-a578-2faaba8de682,1.0,0.0,0.0,Passed,0.6264212925726487
b28140eb-de7e-4f3a-8c4f-75517205b0e5,7811bd7a-580e-4fa6-9611-771ba7b417e9,4.0,0.0,0.0,Passed,0.6000785551171437
b28140eb-de7e-4f3a-8c4f-75517205b0e5,e3c89cd2-2043-49b9-88ec-b5dc0fb7990d,19.0,46.0,56.0,Passed,0.6000785551171437
b28140eb-de7e-4f3a-8c4f-75517205b0e5,71df204e-9a80-412e-9a11-a9cc7e16f3e8,13.0,56.0,68.0,Passed,0.5815923577585229
b28140eb-de7e-4f3a-8c4f-75517205b0e5,a564b6ec-077d-475d-8eaa-769a6cd50cee,9.0,88.0,133.0,Failed,0.5815923577585229
