Folder1,Folder2,AST Edit Distance,DFG Edit Distance,PDG Edit Distance,Passed Or Failed,Euclidean Distance
a0a2671e-00f3-45b1-96a0-c291b4fd0e09,d17d7957-38c1-46c6-83f4-6be0cdf40e19,0.0,64.0,67.0,Passed,0.2069164663553238
a0a2671e-00f3-45b1-96a0-c291b4fd0e09,feeced02-6aaa-4cc0-8878-49700e1b2a08,4.0,64.0,67.0,Failed,0.22069960832595825
