Folder1,Folder2,AST Edit Distance,DFG Edit Distance,PDG Edit Distance,Passed Or Failed,ChrF Score
40b89aa6-4884-4007-b81f-ed210e79c9e6,23b00b65-4126-41d2-a7a6-9db04ad0a573,5.0,0.0,0.0,Passed,71.38589509200685
40b89aa6-4884-4007-b81f-ed210e79c9e6,df044e5c-df86-4c27-9309-f58a57b7abd8,0.0,0.0,0.0,Passed,71.38589509200685
40b89aa6-4884-4007-b81f-ed210e79c9e6,917fe518-5456-46bc-9fec-204dc0d62189,5.0,0.0,0.0,Passed,70.14678327011913
40b89aa6-4884-4007-b81f-ed210e79c9e6,dad0d402-f605-46eb-b16d-b50a2b133d50,0.0,0.0,0.0,Passed,70.14678327011913
40b89aa6-4884-4007-b81f-ed210e79c9e6,2fc6e824-0b85-4892-85d0-f5d386493ec5,5.0,0.0,0.0,Passed,69.46236603916722
40b89aa6-4884-4007-b81f-ed210e79c9e6,d6fffa70-39a6-4f38-9f00-9f06814925b8,5.0,0.0,0.0,Passed,69.46236603916722
40b89aa6-4884-4007-b81f-ed210e79c9e6,38d9febe-846f-4fd2-b1b3-236689c79e74,28.0,106.0,165.0,Failed,69.37063965217514
