Folder1,Folder2,AST Edit Distance,DFG Edit Distance,PDG Edit Distance,Passed Or Failed,Similarity Score during Execution
66c8809a-871b-43cd-80b1-81320554403e,65cb5ab0-332e-444b-a4dd-af0bc8bb99e3,23.0,0.0,0.0,Passed,1.167695164680481
66c8809a-871b-43cd-80b1-81320554403e,beb523c9-e23f-4059-b0ac-68435ae55774,1.0,0.0,0.0,Passed,1.1572383642196655
66c8809a-871b-43cd-80b1-81320554403e,bbf3063b-c325-4486-baea-02aec0d54c5e,0.0,0.0,0.0,Passed,1.146744966506958
66c8809a-871b-43cd-80b1-81320554403e,b8e7f20e-ca87-45a0-8821-88376012fbad,23.0,21.0,28.0,Failed,1.139154076576233
