Folder1,Folder2,AST Edit Distance,DFG Edit Distance,PDG Edit Distance,Passed Or Failed,Cosine Similarity
4483f92e-be24-4728-93ea-6f598d51de09,a388f1fb-ed24-4842-918d-4e64d5fbef18,0.0,0.0,0.0,Passed,0.9904489517211914
4483f92e-be24-4728-93ea-6f598d51de09,3600f035-a249-4cb9-b326-4184fa40d354,31.0,0.0,0.0,Passed,0.9903134703636169
4483f92e-be24-4728-93ea-6f598d51de09,56c60e86-ecca-4c48-acd5-a8f9c797c320,0.0,0.0,0.0,Passed,0.9903134703636169
4483f92e-be24-4728-93ea-6f598d51de09,fafc1f60-07c6-483c-b1e2-c4c732fc2928,0.0,99.0,139.0,Passed,0.9902679920196533
4483f92e-be24-4728-93ea-6f598d51de09,2626d166-cd82-4fb8-bc8c-b3e80d5951f3,31.0,128.0,187.0,Failed,0.9901664853096008
