Folder1,Folder2,AST Edit Distance,DFG Edit Distance,PDG Edit Distance,Passed Or Failed,BLEU score
c51944bc-5a9b-431a-a8fd-fbaef0ba675b,075cd0da-4512-4882-aac9-a10641dfa8fc,3.0,29.0,47.0,Passed,0.45648791939107725
c51944bc-5a9b-431a-a8fd-fbaef0ba675b,654ee914-7711-4899-a996-bedbeb1999bd,0.0,9.0,17.0,Passed,0.45648791939107725
c51944bc-5a9b-431a-a8fd-fbaef0ba675b,76ae1bd6-5e09-4fca-ae69-34f136358440,0.0,19.0,23.0,Passed,0.45648791939107725
c51944bc-5a9b-431a-a8fd-fbaef0ba675b,a9b52218-54a0-40c6-ab6c-47a9c05fa589,0.0,21.0,35.0,Passed,0.45648791939107725
c51944bc-5a9b-431a-a8fd-fbaef0ba675b,b318f25f-4cd9-40f4-8791-e231047d4f9e,4.0,81.0,131.0,Failed,0.45648791939107725
