Folder1,Folder2,AST Edit Distance,DFG Edit Distance,PDG Edit Distance,Passed Or Failed,ROUGE-2
212cc78f-df57-4b52-a133-823594c1f84e,42006228-af4a-4066-b44c-00a4022c5eac,0.0,0.0,0.0,Passed,0.8000000000000002
212cc78f-df57-4b52-a133-823594c1f84e,d72172a4-620f-4de2-80cd-fee07789b128,24.0,0.0,0.0,Passed,0.8000000000000002
212cc78f-df57-4b52-a133-823594c1f84e,0543ba9c-91b2-4422-99a1-25eeba359623,41.0,107.0,151.0,Failed,0.7333333333333334
