Folder1,Folder2,AST Edit Distance,DFG Edit Distance,PDG Edit Distance,Passed Or Failed,Meteor Score
5f018ca5-f124-4f72-8a59-6dd5da43131e,3dd6d62e-14a7-4deb-aa9c-a6f3cbdedfcb,21.0,0.0,0.0,Passed,0.8162878787878789
5f018ca5-f124-4f72-8a59-6dd5da43131e,2c8dc979-3c18-48d5-b9af-d56fe8839299,4.0,0.0,0.0,Passed,0.7741227030699467
5f018ca5-f124-4f72-8a59-6dd5da43131e,abf9258c-561c-40ef-927e-af08581f7dd1,39.0,0.0,0.0,Failed,0.7741227030699467
