Folder1,Folder2,AST Edit Distance,DFG Edit Distance,PDG Edit Distance,Passed Or Failed,ChrF Score
e5627bb5-4db6-4121-970f-42d4e8c88c36,72fb2ba5-da56-43f1-8912-bdbb1749442f,1.0,0.0,0.0,Passed,80.3126814798603
e5627bb5-4db6-4121-970f-42d4e8c88c36,8f9d158f-61bd-43e3-b212-9bac0a0d02d3,0.0,0.0,0.0,Passed,80.3126814798603
e5627bb5-4db6-4121-970f-42d4e8c88c36,a2b29b29-8411-4093-ac05-33cb3a8f60fe,1.0,0.0,0.0,Passed,80.01366127525121
e5627bb5-4db6-4121-970f-42d4e8c88c36,2cfdc37d-0a06-4f10-b0e7-a4bd0a10e129,0.0,0.0,0.0,Passed,79.09493416961548
e5627bb5-4db6-4121-970f-42d4e8c88c36,f2fdd065-6129-4c87-82ba-ec8b35a4a6bf,0.0,0.0,0.0,Passed,79.09493416961548
e5627bb5-4db6-4121-970f-42d4e8c88c36,0546f75f-5972-4535-9c94-a242e851e665,26.0,0.0,0.0,Failed,78.94171394914135
