Folder1,Folder2,AST Edit Distance,DFG Edit Distance,PDG Edit Distance,Passed Or Failed,BLEU score
33c8a9f6-bd8e-4ca2-b093-37b5c7c472c4,e3633666-9367-4d1b-b4cd-58ea731e3596,File Not Found,File Not Found,File Not Found,Passed,2.67034912109375
33c8a9f6-bd8e-4ca2-b093-37b5c7c472c4,3d101157-4b96-4801-ac4d-942c5ceecd35,32.0,0.0,0.0,Passed,0.569965490841334
33c8a9f6-bd8e-4ca2-b093-37b5c7c472c4,ca664aa4-fcc9-4993-a1fa-df0be09ec80f,25.0,53.0,91.0,Failed,0.5432290758513417
