Folder1,Folder2,AST Edit Distance,DFG Edit Distance,PDG Edit Distance,Passed Or Failed,Similarity Score during Execution
364446e9-4867-484f-bdd9-402fb2224a1f,e695daa5-65a4-4b24-ad9b-10f774f14e1d,0.0,0.0,0.0,Passed,1.3258252143859863
364446e9-4867-484f-bdd9-402fb2224a1f,a4b49829-5357-490c-a230-11d7b52249fb,2.0,0.0,0.0,Passed,1.307887077331543
364446e9-4867-484f-bdd9-402fb2224a1f,ce285cbe-ed23-491d-926b-2664163144ef,2.0,0.0,0.0,Passed,1.298018217086792
364446e9-4867-484f-bdd9-402fb2224a1f,d118c41d-c53d-4bd9-8534-3174ef1334d9,1.0,0.0,0.0,Passed,1.2979272603988647
364446e9-4867-484f-bdd9-402fb2224a1f,0b08eee5-027f-472e-b416-b95f0bbc0376,3.0,0.0,0.0,Passed,1.2649914026260376
364446e9-4867-484f-bdd9-402fb2224a1f,19e4c07b-de19-4fda-bf05-a6a50b3cde01,7.0,32.0,0.0,Failed,1.2419604063034058
