Folder1,Folder2,AST Edit Distance,DFG Edit Distance,PDG Edit Distance,Passed Or Failed,BLEU score
c49760f5-fb14-4fbf-aad5-22be4eccf131,521671a4-9560-43ac-9c32-7deb4ad2443e,0.0,0.0,0.0,Passed,0.27010074174938287
c49760f5-fb14-4fbf-aad5-22be4eccf131,559cfc6b-489b-464b-aa93-c623a3636f1a,0.0,0.0,0.0,Passed,0.27010074174938287
c49760f5-fb14-4fbf-aad5-22be4eccf131,df2d6ae9-36d1-4bd5-b319-cec823530faf,12.0,0.0,0.0,Passed,0.27010074174938287
c49760f5-fb14-4fbf-aad5-22be4eccf131,2e8664d1-94d8-4828-8fc9-214417765419,2.0,0.0,0.0,Passed,0.26038053012911716
c49760f5-fb14-4fbf-aad5-22be4eccf131,6b97d8f9-3fd0-4067-b3a6-2c904ebd5adb,0.0,0.0,0.0,Passed,0.2462527015174112
c49760f5-fb14-4fbf-aad5-22be4eccf131,950055a6-f92b-4089-9e2b-a474d9506893,12.0,0.0,0.0,Passed,0.24097353617832407
c49760f5-fb14-4fbf-aad5-22be4eccf131,0da56d82-4418-4323-bb71-d437611aa1c8,19.0,0.0,0.0,Failed,0.2373488414075553
