Folder1,Folder2,AST Edit Distance,DFG Edit Distance,PDG Edit Distance,Passed Or Failed,ROUGE-2
9cd3eabc-f518-41b5-9ac8-0cd0085f5a5a,00ff41bd-ddb8-4c49-b1ce-a23ffac7fd2b,0.0,0.0,0.0,Passed,0.7692307692307692
9cd3eabc-f518-41b5-9ac8-0cd0085f5a5a,176ebf8f-27a4-4158-97f6-785e69a963c3,0.0,0.0,0.0,Passed,0.7692307692307692
9cd3eabc-f518-41b5-9ac8-0cd0085f5a5a,4f2ba089-4908-4d99-89f2-e690bcecf112,0.0,0.0,0.0,Passed,0.6923076923076923
9cd3eabc-f518-41b5-9ac8-0cd0085f5a5a,86e12dcb-b986-4b8d-aa03-2c5f8aef5aac,0.0,0.0,0.0,Passed,0.6923076923076923
9cd3eabc-f518-41b5-9ac8-0cd0085f5a5a,4652a474-de30-4705-8b95-586990cc249d,1.0,0.0,0.0,Passed,0.6666666666666665
9cd3eabc-f518-41b5-9ac8-0cd0085f5a5a,d02a8f1c-1432-4cd2-9afa-70bd0af4572d,1.0,12.0,18.0,Failed,0.6666666666666665
