Folder1,Folder2,AST Edit Distance,DFG Edit Distance,PDG Edit Distance,Passed Or Failed,Euclidean Distance
5f018ca5-f124-4f72-8a59-6dd5da43131e,519bc01a-f66b-4533-a8f4-2425c93e2ece,0.0,0.0,0.0,Passed,0.21736454963684082
5f018ca5-f124-4f72-8a59-6dd5da43131e,565a687e-91bf-40dc-b675-c5c99ada81e5,20.0,0.0,0.0,Failed,0.2345510572195053
