Folder1,Folder2,AST Edit Distance,DFG Edit Distance,PDG Edit Distance,Passed Or Failed,Meteor Score
c49760f5-fb14-4fbf-aad5-22be4eccf131,ebcdc612-622a-4fa2-971f-5f19571ad341,40.0,0.0,0.0,Passed,0.36885268293749013
c49760f5-fb14-4fbf-aad5-22be4eccf131,c69245fe-1233-4721-9a8f-b2e497191fc1,41.0,0.0,0.0,Failed,0.3653832494659258
