Folder1,Folder2,AST Edit Distance,DFG Edit Distance,PDG Edit Distance,Passed Or Failed,ChrF Score
052e4e96-50ab-4567-b820-191a00560eeb,621dee44-f942-408e-9bcb-e4468ed8f72b,23.0,84.0,115.0,Passed,70.02387462127591
052e4e96-50ab-4567-b820-191a00560eeb,c6e4e853-1bb0-4595-86b4-453003529284,20.0,86.0,108.0,Passed,66.19660254521801
052e4e96-50ab-4567-b820-191a00560eeb,08c12fc1-188e-46b6-9f76-d5fdf2a4c6d2,22.0,96.0,131.0,Passed,65.91601848855991
052e4e96-50ab-4567-b820-191a00560eeb,1d5b7842-e44e-4248-97b2-11f9792f514a,19.0,80.0,97.0,Passed,65.91601848855991
052e4e96-50ab-4567-b820-191a00560eeb,3cf2a25b-2c03-473a-98df-0ce4d7d78bc6,19.0,90.0,118.0,Passed,65.56582402734344
052e4e96-50ab-4567-b820-191a00560eeb,633ce8c2-b5a4-4d4c-a79c-0fe5eb9aa210,19.0,96.0,136.0,Failed,65.56582402734344
