Folder1,Folder2,AST Edit Distance,DFG Edit Distance,PDG Edit Distance,Passed Or Failed,Similarity Score during Execution
f5da9c02-9c14-46b8-ba57-463d651bf9fd,2840e02b-ea00-4887-9084-7f22dd52fb1e,0.0,0.0,0.0,Passed,1.6507527828216553
f5da9c02-9c14-46b8-ba57-463d651bf9fd,7e3b134f-823d-41db-a760-d8e12459bb7e,0.0,0.0,0.0,Passed,1.4768263101577759
f5da9c02-9c14-46b8-ba57-463d651bf9fd,6fa6463f-238e-46b6-b6c0-315352094d7a,22.0,9.0,16.0,Passed,1.3913041353225708
f5da9c02-9c14-46b8-ba57-463d651bf9fd,e925fcda-8508-4905-8c2b-4fc8d7f13e1e,14.0,0.0,0.0,Passed,1.3526225090026855
f5da9c02-9c14-46b8-ba57-463d651bf9fd,80c7b9a9-ab32-4175-b3cf-b4de328396d9,0.0,0.0,0.0,Passed,1.3432421684265137
f5da9c02-9c14-46b8-ba57-463d651bf9fd,a314e6cd-1eb1-4f36-a75a-2ed6e4717adb,14.0,12.0,23.0,Failed,1.3362712860107422
