Folder1,Folder2,AST Edit Distance,DFG Edit Distance,PDG Edit Distance,Passed Or Failed,ChrF Score
00549329-ed0c-4400-9c84-9b6a5296582d,f26b5070-353e-4342-8242-08bfef459ebe,24.0,35.0,51.0,Passed,82.05187004063522
00549329-ed0c-4400-9c84-9b6a5296582d,a19f9626-ca1d-4d40-96f7-28ef58e43032,24.0,33.0,49.0,Passed,81.77316246167675
00549329-ed0c-4400-9c84-9b6a5296582d,b9b1e33e-951c-4fdf-a96f-e5065334899d,24.0,62.0,87.0,Failed,81.77316246167675
