Folder1,Folder2,AST Edit Distance,DFG Edit Distance,PDG Edit Distance,Passed Or Failed,Similarity Score during Execution
428a368f-b31c-46cf-8008-ebc527a54ce6,ae1d455c-4235-4c56-99d6-50583759738d,0.0,18.0,18.0,Passed,0.9623101353645325
428a368f-b31c-46cf-8008-ebc527a54ce6,886ba50b-6bb1-43f8-b116-106553656dcc,1.0,0.0,0.0,Passed,0.9435341954231262
428a368f-b31c-46cf-8008-ebc527a54ce6,a2bdbadb-82d0-4bfa-a137-ac0eb258ac95,1.0,0.0,0.0,Passed,0.9334751963615417
428a368f-b31c-46cf-8008-ebc527a54ce6,b36be140-a65c-431f-be9a-9548a425cfc7,21.0,81.0,116.0,Failed,0.9249199032783508
