Folder1,Folder2,AST Edit Distance,DFG Edit Distance,PDG Edit Distance,Passed Or Failed,ROUGE-L
f04c83e9-c8fa-4824-b5e4-824fe8efcb6a,023ae019-0c5a-4f9b-90d0-c436eeb9c293,0.0,0.0,0.0,Passed,0.8000000000000002
f04c83e9-c8fa-4824-b5e4-824fe8efcb6a,91a26837-230f-4098-89ee-2549626c27ee,10.0,0.0,0.0,Passed,0.8000000000000002
f04c83e9-c8fa-4824-b5e4-824fe8efcb6a,0a8798df-3bd8-4696-8c35-46be016aff6e,4.0,0.0,0.0,Passed,0.7333333333333334
f04c83e9-c8fa-4824-b5e4-824fe8efcb6a,0f6965ec-16ba-45a8-919d-6c438c822cfd,12.0,41.0,60.0,Passed,0.7333333333333334
f04c83e9-c8fa-4824-b5e4-824fe8efcb6a,16eb0f27-9624-4f1e-8fb4-9b6b5ee361b4,75.0,62.0,124.0,Failed,0.7333333333333334
