Folder1,Folder2,AST Edit Distance,DFG Edit Distance,PDG Edit Distance,Passed Or Failed,Similarity Score during Execution
06ab4885-3456-4426-9952-9324a809f44b,d5a7d10f-4b1c-4b17-ae8a-d46e9425c6c3,1.0,0.0,0.0,Passed,0.6607240438461304
06ab4885-3456-4426-9952-9324a809f44b,9f8ab06c-33a3-472b-9f4c-94d9e9d8b08a,7.0,0.0,0.0,Passed,0.6216362714767456
06ab4885-3456-4426-9952-9324a809f44b,16fa5450-fca9-40c1-bc54-31d7a27375a0,28.0,0.0,0.0,Failed,0.6134771108627319
