Folder1,Folder2,AST Edit Distance,DFG Edit Distance,PDG Edit Distance,Passed Or Failed,ChrF Score
e2756f40-6b13-433f-9f88-adae5d656e86,a9122236-b0e8-4d73-833f-a256bafd7a5f,0.0,100.0,108.0,Passed,83.61246189352225
e2756f40-6b13-433f-9f88-adae5d656e86,ee96193e-c950-4fd3-8ea7-4f91339665ac,0.0,100.0,114.0,Passed,83.61246189352225
e2756f40-6b13-433f-9f88-adae5d656e86,a61759f5-c2b2-4203-b0f8-02dfa83d4f9c,0.0,64.0,74.0,Passed,82.95105277368225
e2756f40-6b13-433f-9f88-adae5d656e86,bb43d4dd-5304-4839-a522-3b8c879d5373,0.0,100.0,114.0,Passed,82.95105277368225
e2756f40-6b13-433f-9f88-adae5d656e86,b6f241d6-7dd2-47a1-bedd-60bc72576b7f,0.0,0.0,0.0,Passed,82.4715195524589
e2756f40-6b13-433f-9f88-adae5d656e86,f9e60fa9-b057-4709-ac48-cdfba66b436c,0.0,106.0,118.0,Passed,82.4715195524589
e2756f40-6b13-433f-9f88-adae5d656e86,728e6d7f-7a42-4a72-974d-c0b130ff2510,50.0,108.0,146.0,Passed,82.23544731775021
e2756f40-6b13-433f-9f88-adae5d656e86,7d4bdf74-5983-44a6-9917-6d565c6d60c9,1.0,138.0,175.0,Failed,82.23544731775021
