Folder1,Folder2,AST Edit Distance,DFG Edit Distance,PDG Edit Distance,Passed Or Failed,Euclidean Distance
1cf69bb5-8b2d-446d-bf5d-aae57653f4eb,4b8dde62-17ca-41a4-a8cd-be0c26ded415,30.0,32.0,45.0,Passed,0.5270810723304749
1cf69bb5-8b2d-446d-bf5d-aae57653f4eb,df2662ff-eef7-4803-8ba4-f68c32e9f778,26.0,39.0,49.0,Passed,0.5270810723304749
1cf69bb5-8b2d-446d-bf5d-aae57653f4eb,0dc3f130-4fc6-414d-af8c-f29342eb5230,1.0,0.0,0.0,Passed,0.6002486348152161
1cf69bb5-8b2d-446d-bf5d-aae57653f4eb,d88728c8-dcf0-4475-80cb-f67f0e937512,1.0,0.0,0.0,Passed,0.6002486348152161
1cf69bb5-8b2d-446d-bf5d-aae57653f4eb,67e896dc-28e1-4bd8-a28c-9e6821209a81,1.0,0.0,0.0,Passed,0.6615141034126282
1cf69bb5-8b2d-446d-bf5d-aae57653f4eb,73a521da-08b3-40da-a45f-0e1392059d6a,0.0,0.0,0.0,Passed,0.6615141034126282
1cf69bb5-8b2d-446d-bf5d-aae57653f4eb,0ca02c8d-fedb-45af-be1c-d26fe1e1a61f,1.0,83.0,105.0,Passed,0.6713312864303589
1cf69bb5-8b2d-446d-bf5d-aae57653f4eb,6b0cc701-8dc1-4cc8-a6e5-ac159dc33530,42.0,113.0,151.0,Failed,0.6713312864303589
