Folder1,Folder2,AST Edit Distance,DFG Edit Distance,PDG Edit Distance,Passed Or Failed,Meteor Score
870aa3d3-0bad-4173-9574-93300dc9dc76,1a3c4414-a8d2-48ff-ba52-71bcf7b87aef,17.0,0.0,0.0,Passed,0.8123150887573964
870aa3d3-0bad-4173-9574-93300dc9dc76,1e9252d5-2d3d-475c-9705-453743e59a28,16.0,0.0,0.0,Passed,0.8123150887573964
870aa3d3-0bad-4173-9574-93300dc9dc76,291fd459-089b-4079-818d-0c7c28ef2d00,37.0,35.0,58.0,Failed,0.8123150887573964
