Folder1,Folder2,AST Edit Distance,DFG Edit Distance,PDG Edit Distance,Passed Or Failed,Similarity Score during Execution
e4f8449b-4e59-46af-acaa-26ca55d80f7b,baa03380-ea43-447f-a5e7-5856dde383c6,11.0,0.0,0.0,Passed,1.3518383502960205
e4f8449b-4e59-46af-acaa-26ca55d80f7b,7b74a2ee-45a9-4c22-af3f-fb08adecee2d,5.0,0.0,0.0,Passed,1.320270299911499
e4f8449b-4e59-46af-acaa-26ca55d80f7b,ea8685ce-d55f-4f8e-916d-b67273caf6e9,5.0,0.0,0.0,Passed,1.305770754814148
e4f8449b-4e59-46af-acaa-26ca55d80f7b,87b14078-4c8f-4b55-9593-a1c33e0b0cb5,5.0,0.0,0.0,Passed,1.2956552505493164
e4f8449b-4e59-46af-acaa-26ca55d80f7b,a207a5dd-5dd5-47eb-b43d-9e461c4a5f11,0.0,0.0,0.0,Passed,1.2741992473602295
e4f8449b-4e59-46af-acaa-26ca55d80f7b,e8838d39-153e-4a89-8648-92d7e7ce9655,11.0,0.0,0.0,Passed,1.2596513032913208
e4f8449b-4e59-46af-acaa-26ca55d80f7b,3e5123d9-ee3c-405c-ba4e-58ae38830c2c,23.0,0.0,0.0,Failed,1.2580435276031494
