Folder1,Folder2,AST Edit Distance,DFG Edit Distance,PDG Edit Distance,Passed Or Failed,BLEU score
a22e41f2-88bc-4e43-8fc9-0d56dac1056a,03039499-edeb-4c6a-87cc-b8be8e95fe8e,18.0,0.0,0.0,Passed,0.4875889771998778
a22e41f2-88bc-4e43-8fc9-0d56dac1056a,5fe92643-47f9-4190-9772-6399f0e671a1,38.0,0.0,0.0,Failed,0.4875889771998778
