Folder1,Folder2,AST Edit Distance,DFG Edit Distance,PDG Edit Distance,Passed Or Failed,ROUGE-L
a06a5d50-a583-447a-8fdd-110a1ac538af,39887bcb-a78a-48fc-91f2-4123f183965d,13.0,0.0,0.0,Passed,0.6
a06a5d50-a583-447a-8fdd-110a1ac538af,9278ce48-401a-442a-b641-0eb655a94bb1,8.0,0.0,0.0,Passed,0.5666666666666667
a06a5d50-a583-447a-8fdd-110a1ac538af,fd82b8d4-c98c-424c-b532-ade979b24ee7,13.0,0.0,0.0,Passed,0.5666666666666667
a06a5d50-a583-447a-8fdd-110a1ac538af,0b554e6d-5e83-4d2e-af18-d69b3318c0b1,8.0,29.0,40.0,Failed,0.5333333333333333
