Folder1,Folder2,AST Edit Distance,DFG Edit Distance,PDG Edit Distance,Passed Or Failed,Similarity Score during Execution
796f6288-4f27-4515-8c96-302c41dc56d9,b4e84153-d4cd-4486-b059-462886c7e320,30.0,0.0,0.0,Passed,1.3904509544372559
796f6288-4f27-4515-8c96-302c41dc56d9,f94d29f8-cf0b-42da-8bf9-b0916f438800,34.0,0.0,0.0,Passed,1.369877815246582
796f6288-4f27-4515-8c96-302c41dc56d9,9e743afb-4a19-4e13-a1d3-28b45e283072,31.0,0.0,0.0,Passed,1.3378170728683472
796f6288-4f27-4515-8c96-302c41dc56d9,92229622-8a93-440a-bb11-f3c556484196,49.0,0.0,0.0,Failed,1.2949988842010498
