Folder1,Folder2,AST Edit Distance,DFG Edit Distance,PDG Edit Distance,Passed Or Failed,ROUGE-L
4483f92e-be24-4728-93ea-6f598d51de09,a388f1fb-ed24-4842-918d-4e64d5fbef18,0.0,0.0,0.0,Passed,0.7032967032967034
4483f92e-be24-4728-93ea-6f598d51de09,d78f92b2-2ec1-4d8a-bbf0-386cc029bd89,0.0,126.0,182.0,Passed,0.7032967032967034
4483f92e-be24-4728-93ea-6f598d51de09,11b30411-ce65-42dd-ae4b-ef027fae716e,31.0,0.0,0.0,Passed,0.6813186813186812
4483f92e-be24-4728-93ea-6f598d51de09,1dd851cd-bba5-4224-914d-a6fcc8d8f512,31.0,128.0,187.0,Failed,0.6813186813186812
