Folder1,Folder2,AST Edit Distance,DFG Edit Distance,PDG Edit Distance,Passed Or Failed,BLEU score
c4c783cc-2ed4-481c-bdc1-658029b59568,ec04d5c3-3223-4e9f-a070-f970eae238da,0.0,0.0,0.0,Passed,0.2996709045159164
c4c783cc-2ed4-481c-bdc1-658029b59568,68c72078-c03e-4276-9cc1-d54f68c1c279,0.0,0.0,0.0,Passed,0.2676522616000569
c4c783cc-2ed4-481c-bdc1-658029b59568,332bd8ef-0e3b-45db-b071-af047c20bf11,0.0,0.0,0.0,Passed,0.2418511198525177
c4c783cc-2ed4-481c-bdc1-658029b59568,92f9bc50-0ecb-4d68-97ec-cea54386d71b,0.0,0.0,0.0,Passed,0.22233922818300378
c4c783cc-2ed4-481c-bdc1-658029b59568,9fbe6a41-587b-4832-bb48-42d15b185500,1.0,0.0,0.0,Passed,0.22233922818300378
c4c783cc-2ed4-481c-bdc1-658029b59568,08969cc5-bec2-41af-a7e7-9b63d1dc19ef,15.0,91.0,130.0,Failed,0.2102754594063182
