Folder1,Folder2,AST Edit Distance,DFG Edit Distance,PDG Edit Distance,Passed Or Failed,ROUGE-L
f4cc4033-29a4-4e26-9888-460b545a9d56,37a9558d-d0b3-4ff6-8c5b-a2cc52423207,26.0,0.0,0.0,Passed,0.8108108108108109
f4cc4033-29a4-4e26-9888-460b545a9d56,a4ceb16d-e88f-4dd7-addc-338efaf61399,31.0,0.0,0.0,Failed,0.8108108108108109
