Folder1,Folder2,AST Edit Distance,DFG Edit Distance,PDG Edit Distance,Passed Or Failed,ROUGE-2
7db29848-aec2-4117-bf27-c22f4b6a6d8d,bd1ab2be-f16a-448a-82e1-1bfef0ec7867,8.0,0.0,0.0,Passed,0.75
7db29848-aec2-4117-bf27-c22f4b6a6d8d,ea723fe2-87bc-47ae-8751-03ab7f63c5fe,14.0,0.0,0.0,Passed,0.75
7db29848-aec2-4117-bf27-c22f4b6a6d8d,f9c54764-3f65-48bb-a560-e5428ed952ba,2.0,0.0,0.0,Passed,0.75
7db29848-aec2-4117-bf27-c22f4b6a6d8d,22e7c913-b424-4132-ac95-a159b4330128,6.0,0.0,0.0,Passed,0.6875000000000001
7db29848-aec2-4117-bf27-c22f4b6a6d8d,3562e2af-ba3e-4470-bf19-2ec7504e0965,5.0,0.0,0.0,Passed,0.6875000000000001
7db29848-aec2-4117-bf27-c22f4b6a6d8d,67ba46e6-9ecf-40ce-8deb-9aa8ac41ee0d,9.0,0.0,0.0,Passed,0.6451612903225806
7db29848-aec2-4117-bf27-c22f4b6a6d8d,7823f2de-0f2c-4e62-9bcc-c1346ce69d42,40.0,76.0,119.0,Failed,0.6451612903225806
