Folder1,Folder2,AST Edit Distance,DFG Edit Distance,PDG Edit Distance,Passed Or Failed,Meteor Score
465d6084-0043-4c8d-952f-0c99b544d176,17231b59-7b85-4d79-945e-bb90b9316711,0.0,0.0,0.0,Passed,0.5369972122660296
465d6084-0043-4c8d-952f-0c99b544d176,b8e339e8-95ab-4625-843a-9546cc39a051,0.0,0.0,0.0,Failed,0.5369972122660296
