Folder1,Folder2,AST Edit Distance,DFG Edit Distance,PDG Edit Distance,Passed Or Failed,Similarity Score during Execution
7ef54ba1-9418-453b-a1e4-ebc71169c2cd,44020cc7-4ab7-4fb9-911a-bd64e024ac75,15.0,0.0,0.0,Passed,1.4135078191757202
7ef54ba1-9418-453b-a1e4-ebc71169c2cd,bb6724bf-9c5b-4477-b174-3c61f4132020,54.0,0.0,0.0,Passed,1.3646923303604126
7ef54ba1-9418-453b-a1e4-ebc71169c2cd,7b5e2df9-db3f-456f-ad25-fe5b4234f627,44.0,0.0,0.0,Passed,1.3053081035614014
7ef54ba1-9418-453b-a1e4-ebc71169c2cd,ce80f2bf-27f7-4c00-8366-7008b00f1221,17.0,0.0,0.0,Passed,1.196340799331665
7ef54ba1-9418-453b-a1e4-ebc71169c2cd,1be7381c-15dc-495a-a9a0-3a3121df0704,28.0,12.0,19.0,Failed,0.9771056175231934
