Folder1,Folder2,AST Edit Distance,DFG Edit Distance,PDG Edit Distance,Passed Or Failed,Meteor Score
83f275ae-863a-4923-9454-7403b731ef51,287ca742-103c-47dc-939f-d4af207a74fe,0.0,0.0,0.0,Passed,0.9599321831597222
83f275ae-863a-4923-9454-7403b731ef51,ece731a3-9602-46f4-a863-0983d32cb1e6,0.0,0.0,0.0,Failed,0.9599321831597222
