Folder1,Folder2,AST Edit Distance,DFG Edit Distance,PDG Edit Distance,Passed Or Failed,ChrF Score
920ea559-0a16-4b06-8628-dd618e56b5dc,0a515de0-635e-4732-91d0-1484a7aec029,45.0,0.0,0.0,Passed,93.33662868847016
920ea559-0a16-4b06-8628-dd618e56b5dc,04536cc2-9fbb-48b7-a3d7-3d4299362352,49.0,0.0,0.0,Passed,92.11330516526215
920ea559-0a16-4b06-8628-dd618e56b5dc,12280d1e-a185-4a4e-b47c-608debcfdc6e,49.0,0.0,0.0,Passed,90.80245457289534
920ea559-0a16-4b06-8628-dd618e56b5dc,0fe581d1-004f-43e8-af55-ac1b0240d661,49.0,0.0,0.0,Passed,90.0562624790462
920ea559-0a16-4b06-8628-dd618e56b5dc,10f2b3ad-c812-46a1-bdc4-aadbb188735e,16.0,66.0,0.0,Failed,89.93221698714954
