Folder1,Folder2,AST Edit Distance,DFG Edit Distance,PDG Edit Distance,Passed Or Failed,Cosine Similarity
51707210-2a2a-4669-a07e-273224672e07,a4365218-4506-4318-be2a-114ae65da582,37.0,66.0,96.0,Passed,0.9768078923225403
51707210-2a2a-4669-a07e-273224672e07,5a003395-051b-416c-abc8-4d7719e48710,47.0,0.0,0.0,Passed,0.9749791622161865
51707210-2a2a-4669-a07e-273224672e07,a5591618-6213-4b0f-94c3-815d3ed8b4e7,53.0,72.0,100.0,Passed,0.9744848012924194
51707210-2a2a-4669-a07e-273224672e07,bf3d37ca-5308-4929-84b4-3c1419fce0ef,0.0,0.0,0.0,Passed,0.9740114212036133
51707210-2a2a-4669-a07e-273224672e07,7a39963c-d905-4b8a-9a67-de7eb6f22f31,45.0,75.0,98.0,Passed,0.9736236333847046
51707210-2a2a-4669-a07e-273224672e07,1c926169-94b1-4008-a6de-42fe51d2bf2f,73.0,178.0,279.0,Failed,0.9683637022972107
