Folder1,Folder2,AST Edit Distance,DFG Edit Distance,PDG Edit Distance,Passed Or Failed,ROUGE-L
82d323e1-dfb8-478d-9ebd-1e53571dcf42,ec163f4b-b831-4a5e-aebc-f0f9d286bb86,0.0,0.0,0.0,Passed,0.8695652173913043
82d323e1-dfb8-478d-9ebd-1e53571dcf42,aab84bdf-b539-4904-b9ba-7014621e31e5,25.0,78.0,0.0,Failed,0.8571428571428571
