Folder1,Folder2,AST Edit Distance,DFG Edit Distance,PDG Edit Distance,Passed Or Failed,Euclidean Distance
428a368f-b31c-46cf-8008-ebc527a54ce6,b36be140-a65c-431f-be9a-9548a425cfc7,0.0,18.0,18.0,Passed,0.13552379608154297
428a368f-b31c-46cf-8008-ebc527a54ce6,886ba50b-6bb1-43f8-b116-106553656dcc,21.0,81.0,116.0,Failed,0.1663055568933487
