Folder1,Folder2,AST Edit Distance,DFG Edit Distance,PDG Edit Distance,Passed Or Failed,ChrF Score
d93c0f5e-f283-4ef0-ae8b-4a724b543f95,07d67bb8-df6e-43dd-a7e2-9624b14821c8,5.0,0.0,0.0,Passed,88.67412938303765
d93c0f5e-f283-4ef0-ae8b-4a724b543f95,a6bd73ce-f136-41a9-a36f-4f198dbd8d00,5.0,0.0,0.0,Passed,88.67412938303765
d93c0f5e-f283-4ef0-ae8b-4a724b543f95,02830034-85e7-4af0-925c-664cf0e60df7,5.0,0.0,0.0,Passed,85.05391631486738
d93c0f5e-f283-4ef0-ae8b-4a724b543f95,8322a707-16ee-45c8-ad64-bac07372cc01,28.0,0.0,0.0,Failed,85.05391631486738
