Folder1,Folder2,AST Edit Distance,DFG Edit Distance,PDG Edit Distance,Passed Or Failed,ROUGE-L
a1854a3a-0c4c-4618-80b6-a10c56dccecd,ef5e49db-3f16-44a3-be94-05c129d3b29f,32.0,0.0,0.0,Passed,0.5614035087719298
a1854a3a-0c4c-4618-80b6-a10c56dccecd,054cabb7-1f6c-4df6-82ac-9045c538e2ff,34.0,0.0,0.0,Passed,0.5357142857142857
a1854a3a-0c4c-4618-80b6-a10c56dccecd,74f03d09-858e-4bd7-8203-9b916b8bb8ec,62.0,198.0,258.0,Failed,0.5357142857142857
