Folder1,Folder2,AST Edit Distance,DFG Edit Distance,PDG Edit Distance,Passed Or Failed,ROUGE-2
00549329-ed0c-4400-9c84-9b6a5296582d,7cd80daf-d77f-46b4-ac12-4d5390cd34ab,28.0,27.0,43.0,Passed,0.8275862068965517
00549329-ed0c-4400-9c84-9b6a5296582d,aa519b4f-d98a-4aee-bca8-195759f5c941,19.0,27.0,41.0,Passed,0.8275862068965517
00549329-ed0c-4400-9c84-9b6a5296582d,a94bf676-245c-4299-aecc-3677ef37e9c9,24.0,62.0,87.0,Failed,0.7586206896551724
