Folder1,Folder2,AST Edit Distance,DFG Edit Distance,PDG Edit Distance,Passed Or Failed,Similarity Score during Execution
2c67b7d0-a0cf-489f-803a-b8436a088059,2bd7c2ec-dafb-4c20-bd00-f03280604fe7,40.0,0.0,0.0,Passed,1.437389850616455
2c67b7d0-a0cf-489f-803a-b8436a088059,96e64481-e544-4359-92f3-a6dd7cf72f43,6.0,0.0,0.0,Passed,1.325911045074463
2c67b7d0-a0cf-489f-803a-b8436a088059,b012b880-3f22-4dc7-97e2-ec274b2c024d,6.0,0.0,0.0,Passed,1.2617809772491455
2c67b7d0-a0cf-489f-803a-b8436a088059,c9998239-4a07-446e-b991-82b72923c265,10.0,0.0,0.0,Passed,1.2467067241668701
2c67b7d0-a0cf-489f-803a-b8436a088059,94113f11-171e-4317-b939-87bdda81a7c3,63.0,126.0,203.0,Failed,1.227148175239563
