Folder1,Folder2,AST Edit Distance,DFG Edit Distance,PDG Edit Distance,Passed Or Failed,Cosine Similarity
873fbee6-a662-44e0-8763-4a65eca0c77d,aa2da9cf-9489-4f8e-979d-ab82372d788c,0.0,19.0,34.0,Passed,0.9947495460510254
873fbee6-a662-44e0-8763-4a65eca0c77d,a4273ecf-fa80-407a-938b-37e8fc30c18e,14.0,15.0,27.0,Failed,0.9933344125747681
