Folder1,Folder2,AST Edit Distance,DFG Edit Distance,PDG Edit Distance,Passed Or Failed,Meteor Score
c51944bc-5a9b-431a-a8fd-fbaef0ba675b,14661225-1832-4ce0-9220-ed2a944b3f48,1.0,20.0,24.0,Passed,0.748263888888889
c51944bc-5a9b-431a-a8fd-fbaef0ba675b,1f13f023-d117-440e-84dc-7d3ed97d9d7a,25.0,38.0,71.0,Failed,0.748263888888889
