Folder1,Folder2,AST Edit Distance,DFG Edit Distance,PDG Edit Distance,Passed Or Failed,Similarity Score during Execution
77080d3d-8f07-4a92-a88a-b48213fdd0ad,f4224ff9-d79b-440b-bfe7-7010bd1981f5,38.0,31.0,49.0,Passed,1.3226836919784546
77080d3d-8f07-4a92-a88a-b48213fdd0ad,01de13d0-d8be-4a1c-a043-f4883aadf76f,30.0,37.0,56.0,Passed,1.2707996368408203
77080d3d-8f07-4a92-a88a-b48213fdd0ad,afe9c7aa-1e9f-4e7c-91d9-4889506604e0,37.0,75.0,116.0,Failed,1.2491564750671387
