Folder1,Folder2,AST Edit Distance,DFG Edit Distance,PDG Edit Distance,Passed Or Failed,BLEU score
57922908-f01c-435b-b176-39fc1185e5f0,d238f8d1-61f0-499a-96b3-e0dd9d566524,40.0,0.0,0.0,Passed,0.6316608219422961
57922908-f01c-435b-b176-39fc1185e5f0,037d9ba9-17f2-4246-8cf8-5628c843d8e0,40.0,0.0,0.0,Failed,0.5138597733720489
