Folder1,Folder2,AST Edit Distance,DFG Edit Distance,PDG Edit Distance,Passed Or Failed,Euclidean Distance
59584de2-13da-4e09-b6cc-775ab55a024c,dc9eff26-c46f-40d2-b958-42f17d5e7924,6.0,0.0,0.0,Passed,0.38296979665756226
59584de2-13da-4e09-b6cc-775ab55a024c,b4ec5984-5a25-4e8a-9b4f-1a23216584d2,16.0,0.0,0.0,Passed,0.426117867231369
59584de2-13da-4e09-b6cc-775ab55a024c,c2bb8281-931c-4c30-bb07-79d06113e02b,5.0,77.0,136.0,Failed,0.46281614899635315
