Folder1,Folder2,AST Edit Distance,DFG Edit Distance,PDG Edit Distance,Passed Or Failed,Similarity Score during Execution
1facb8e7-30fa-4411-8fd7-ead79deddc1f,30ac081e-d116-4416-bdda-6b7ef26381d9,9.0,0.0,0.0,Passed,1.344133973121643
1facb8e7-30fa-4411-8fd7-ead79deddc1f,836281c7-960e-435b-9613-578333d07037,4.0,0.0,0.0,Passed,1.3167357444763184
1facb8e7-30fa-4411-8fd7-ead79deddc1f,131233dd-d99e-4872-9d02-59ec24a41cc4,3.0,0.0,0.0,Passed,1.2923310995101929
1facb8e7-30fa-4411-8fd7-ead79deddc1f,36548f8f-b3e1-49e6-835a-af9e1c6bae46,14.0,0.0,0.0,Passed,1.2871992588043213
1facb8e7-30fa-4411-8fd7-ead79deddc1f,42b2671c-4ae4-4fb2-b629-2489b19a67c6,8.0,0.0,0.0,Passed,1.2701492309570312
1facb8e7-30fa-4411-8fd7-ead79deddc1f,d95c1734-155b-432f-ad1c-7014e49d31fd,9.0,76.0,127.0,Failed,1.2587041854858398
