Folder1,Folder2,AST Edit Distance,DFG Edit Distance,PDG Edit Distance,Passed Or Failed,BLEU score
3f4c8081-327b-48ed-9165-aed0daec5106,914a63c9-2841-4e4c-b655-ec246e95daf9,9.0,0.0,0.0,Passed,0.3321415611879587
3f4c8081-327b-48ed-9165-aed0daec5106,da729cf0-48c9-4961-a1bd-7abce5a322c1,8.0,0.0,0.0,Passed,0.3321415611879587
3f4c8081-327b-48ed-9165-aed0daec5106,34ee7a41-2098-4874-8c38-a647921e607a,14.0,0.0,0.0,Passed,0.30534528187035764
3f4c8081-327b-48ed-9165-aed0daec5106,78379984-7c27-49c3-9a11-3aa60725d2a3,14.0,0.0,0.0,Passed,0.30534528187035764
3f4c8081-327b-48ed-9165-aed0daec5106,4864b045-c6e2-486d-bd8c-d05f52cd0984,0.0,0.0,0.0,Passed,0.28415580301245486
3f4c8081-327b-48ed-9165-aed0daec5106,87d5acf0-1cb7-40f8-84db-2664b09b26d6,0.0,0.0,0.0,Passed,0.28415580301245486
3f4c8081-327b-48ed-9165-aed0daec5106,0520d615-6147-41f6-becc-d0fdedbcabdf,9.0,28.0,0.0,Failed,0.26873796634858865
