Folder1,Folder2,AST Edit Distance,DFG Edit Distance,PDG Edit Distance,Passed Or Failed,ChrF Score
5db4dfa6-4a60-459a-bf45-a0122cd433aa,c3dab2c9-3bfa-4e8f-8d17-4341fcacdbfa,0.0,0.0,0.0,Passed,88.09118817538342
5db4dfa6-4a60-459a-bf45-a0122cd433aa,ca2c8975-265d-499c-acbb-f7b9723399a4,0.0,0.0,0.0,Passed,88.09118817538342
5db4dfa6-4a60-459a-bf45-a0122cd433aa,97656f84-3f17-4f5d-b036-2ff1cf992e62,0.0,18.0,27.0,Failed,87.15253255991952
