Folder1,Folder2,AST Edit Distance,DFG Edit Distance,PDG Edit Distance,Passed Or Failed,Similarity Score during Execution
dcd6bfb6-1983-412f-ac8b-50af0304972c,e30bf3da-390a-47cf-b89d-674371978d7e,4.0,0.0,0.0,Passed,1.31771981716156
dcd6bfb6-1983-412f-ac8b-50af0304972c,8991462a-9963-4bad-a5e6-b4ebb623352f,4.0,0.0,0.0,Passed,1.3146674633026123
dcd6bfb6-1983-412f-ac8b-50af0304972c,417bcd36-b904-439f-8520-97cfc68517af,4.0,0.0,0.0,Passed,1.2820128202438354
dcd6bfb6-1983-412f-ac8b-50af0304972c,a3434b08-dcc4-454b-8ad7-610e61244d38,4.0,38.0,60.0,Failed,1.2525506019592285
