Folder1,Folder2,AST Edit Distance,DFG Edit Distance,PDG Edit Distance,Passed Or Failed,Meteor Score
8166477f-e999-4444-aab0-adf86534c894,7c661db5-9a0b-400c-8d7e-d46dc4af69d8,18.0,61.0,96.0,Passed,0.37575757575757585
8166477f-e999-4444-aab0-adf86534c894,db955069-74f0-4304-9746-03138c5c1113,18.0,83.0,134.0,Failed,0.316270154470628
