Folder1,Folder2,AST Edit Distance,DFG Edit Distance,PDG Edit Distance,Passed Or Failed,ChrF Score
ba58b740-20cf-4e43-81dc-8311690d3888,4b8351c7-bad6-4b5d-8186-f4dd289324b7,0.0,0.0,0.0,Passed,29.23572568703694
ba58b740-20cf-4e43-81dc-8311690d3888,53811fce-617e-46ad-9974-8697f5d5146a,52.0,137.0,197.0,Failed,28.68221728171092
