Folder1,Folder2,AST Edit Distance,DFG Edit Distance,PDG Edit Distance,Passed Or Failed,BLEU score
d1a450d5-29d8-498d-a805-d545eea0a137,08750f1a-86de-4e46-bbbb-589c18db261e,8.0,0.0,0.0,Passed,0.6438963635414962
d1a450d5-29d8-498d-a805-d545eea0a137,3ab6f7e3-ac5e-416d-b5a2-e251163d3df6,7.0,0.0,0.0,Passed,0.6438963635414962
d1a450d5-29d8-498d-a805-d545eea0a137,1a5d1f27-4180-44b0-8e7b-871aa7784c2f,9.0,0.0,0.0,Passed,0.6260047175619871
d1a450d5-29d8-498d-a805-d545eea0a137,3ecc537a-852c-49e0-af18-87b65a429ab7,9.0,0.0,0.0,Passed,0.6260047175619871
d1a450d5-29d8-498d-a805-d545eea0a137,dd1f6176-df54-411a-8203-f43b35b656a8,21.0,36.0,0.0,Failed,0.6260047175619871
