Folder1,Folder2,AST Edit Distance,DFG Edit Distance,PDG Edit Distance,Passed Or Failed,Euclidean Distance
ba1f9fe3-c2f3-47c2-969e-d45b6044ecde,5e7bdede-07a7-477a-91f9-978498ef08e3,41.0,42.0,56.0,Passed,0.3176344335079193
ba1f9fe3-c2f3-47c2-969e-d45b6044ecde,85875793-a0f3-4802-98d8-0ebff0fcc6ef,41.0,42.0,56.0,Passed,0.3176344335079193
ba1f9fe3-c2f3-47c2-969e-d45b6044ecde,253fbea2-1ed0-4a3a-85e7-2f8ebf05945e,2.0,0.0,0.0,Passed,0.35677966475486755
ba1f9fe3-c2f3-47c2-969e-d45b6044ecde,4ef7571b-7bc4-449d-b012-fb0455566e7f,12.0,59.0,88.0,Failed,0.35677966475486755
