Folder1,Folder2,AST Edit Distance,DFG Edit Distance,PDG Edit Distance,Passed Or Failed,Cosine Similarity
53e317ac-9267-4588-9f1b-7970e2bfd12a,6b53a6ba-7f07-419e-91e5-f6f9cc61e2bc,52.0,0.0,0.0,Passed,0.9904199838638306
53e317ac-9267-4588-9f1b-7970e2bfd12a,9059fab5-4c3a-47e7-810c-38fc081c84a7,60.0,0.0,0.0,Passed,0.9904199838638306
53e317ac-9267-4588-9f1b-7970e2bfd12a,405bb583-429a-4c99-9d92-46f872b979c4,45.0,72.0,135.0,Passed,0.985652506351471
53e317ac-9267-4588-9f1b-7970e2bfd12a,5c85cd58-a1d2-48b0-8dd4-82c65f399ca9,42.0,82.0,135.0,Failed,0.985652506351471
