Folder1,Folder2,AST Edit Distance,DFG Edit Distance,PDG Edit Distance,Passed Or Failed,ROUGE-2
a06a5d50-a583-447a-8fdd-110a1ac538af,beec319d-dc1e-4c15-a14f-af8d0ff9e2f3,0.0,0.0,0.0,Passed,0.8974358974358975
a06a5d50-a583-447a-8fdd-110a1ac538af,c6d895c4-ebb7-4fcc-9a3c-7ab59782a9c3,0.0,0.0,0.0,Passed,0.8974358974358975
a06a5d50-a583-447a-8fdd-110a1ac538af,24e41bab-24d0-40a3-902c-6ca9dcf1e1c7,0.0,0.0,0.0,Passed,0.883116883116883
a06a5d50-a583-447a-8fdd-110a1ac538af,a7793a88-c877-45a8-8a94-a2322a7fb2cd,0.0,0.0,0.0,Passed,0.883116883116883
a06a5d50-a583-447a-8fdd-110a1ac538af,27d9285d-c90d-4dcb-9ede-568f5b93e7e7,58.0,0.0,0.0,Failed,0.8717948717948718
