Folder1,Folder2,AST Edit Distance,DFG Edit Distance,PDG Edit Distance,Passed Or Failed,Similarity Score during Execution
79fb983b-cfc8-4388-94d9-38a3e63e0941,f7987515-e2d2-40da-94e2-a080a0d8c254,0.0,0.0,0.0,Passed,1.4088420867919922
79fb983b-cfc8-4388-94d9-38a3e63e0941,d049247a-6803-4e42-b3a6-753014f99072,6.0,0.0,0.0,Failed,1.335204005241394
