Folder1,Folder2,AST Edit Distance,DFG Edit Distance,PDG Edit Distance,Passed Or Failed,ROUGE-2
9369ea0b-d062-4e1f-a51c-8731084f8d2d,343245a5-dafe-4b47-ba97-23f37b87fb5c,6.0,0.0,0.0,Passed,0.6779661016949153
9369ea0b-d062-4e1f-a51c-8731084f8d2d,41555e05-00fe-4380-acd7-27fd6048017e,30.0,56.0,77.0,Passed,0.6779661016949153
9369ea0b-d062-4e1f-a51c-8731084f8d2d,92898f38-f810-457b-b946-120924cc0aa7,3.0,0.0,0.0,Passed,0.6779661016949153
9369ea0b-d062-4e1f-a51c-8731084f8d2d,d0dc4f15-e304-4664-9bf5-0ea29712bcab,21.0,0.0,0.0,Passed,0.6779661016949153
9369ea0b-d062-4e1f-a51c-8731084f8d2d,6c713b52-f6a6-4ec1-9379-68660d276cbd,29.0,32.0,40.0,Passed,0.6440677966101694
9369ea0b-d062-4e1f-a51c-8731084f8d2d,8638a099-a409-403d-810b-876d95049ea4,25.0,0.0,0.0,Passed,0.6440677966101694
9369ea0b-d062-4e1f-a51c-8731084f8d2d,0a9ddcb0-3e1c-4edb-a5ef-5719c9d5421e,80.0,54.0,86.0,Passed,0.6206896551724138
9369ea0b-d062-4e1f-a51c-8731084f8d2d,99a72a95-3ac3-419a-ad24-a286b00e0e2d,2.0,101.0,152.0,Failed,0.6206896551724138
