Folder1,Folder2,AST Edit Distance,DFG Edit Distance,PDG Edit Distance,Passed Or Failed,BLEU score
b34132d1-c653-4a27-9341-3bc379a10231,2c1e7f3f-7b3a-418d-89da-c57b5630ccf2,0.0,0.0,0.0,Passed,0.2809346801568646
b34132d1-c653-4a27-9341-3bc379a10231,faa56222-7970-4f96-843e-689db501a58a,23.0,0.0,0.0,Failed,0.2809346801568646
