Folder1,Folder2,AST Edit Distance,DFG Edit Distance,PDG Edit Distance,Passed Or Failed,ROUGE-2
920ea559-0a16-4b06-8628-dd618e56b5dc,0a515de0-635e-4732-91d0-1484a7aec029,45.0,0.0,0.0,Passed,0.9375
920ea559-0a16-4b06-8628-dd618e56b5dc,12280d1e-a185-4a4e-b47c-608debcfdc6e,49.0,0.0,0.0,Passed,0.9052631578947369
920ea559-0a16-4b06-8628-dd618e56b5dc,04536cc2-9fbb-48b7-a3d7-3d4299362352,16.0,66.0,0.0,Failed,0.8958333333333334
