Folder1,Folder2,AST Edit Distance,DFG Edit Distance,PDG Edit Distance,Passed Or Failed,Cosine Similarity
525789e9-2cb6-4bba-a68e-0ce9d668c0e9,66f07339-a212-4c16-93b9-6a0c04b79070,0.0,14.0,18.0,Passed,0.9968808889389038
525789e9-2cb6-4bba-a68e-0ce9d668c0e9,a40ae4d7-ff26-4cb2-9fa0-642a050ae3a0,0.0,12.0,14.0,Passed,0.9968808889389038
525789e9-2cb6-4bba-a68e-0ce9d668c0e9,bbc358e5-85b9-43de-a133-6f177e63067a,0.0,0.0,0.0,Passed,0.9957858324050903
525789e9-2cb6-4bba-a68e-0ce9d668c0e9,c9ddee26-b3ea-4325-a4b5-ab85da4a258d,0.0,0.0,0.0,Passed,0.9957858324050903
525789e9-2cb6-4bba-a68e-0ce9d668c0e9,3638badc-f1a7-4f62-acfc-6e77f76ff1d2,19.0,49.0,72.0,Passed,0.9956015348434448
525789e9-2cb6-4bba-a68e-0ce9d668c0e9,fc85f21e-1383-4354-a654-b56181818b94,37.0,61.0,92.0,Failed,0.9956015348434448
