Folder1,Folder2,AST Edit Distance,DFG Edit Distance,PDG Edit Distance,Passed Or Failed,BLEU score
5ef94a73-62e1-4b32-8207-5ee38ab89798,35a45f83-057a-406f-9bc7-a0558ef9e0ef,62.0,0.0,0.0,Passed,0.7910350788562233
5ef94a73-62e1-4b32-8207-5ee38ab89798,a6feef99-02d8-4409-ae4f-31e0577f4364,72.0,0.0,0.0,Passed,0.7910350788562233
5ef94a73-62e1-4b32-8207-5ee38ab89798,aeef8dac-db1c-4fe0-b775-da9121f10db6,46.0,0.0,0.0,Passed,0.7910350788562233
5ef94a73-62e1-4b32-8207-5ee38ab89798,3026508e-10a3-46e1-9000-5d79d0b20f8b,34.0,0.0,0.0,Passed,0.7838756540325348
5ef94a73-62e1-4b32-8207-5ee38ab89798,85ec1a14-10c1-4c4d-b86b-8907dc98d8eb,71.0,0.0,0.0,Passed,0.7568440125092785
5ef94a73-62e1-4b32-8207-5ee38ab89798,8760ca85-3173-4970-a266-eb98cf8da3b7,51.0,0.0,0.0,Passed,0.7294784925745127
5ef94a73-62e1-4b32-8207-5ee38ab89798,b88392a2-b332-4e05-bf5c-64c2779385ed,68.0,76.0,133.0,Failed,0.7294784925745127
