Folder1,Folder2,AST Edit Distance,DFG Edit Distance,PDG Edit Distance,Passed Or Failed,ROUGE-2
66915db5-4418-40d3-8b2e-a2af017c7882,18c3148e-6f71-4784-bfa7-3108e7d249ff,49.0,8.0,18.0,Passed,0.8571428571428572
66915db5-4418-40d3-8b2e-a2af017c7882,92efebc5-40fb-4aa1-95cc-8a29d908fd66,23.0,10.0,21.0,Passed,0.6666666666666666
66915db5-4418-40d3-8b2e-a2af017c7882,d8058684-9951-47db-8d60-4874fac74950,45.0,10.0,21.0,Failed,0.6274509803921569
