Folder1,Folder2,AST Edit Distance,DFG Edit Distance,PDG Edit Distance,Passed Or Failed,ChrF Score
ccb65103-2c80-4738-b838-5296d2218826,9aefa56e-91c3-4d29-a865-ab58884c7cca,0.0,0.0,0.0,Passed,84.68393346194252
ccb65103-2c80-4738-b838-5296d2218826,3417d430-d02b-4bc7-9e7d-01bf327be3c5,0.0,0.0,0.0,Passed,84.32622523692154
ccb65103-2c80-4738-b838-5296d2218826,d7afefb5-13a9-436e-81d8-6b94d6051522,0.0,0.0,0.0,Passed,83.95663547168017
ccb65103-2c80-4738-b838-5296d2218826,2c15d1f8-064f-4822-b64e-651cc53c3d6e,0.0,0.0,0.0,Failed,83.12178397716595
