Folder1,Folder2,AST Edit Distance,DFG Edit Distance,PDG Edit Distance,Passed Or Failed,BLEU score
052e4e96-50ab-4567-b820-191a00560eeb,b4e03787-668a-443d-8106-a73895168754,20.0,86.0,117.0,Passed,0.43353471935824023
052e4e96-50ab-4567-b820-191a00560eeb,e5847ee5-71f4-42ce-b0bb-18e5185dba49,18.0,94.0,138.0,Passed,0.43353471935824023
052e4e96-50ab-4567-b820-191a00560eeb,08c12fc1-188e-46b6-9f76-d5fdf2a4c6d2,22.0,96.0,131.0,Passed,0.387668360469133
052e4e96-50ab-4567-b820-191a00560eeb,1d5b7842-e44e-4248-97b2-11f9792f514a,19.0,80.0,97.0,Passed,0.387668360469133
052e4e96-50ab-4567-b820-191a00560eeb,43b583d1-3197-463c-8f55-7a4d70f8757f,23.0,97.0,124.0,Passed,0.387668360469133
052e4e96-50ab-4567-b820-191a00560eeb,621dee44-f942-408e-9bcb-e4468ed8f72b,23.0,84.0,115.0,Passed,0.387668360469133
052e4e96-50ab-4567-b820-191a00560eeb,e5294991-8419-46af-946f-9137569c83bd,22.0,93.0,111.0,Passed,0.387668360469133
052e4e96-50ab-4567-b820-191a00560eeb,0dd05d6f-d7bc-4fb8-ad0c-450c6613e8eb,7.0,0.0,0.0,Passed,0.34892146450085076
052e4e96-50ab-4567-b820-191a00560eeb,2cbe4041-dc05-4f26-b6db-a220376a232a,19.0,96.0,136.0,Failed,0.34892146450085076
