Folder1,Folder2,AST Edit Distance,DFG Edit Distance,PDG Edit Distance,Passed Or Failed,BLEU score
3cefc181-15a4-4503-930c-6581e979f2fe,23353049-e5bd-4f8d-996d-533504dfc4e0,3.0,0.0,0.0,Passed,0.8424662725063078
3cefc181-15a4-4503-930c-6581e979f2fe,2e4b8206-3b56-4e13-bbb3-9e40bb4024e7,0.0,0.0,0.0,Passed,0.8424662725063078
3cefc181-15a4-4503-930c-6581e979f2fe,955c42d4-180f-40db-b4ce-44ad308c2389,0.0,0.0,0.0,Passed,0.8424662725063078
3cefc181-15a4-4503-930c-6581e979f2fe,98201039-79c6-4b44-84a4-acc79878fd3b,0.0,0.0,0.0,Passed,0.8424662725063078
3cefc181-15a4-4503-930c-6581e979f2fe,ca2973d8-0581-482d-bef3-14aec8ddbf13,3.0,0.0,0.0,Passed,0.8424662725063078
3cefc181-15a4-4503-930c-6581e979f2fe,cebc4732-c974-466a-a477-eb03d6cbb205,0.0,0.0,0.0,Passed,0.8424662725063078
3cefc181-15a4-4503-930c-6581e979f2fe,3e8a058b-6583-4384-95ad-86d5dac3486b,0.0,0.0,0.0,Passed,0.8267122918026706
3cefc181-15a4-4503-930c-6581e979f2fe,508606bb-dc50-4b62-b6be-b0c7662ede25,0.0,0.0,0.0,Passed,0.8267122918026706
3cefc181-15a4-4503-930c-6581e979f2fe,bf0bf9ed-a49b-4b1c-ad5d-ff41a76dfaf5,3.0,37.0,55.0,Failed,0.8066486374629191
