Folder1,Folder2,AST Edit Distance,DFG Edit Distance,PDG Edit Distance,Passed Or Failed,Euclidean Distance
889fe3e1-a5a2-415c-aa3b-b82d49f5d3f3,4db91eea-8c5c-4276-8552-c21cc55ec17f,11.0,69.0,85.0,Passed,0.5474750399589539
889fe3e1-a5a2-415c-aa3b-b82d49f5d3f3,f31e872b-5973-417d-ba24-aad34aede562,9.0,87.0,115.0,Passed,0.6227092146873474
889fe3e1-a5a2-415c-aa3b-b82d49f5d3f3,e3dae864-0ccc-4f5d-a5d6-fa48c805ffd0,9.0,95.0,121.0,Failed,0.6428477168083191
