Folder1,Folder2,AST Edit Distance,DFG Edit Distance,PDG Edit Distance,Passed Or Failed,ROUGE-L
83ee8398-0803-4862-80d4-36dc8b8bff28,49b326c5-aeb0-4f37-8c24-61fec4f6b024,13.0,0.0,0.0,Passed,0.75
83ee8398-0803-4862-80d4-36dc8b8bff28,b4c4fac8-5ba7-45a2-8153-3e8e468fa2e7,11.0,0.0,0.0,Passed,0.75
83ee8398-0803-4862-80d4-36dc8b8bff28,d8100ff4-cb32-4340-98eb-a444365f8feb,8.0,0.0,0.0,Passed,0.6956521739130435
83ee8398-0803-4862-80d4-36dc8b8bff28,e6070c56-f958-40eb-a969-3761114d64a9,13.0,0.0,0.0,Passed,0.6956521739130435
83ee8398-0803-4862-80d4-36dc8b8bff28,0073b1c5-d3b6-4603-adf8-657806d6716a,9.0,0.0,0.0,Passed,0.6666666666666666
83ee8398-0803-4862-80d4-36dc8b8bff28,217fea0c-64fc-4332-8906-172c9894a8c4,41.0,142.0,197.0,Failed,0.6666666666666666
