Folder1,Folder2,AST Edit Distance,DFG Edit Distance,PDG Edit Distance,Passed Or Failed,ChrF Score
2c67b7d0-a0cf-489f-803a-b8436a088059,96e64481-e544-4359-92f3-a6dd7cf72f43,6.0,0.0,0.0,Passed,88.85075651275679
2c67b7d0-a0cf-489f-803a-b8436a088059,2bd7c2ec-dafb-4c20-bd00-f03280604fe7,40.0,0.0,0.0,Passed,85.72798309134897
2c67b7d0-a0cf-489f-803a-b8436a088059,b012b880-3f22-4dc7-97e2-ec274b2c024d,63.0,126.0,203.0,Failed,83.98675142748137
