Folder1,Folder2,AST Edit Distance,DFG Edit Distance,PDG Edit Distance,Passed Or Failed,Euclidean Distance
c1e8c258-f29c-454c-8e60-f4c02fa8c3f5,acf618d6-fe8f-48d1-9c8f-80692cc72c5e,17.0,51.0,72.0,Passed,0.2653641700744629
c1e8c258-f29c-454c-8e60-f4c02fa8c3f5,c143e203-88f7-436c-9347-760aa7c445ef,27.0,71.0,105.0,Failed,0.2653641700744629
