Folder1,Folder2,AST Edit Distance,DFG Edit Distance,PDG Edit Distance,Passed Or Failed,Meteor Score
364446e9-4867-484f-bdd9-402fb2224a1f,0f35afe9-8868-475a-ae5a-e61230692fbe,6.0,14.0,24.0,Passed,0.6724489795918367
364446e9-4867-484f-bdd9-402fb2224a1f,80045947-5595-4040-965f-0ab3e161baae,15.0,0.0,0.0,Passed,0.6724489795918367
364446e9-4867-484f-bdd9-402fb2224a1f,a42d8bc9-fca8-425b-ac45-839de616ff23,1.0,10.0,16.0,Passed,0.6346938775510204
364446e9-4867-484f-bdd9-402fb2224a1f,adf59b0b-5843-4161-ae3a-13551e57e1a0,49.0,10.0,16.0,Failed,0.5625
