Folder1,Folder2,AST Edit Distance,DFG Edit Distance,PDG Edit Distance,Passed Or Failed,BLEU score
b1683175-8341-4370-8734-a83f80883066,0527e5d5-5891-4f07-b273-567590fc9988,File Not Found,File Not Found,File Not Found,Passed,3.027397632598877
b1683175-8341-4370-8734-a83f80883066,0b80bbad-8431-438f-9b01-a4948d77e3b3,6.0,0.0,0.0,Failed,0.2809009542151822
