Folder1,Folder2,AST Edit Distance,DFG Edit Distance,PDG Edit Distance,Passed Or Failed,ROUGE-L
c49760f5-fb14-4fbf-aad5-22be4eccf131,b7c73e40-ddad-4f35-804e-a20be65c8d4e,12.0,0.0,0.0,Passed,0.5128205128205128
c49760f5-fb14-4fbf-aad5-22be4eccf131,ff412047-659a-47d7-981a-4f14100240d4,13.0,0.0,0.0,Passed,0.4935064935064935
c49760f5-fb14-4fbf-aad5-22be4eccf131,b4621460-6b5d-4e8f-bd3f-ccef428e3604,13.0,0.0,0.0,Passed,0.4871794871794871
c49760f5-fb14-4fbf-aad5-22be4eccf131,c0cc0454-9fb9-4dc8-a5ac-50d752cf1c56,25.0,0.0,0.0,Failed,0.4871794871794871
