Folder1,Folder2,AST Edit Distance,DFG Edit Distance,PDG Edit Distance,Passed Or Failed,ChrF Score
dc636719-c4e1-422c-b866-c98b00de2714,1ebb2e88-e988-42e9-972a-5332a80cf65e,4.0,37.0,58.0,Passed,60.00054031445493
dc636719-c4e1-422c-b866-c98b00de2714,d456e3be-0362-4173-aa73-e266a27aa7d8,0.0,0.0,0.0,Passed,59.189335165868705
dc636719-c4e1-422c-b866-c98b00de2714,0b40e654-a6fc-42a3-b5dd-5d48c85a1c03,23.0,36.0,51.0,Failed,35.54093602543628
