Folder1,Folder2,AST Edit Distance,DFG Edit Distance,PDG Edit Distance,Passed Or Failed,Similarity Score during Execution
745ab051-76a7-4a8d-93a8-ed52b0bb9390,fa5695ae-37a7-40c9-bd05-e2aa1bb74eb5,0.0,0.0,0.0,Passed,1.184148907661438
745ab051-76a7-4a8d-93a8-ed52b0bb9390,74ff8f8c-6f47-4596-ae09-f9c056d3f143,0.0,0.0,0.0,Passed,1.1807066202163696
745ab051-76a7-4a8d-93a8-ed52b0bb9390,ef4a9285-07b7-4318-974d-f618bb2d6fd8,0.0,42.0,64.0,Passed,1.1732604503631592
745ab051-76a7-4a8d-93a8-ed52b0bb9390,0f5c015e-ea92-4e10-b3d9-f281ce015dcc,0.0,0.0,0.0,Passed,1.1685960292816162
745ab051-76a7-4a8d-93a8-ed52b0bb9390,8653d8db-00a3-4f45-a490-bea964403ac9,13.0,42.0,65.0,Passed,1.158056616783142
745ab051-76a7-4a8d-93a8-ed52b0bb9390,c292758b-e82c-4f90-b13a-b38c49699270,0.0,25.0,38.0,Passed,1.155716061592102
745ab051-76a7-4a8d-93a8-ed52b0bb9390,5368dd59-fb73-44b5-9bb7-73b832d47dec,1.0,62.0,90.0,Failed,1.1511471271514893
