Folder1,Folder2,AST Edit Distance,DFG Edit Distance,PDG Edit Distance,Passed Or Failed,Cosine Similarity
e5627bb5-4db6-4121-970f-42d4e8c88c36,42afc7ec-6760-4ae9-9b89-734650ace52b,0.0,0.0,0.0,Passed,0.9979286789894104
e5627bb5-4db6-4121-970f-42d4e8c88c36,d033c960-ba8f-4c89-ae42-92f210bc72c2,1.0,0.0,0.0,Passed,0.9979286789894104
e5627bb5-4db6-4121-970f-42d4e8c88c36,72fb2ba5-da56-43f1-8912-bdbb1749442f,1.0,0.0,0.0,Passed,0.9977979063987732
e5627bb5-4db6-4121-970f-42d4e8c88c36,8f9d158f-61bd-43e3-b212-9bac0a0d02d3,0.0,0.0,0.0,Passed,0.9977979063987732
e5627bb5-4db6-4121-970f-42d4e8c88c36,0546f75f-5972-4535-9c94-a242e851e665,26.0,0.0,0.0,Failed,0.9977724552154541
