Folder1,Folder2,AST Edit Distance,DFG Edit Distance,PDG Edit Distance,Passed Or Failed,Similarity Score during Execution
8166477f-e999-4444-aab0-adf86534c894,db955069-74f0-4304-9746-03138c5c1113,15.0,22.0,34.0,Passed,1.302478313446045
8166477f-e999-4444-aab0-adf86534c894,93389a25-2aab-45da-a3e3-496a3344088f,18.0,83.0,134.0,Failed,1.234390377998352
