Folder1,Folder2,AST Edit Distance,DFG Edit Distance,PDG Edit Distance,Passed Or Failed,BLEU score
c49760f5-fb14-4fbf-aad5-22be4eccf131,e8e9fb0a-047a-4c75-b92b-1c2525f81591,40.0,0.0,0.0,Passed,0.26038053012911716
c49760f5-fb14-4fbf-aad5-22be4eccf131,a90c47b7-2234-4afd-a132-46053bfbaeed,39.0,0.0,0.0,Passed,0.2373488414075553
c49760f5-fb14-4fbf-aad5-22be4eccf131,ae5385e5-6a90-4731-ad47-ac3881ac1b02,40.0,0.0,0.0,Failed,0.2373488414075553
