Folder1,Folder2,AST Edit Distance,DFG Edit Distance,PDG Edit Distance,Passed Or Failed,BLEU score
65fc9f85-5c07-4f59-a6e5-bfcff9563562,26bdda21-13a1-4493-bbfd-5a6198d859d1,25.0,0.0,0.0,Passed,0.5540080387705814
65fc9f85-5c07-4f59-a6e5-bfcff9563562,c06a9e7f-0df7-4116-a10a-7df3fb688897,25.0,0.0,0.0,Passed,0.5540080387705814
65fc9f85-5c07-4f59-a6e5-bfcff9563562,2a4f0939-9ba3-4b83-8e3f-34ac1d3994d8,24.0,0.0,0.0,Passed,0.5093121744590023
65fc9f85-5c07-4f59-a6e5-bfcff9563562,e6cda437-434a-4bdf-8995-a85387f3af6b,25.0,0.0,0.0,Passed,0.5093121744590023
65fc9f85-5c07-4f59-a6e5-bfcff9563562,07423f0f-f083-4abd-9c94-30947ec65c4d,63.0,62.0,78.0,Failed,0.47396838435140404
