Folder1,Folder2,AST Edit Distance,DFG Edit Distance,PDG Edit Distance,Passed Or Failed,Meteor Score
0827c301-2dc2-411e-997b-cac454cff3d3,342b555d-8269-45bd-a08c-955e69b9fd08,25.0,0.0,0.0,Passed,0.8666420118343195
0827c301-2dc2-411e-997b-cac454cff3d3,39719e1f-d32f-4959-93af-bcc0319e74a6,25.0,0.0,0.0,Passed,0.8666420118343195
0827c301-2dc2-411e-997b-cac454cff3d3,3f6ef87d-cf92-4d3e-a721-2d57dd2d634a,36.0,90.0,166.0,Failed,0.83590635451505
