Folder1,Folder2,AST Edit Distance,DFG Edit Distance,PDG Edit Distance,Passed Or Failed,ChrF Score
f0e8557d-7123-42d4-b289-fe70d719652c,f26ac74c-ca8f-4691-b2ed-b43042d3f402,2.0,0.0,0.0,Passed,85.59684532181926
f0e8557d-7123-42d4-b289-fe70d719652c,f7daadea-e79f-412b-ac3f-3fe2d9dd97c0,2.0,155.0,237.0,Failed,84.5973567367723
