Folder1,Folder2,AST Edit Distance,DFG Edit Distance,PDG Edit Distance,Passed Or Failed,ROUGE-L
0e57af25-6a4a-44f5-98e5-9c5d229c73ee,022ff9a4-d87e-4ab6-99d1-842a10e41aee,0.0,0.0,0.0,Passed,0.7857142857142857
0e57af25-6a4a-44f5-98e5-9c5d229c73ee,0be5b81a-bb65-431a-9017-10024f8f1694,0.0,0.0,0.0,Passed,0.7857142857142857
0e57af25-6a4a-44f5-98e5-9c5d229c73ee,300f51b4-b2e5-4a8a-85ef-f44d9726ff21,0.0,0.0,0.0,Passed,0.7857142857142857
0e57af25-6a4a-44f5-98e5-9c5d229c73ee,e084a36d-8cf2-4807-86cb-93371aa2dc23,0.0,0.0,0.0,Passed,0.7857142857142857
0e57af25-6a4a-44f5-98e5-9c5d229c73ee,5bcde329-beea-4167-a986-eb87d3af62fa,29.0,113.0,166.0,Failed,0.7407407407407406
