Folder1,Folder2,AST Edit Distance,DFG Edit Distance,PDG Edit Distance,Passed Or Failed,Euclidean Distance
7e738d6c-8c66-42af-83ce-98a44356b3ce,a213731f-7721-4395-a622-de638a7cf09c,0,0,0,Passed,0.974289179
7e738d6c-8c66-42af-83ce-98a44356b3ce,250fcbe0-0e69-4683-803a-3887008f3b5d,0,0,0,Passed,0.978071153
7e738d6c-8c66-42af-83ce-98a44356b3ce,4aa419f8-e03a-4614-b298-ebc0cc1c8e59,0,0,0,Passed,0.978071213
7e738d6c-8c66-42af-83ce-98a44356b3ce,4e47a2f8-52f8-4c47-bfe5-b6eddfc6353f,0,28,35,Failed,0.982738197
