Folder1,Folder2,AST Edit Distance,DFG Edit Distance,PDG Edit Distance,Passed Or Failed,Meteor Score
be217f06-e32a-463e-bc54-f79292b1bbf0,0bfc1c25-42ce-4a9c-aa53-a604eb993468,27.0,0.0,0.0,Passed,0.8631327121631831
be217f06-e32a-463e-bc54-f79292b1bbf0,ff72ca87-29c2-4563-bcc6-6e0a0f5b28e6,32.0,0.0,0.0,Passed,0.8631327121631831
be217f06-e32a-463e-bc54-f79292b1bbf0,6629e7dd-9a30-4e45-9f58-8fe54db581d3,33.0,0.0,0.0,Failed,0.8213540785839112
