Folder1,Folder2,AST Edit Distance,DFG Edit Distance,PDG Edit Distance,Passed Or Failed,Cosine Similarity
6d87d517-1c09-4134-8f9a-202c5c01e6d2,b1c1f48e-81c9-4a9f-947c-95e4871886cb,2.0,0.0,0.0,Passed,0.9840000867843628
6d87d517-1c09-4134-8f9a-202c5c01e6d2,f95ab61d-2ed2-4c5b-9f01-eb7ee8182485,3.0,0.0,0.0,Failed,0.9840000867843628
