Folder1,Folder2,AST Edit Distance,DFG Edit Distance,PDG Edit Distance,Passed Or Failed,ROUGE-2
2864aee3-f444-4ddb-9cee-3cbd0aeca0b9,3281dfac-8ac9-4efd-a9e5-b8d704c50695,9.0,0.0,0.0,Passed,0.7777777777777777
2864aee3-f444-4ddb-9cee-3cbd0aeca0b9,407c00d1-1a3a-41db-a8e6-d9e9e0a93647,10.0,0.0,0.0,Passed,0.7777777777777777
2864aee3-f444-4ddb-9cee-3cbd0aeca0b9,0d57d1c6-5d4f-412c-9bc0-45d14913e4f0,34.0,0.0,0.0,Passed,0.7222222222222223
2864aee3-f444-4ddb-9cee-3cbd0aeca0b9,755d7f32-50d5-46be-8420-27b19f0a1b16,38.0,0.0,0.0,Passed,0.7222222222222223
2864aee3-f444-4ddb-9cee-3cbd0aeca0b9,f43ce6bb-5f7e-4362-b096-d7bceab8eeb0,7.0,0.0,0.0,Passed,0.7222222222222223
2864aee3-f444-4ddb-9cee-3cbd0aeca0b9,0028a377-b8e1-497b-99e4-511542ad1052,21.0,0.0,0.0,Passed,0.6666666666666665
2864aee3-f444-4ddb-9cee-3cbd0aeca0b9,2e5b2e18-f26c-4236-b941-ac9ba1b6453c,14.0,67.0,100.0,Failed,0.6666666666666665
