Folder1,Folder2,AST Edit Distance,DFG Edit Distance,PDG Edit Distance,Passed Or Failed,Cosine Similarity
1cf69bb5-8b2d-446d-bf5d-aae57653f4eb,4b8dde62-17ca-41a4-a8cd-be0c26ded415,30.0,32.0,45.0,Passed,0.9904053807258606
1cf69bb5-8b2d-446d-bf5d-aae57653f4eb,df2662ff-eef7-4803-8ba4-f68c32e9f778,26.0,39.0,49.0,Passed,0.9904053807258606
1cf69bb5-8b2d-446d-bf5d-aae57653f4eb,0dc3f130-4fc6-414d-af8c-f29342eb5230,1.0,0.0,0.0,Passed,0.9873571991920471
1cf69bb5-8b2d-446d-bf5d-aae57653f4eb,d88728c8-dcf0-4475-80cb-f67f0e937512,1.0,0.0,0.0,Passed,0.9873571991920471
1cf69bb5-8b2d-446d-bf5d-aae57653f4eb,0ca02c8d-fedb-45af-be1c-d26fe1e1a61f,42.0,113.0,151.0,Failed,0.9849533438682556
