Folder1,Folder2,AST Edit Distance,DFG Edit Distance,PDG Edit Distance,Passed Or Failed,Euclidean Distance
b983b390-8a0a-4e3e-8584-2b3cd68c55f8,3da9d1c3-975a-4052-9926-09790613866c,0.0,0.0,0.0,Passed,0.3619084656238556
b983b390-8a0a-4e3e-8584-2b3cd68c55f8,deedd397-c268-4e3f-b384-8fc2d5426ec1,0.0,40.0,57.0,Passed,0.3619084656238556
b983b390-8a0a-4e3e-8584-2b3cd68c55f8,116a2f03-7205-4f7e-9888-810a0bf77ef4,40.0,44.0,85.0,Failed,0.43617838621139526
