Folder1,Folder2,AST Edit Distance,DFG Edit Distance,PDG Edit Distance,Passed Or Failed,Similarity Score during Execution
26d0e96c-7b77-4ba8-a267-27883c234695,d62b3014-da9e-49ee-a6d1-ddc8971b5ebe,11.0,0.0,0.0,Passed,1.6240204572677612
26d0e96c-7b77-4ba8-a267-27883c234695,01d4cf1a-52c4-455c-841e-8f9cd2f47cd2,11.0,0.0,0.0,Passed,1.59859037399292
26d0e96c-7b77-4ba8-a267-27883c234695,c537e887-f1f4-4fbb-8ee4-2c3af8958bb7,11.0,0.0,0.0,Passed,1.4525645971298218
26d0e96c-7b77-4ba8-a267-27883c234695,c96f354c-b3e4-419c-ba5f-66e462691b75,11.0,26.0,45.0,Failed,1.4274834394454956
