Folder1,Folder2,AST Edit Distance,DFG Edit Distance,PDG Edit Distance,Passed Or Failed,ROUGE-2
f8229e48-1dd4-4a41-9464-30d24da56c0d,6cea14c4-96b6-441d-8c84-965e90cc94a9,64.0,0.0,0.0,Passed,0.6428571428571429
f8229e48-1dd4-4a41-9464-30d24da56c0d,db2e9212-3cec-4595-a29f-8557217ac272,50.0,50.0,79.0,Passed,0.6428571428571429
f8229e48-1dd4-4a41-9464-30d24da56c0d,589828d8-f97f-4ac6-86e5-34e0fccd27c6,64.0,0.0,0.0,Passed,0.5714285714285714
f8229e48-1dd4-4a41-9464-30d24da56c0d,c4ae7ad4-fd18-47cf-8a2f-8c6b10c129b3,20.0,64.0,95.0,Passed,0.5714285714285714
f8229e48-1dd4-4a41-9464-30d24da56c0d,a5b9784a-6a45-4feb-b3e3-3b20e06219bd,51.0,53.0,77.0,Passed,0.42857142857142855
f8229e48-1dd4-4a41-9464-30d24da56c0d,d158ef51-3f39-4230-9784-d03e64187d2b,62.0,60.0,91.0,Failed,0.42857142857142855
