Folder1,Folder2,AST Edit Distance,DFG Edit Distance,PDG Edit Distance,Passed Or Failed,BLEU score
11fbbecf-0854-4a9e-bfa2-484a21253090,4b4e481d-a275-47a0-8584-3d2ec3116b9f,0.0,0.0,0.0,Passed,0.5374512308135863
11fbbecf-0854-4a9e-bfa2-484a21253090,fe4caa56-6b39-4f8c-bcc0-cf8fd9d6fc36,1.0,0.0,0.0,Failed,0.5218563005079391
