Folder1,Folder2,AST Edit Distance,DFG Edit Distance,PDG Edit Distance,Passed Or Failed,Similarity Score during Execution
7aa05129-d80d-4290-a18f-be75df04af8b,da8925cf-b267-4475-a11a-20bb4cca1f5f,5.0,44.0,83.0,Passed,1.1409263610839844
7aa05129-d80d-4290-a18f-be75df04af8b,d93836ee-ab2a-4423-ba73-44fef27eddc6,18.0,0.0,0.0,Passed,1.1372495889663696
7aa05129-d80d-4290-a18f-be75df04af8b,75c21f85-4877-4ea2-bf2b-a5aa93f21f14,4.0,0.0,0.0,Passed,1.0681182146072388
7aa05129-d80d-4290-a18f-be75df04af8b,97ba568a-5a8d-44a1-98d0-45d2a0858e95,19.0,0.0,0.0,Passed,1.0429229736328125
7aa05129-d80d-4290-a18f-be75df04af8b,a486de7f-fbdd-4808-be1c-d0888ce3d0ef,5.0,52.0,79.0,Failed,1.0349807739257812
