Folder1,Folder2,AST Edit Distance,DFG Edit Distance,PDG Edit Distance,Passed Or Failed,Meteor Score
044bd72b-a426-41ff-a99a-b7f83aaf6f1b,18509d81-fb1a-42ac-bdd5-0d21bc64e51c,16.0,55.0,82.0,Passed,0.41213868559177935
044bd72b-a426-41ff-a99a-b7f83aaf6f1b,caf04f76-b0be-4b79-a3ff-339418bd19e7,44.0,0.0,0.0,Passed,0.3185815868263473
044bd72b-a426-41ff-a99a-b7f83aaf6f1b,a7910463-0bed-4428-a256-57dc27436302,31.0,116.0,178.0,Failed,0.28718074055969695
