Folder1,Folder2,AST Edit Distance,DFG Edit Distance,PDG Edit Distance,Passed Or Failed,Similarity Score during Execution
1a8d38cf-b76c-4d08-bfc4-d505e74ea07e,d8fe1e24-c2b3-4fdc-b8c7-faf935360f5a,6.0,0.0,0.0,Passed,1.5495274066925049
1a8d38cf-b76c-4d08-bfc4-d505e74ea07e,6acc5e7a-aba9-483e-8ed5-291f4f44b2b0,6.0,0.0,0.0,Passed,1.4714246988296509
1a8d38cf-b76c-4d08-bfc4-d505e74ea07e,1ca55152-6544-4990-abf6-20d89b82b7fc,27.0,0.0,0.0,Failed,1.2704793214797974
